17746	1602
17746	1603
17746	1604
17746	1605
17746	1606
17746	1607
17746	1608
17746	1609
17746	1610
17746	1611
17746	1612
17746	1613
17746	1614
17746	1615
17746	1616
17746	1617
17746	1618
17746	1619
17746	1620
17746	1621
17746	1622
17746	1623
17746	1624
17746	1625
17746	1626
17746	1627
17746	1628
17746	1629
17746	1630
17746	1631
17746	1632
17746	1633
17746	1634
17746	1635
17746	1636
17746	1637
17746	1638
17746	1639
17746	1640
17746	1641
17746	1642
17746	1643
17746	4662
17746	4663
17746	4664
17746	4665
17746	4666
17746	4667
17746	4668
17746	4669
17746	4670
17746	4671
17746	4672
17746	4673
17746	4674
17746	4675
17746	4676
17746	4677
17746	4678
17746	4679
17746	4680
17746	4681
17746	4682
17746	4683
17746	4684
17746	4685
17746	4686
17746	4687
17746	4688
17746	4689
17746	4690
17746	4691
17746	4692
17746	4693
17746	4694
17746	4695
17746	4696
17746	4697
17746	4698
17746	4699
17746	4700
17746	4701
17746	4702
17746	4703
17746	4704
17746	4705
17746	4706
17746	4707
17746	4708
17746	4709
17746	4710
17746	4711
17746	4712
17746	4713
17746	4714
17746	4715
17746	4716
17746	4717
17746	4718
17746	4719
17746	4720
17746	4721
17746	4722
17746	4723
17746	4724
17746	4725
17746	4726
17746	4727
17746	4728
17746	4729
17746	4730
17746	4731
17746	4732
17746	4733
17746	4734
17746	4735
17746	4736
17746	4737
17746	4738
17746	4739
17746	4740
17746	4741
17746	4742
17746	4743
17746	4744
17746	4745
17746	4746
17746	4747
17746	4748
17746	4749
17746	4750
17746	4751
17747	2482
17747	2483
17747	2484
17747	2485
17747	2486
17747	2487
17747	2488
17747	2489
17747	2490
17747	2491
17747	2492
17747	2493
17747	2494
17747	2495
17747	2496
17747	2497
17747	2498
17747	2499
17747	2500
17747	2501
17747	2502
17747	2503
17747	2504
17747	2505
17747	2506
17747	2507
17747	2508
17747	2509
17747	2510
17747	2511
17747	2512
17747	2513
17747	2514
17747	2515
17747	2516
17747	2517
17747	2518
17747	2519
17747	2520
17747	3752
17747	3753
17747	3754
17747	3755
17747	3756
17747	3757
17747	3758
17747	3759
17747	3760
17747	3761
17747	3762
17747	3763
17747	3764
17747	3765
17747	3766
17747	3767
17747	3768
17747	3769
17747	3770
17747	3771
17747	3772
17747	3773
17747	3774
17747	3775
17747	3776
17747	3777
17747	3778
17747	3779
17747	3780
17747	3781
17747	3782
17747	3783
17747	3784
17747	3785
17747	3786
17747	3787
17747	3788
17747	3789
17747	3790
17747	3791
17747	3792
17747	3793
17747	3794
17747	3795
17747	3796
17747	3797
17747	3798
17747	3799
17747	3800
17747	3801
17747	3802
17747	3803
17747	3804
17747	3805
17747	3806
17747	3807
17747	3808
17747	3809
17747	3810
17747	3811
17747	6600
17747	6601
17747	6602
17747	6603
17747	6604
17747	6605
17747	6606
17747	6607
17747	6608
17747	6609
17747	6610
17747	6611
17747	6612
17747	6613
17747	6614
17747	6615
17747	6616
17747	6617
17747	6618
17747	6619
17747	6620
17747	6621
17747	6622
17747	6623
17747	6624
17747	6625
17747	6626
17747	6627
17747	6628
17747	6629
17747	6780
17747	6781
17747	6782
17747	6783
17747	6784
17747	6785
17747	6786
17747	6787
17747	6788
17747	6789
17747	6790
17747	6791
17747	6792
17747	6793
17747	6794
17747	6795
17747	6796
17747	6797
17747	6798
17747	6799
17747	6800
17747	6801
17747	6802
17747	6803
17747	6804
17747	6805
17747	6806
17747	6807
17747	6808
17747	15806
17747	15807
17747	15808
17747	15809
17747	15810
17747	15811
17747	15812
17747	15813
17747	15814
17747	15815
17747	15816
17747	15817
17747	15818
17747	15819
17747	15820
17747	15821
17747	15822
17747	15823
17747	15824
17747	15825
17747	15826
17747	15827
17747	15828
17747	15829
17747	15830
17747	15831
17747	15832
17747	15833
17747	15834
17747	15835
17747	15836
17747	15837
17747	15838
17747	15839
17747	15840
17747	15841
17747	15842
17747	15843
17747	15844
17747	15845
17747	16294
17747	16295
17747	16296
17747	16297
17747	16298
17747	16299
17747	16300
17747	16301
17747	16302
17747	16303
17747	16304
17747	16305
17747	16306
17747	16307
17747	16308
17747	16309
17747	16310
17747	16311
17747	16312
17747	16313
17747	16314
17747	16315
17747	16316
17747	16317
17747	16318
17747	16319
17747	16320
17747	16321
17747	16322
17747	16323
17747	16324
17747	16325
17747	16326
17747	16327
17747	16328
17747	16329
17747	16330
17747	16331
17747	16332
17747	16333
17747	16334
17747	16335
17747	16336
17747	16337
17747	16338
17747	16339
17747	16340
17747	16341
17747	16342
17747	16343
17747	16344
17747	16345
17747	16346
17747	16347
17747	16348
17747	16349
17747	16350
17747	16351
17747	16352
17747	16353
17747	16354
17747	16355
17747	16356
17747	16357
17747	16358
17747	16359
17747	16360
17747	16361
17747	16362
17747	16363
17747	16364
17747	16365
17747	16366
17747	16367
17747	16368
17747	16369
17747	16370
17747	16371
17747	16372
17747	16373
17747	16374
17747	16375
17747	16376
17747	16377
17747	16378
17747	16379
17747	16380
17747	16381
17747	16382
17747	16383
17747	16384
17747	16385
17747	16386
17747	16387
17747	16388
17747	16389
17747	16390
17747	16391
17747	16392
17747	16393
17748	4621
17748	4622
17748	4623
17748	4624
17748	4625
17748	4626
17748	4627
17748	4628
17748	4629
17748	4630
17748	4631
17748	4632
17748	4633
17748	4634
17748	4635
17748	4636
17748	4637
17748	4638
17748	4639
17748	4640
17748	4641
17748	4642
17748	4643
17748	4644
17748	4645
17748	4646
17748	4647
17748	4648
17748	4649
17748	4650
17748	4651
17748	4652
17748	4653
17748	4654
17748	4655
17748	4656
17748	4657
17748	4658
17748	4659
17748	4660
17748	4661
17748	6503
17748	6504
17748	6505
17748	6506
17748	6507
17748	6508
17748	6509
17748	16014
17748	16015
17748	16016
17748	16017
17748	16018
17748	16019
17748	16020
17748	16021
17748	16022
17748	16023
17748	16024
17748	16025
17748	16026
17748	16027
17748	16028
17748	16029
17748	16030
17748	16031
17748	16032
17748	16033
17748	16034
17748	16035
17748	16036
17748	16037
17748	16038
17748	16039
17748	16040
17748	16041
17748	16042
17748	16043
17748	16044
17748	16045
17748	16046
17748	16047
17748	16048
17748	16049
17748	16050
17748	16051
17748	16052
17748	16053
17748	16054
17748	16055
17748	16056
17748	16057
17748	16058
17748	16059
17748	16060
17748	16061
17748	16062
17748	16063
17748	16064
17748	16065
17748	16066
17748	16067
17748	16068
17748	16069
17748	16070
17748	16071
17748	16072
17748	16073
17748	16074
17748	16075
17748	16076
17748	16077
17748	16078
17748	16079
17748	16080
17748	16081
17748	16082
17748	16083
17748	16084
17748	16085
17748	16086
17748	16087
17748	16088
17748	16089
17748	16090
17748	16091
17748	16092
17748	16093
17748	16094
17748	16095
17748	16096
17748	16097
17748	16098
17748	16099
17748	16100
17748	16101
17748	16102
17748	16103
17748	16104
17748	16105
17748	16106
17748	16107
17749	594
17749	6030
17749	6031
17749	6032
17749	6033
17749	6034
17749	6035
17749	6036
17749	6037
17749	6038
17749	6039
17749	6040
17749	6041
17749	6042
17749	6043
17749	6044
17749	6045
17749	6046
17749	6047
17749	6048
17749	6049
17749	6050
17749	6051
17749	6052
17749	6053
17749	6054
17749	6055
17749	6056
17749	6057
17749	6058
17749	6059
17749	6060
17749	6061
17749	6062
17749	6063
17749	6064
17749	6065
17749	6066
17749	6067
17749	6068
17749	6069
17749	6070
17749	6071
17749	6072
17749	6073
17749	6074
17749	6075
17749	6076
17749	6077
17749	6078
17749	6079
17749	6080
17749	6081
17749	6082
17749	6083
17749	6084
17749	6085
17749	6086
17749	6087
17749	6088
17749	6089
17749	6090
17749	6091
17749	6092
17749	6093
17749	6094
17749	6095
17749	6096
17749	6097
17749	6098
17749	6099
17749	6100
17749	6101
17749	6102
17749	6103
17749	6104
17749	6105
17749	6106
17749	6107
17749	6108
17749	6109
17749	6110
17749	6111
17749	6112
17749	6113
17749	6114
17749	6115
17749	6116
17749	6117
17749	6118
17749	6119
17749	6120
17749	6121
17749	6122
17749	6123
17749	6124
17749	6125
17749	6126
17749	6127
17749	6128
17749	6129
17749	6130
17749	6131
17749	6132
17749	6133
17749	6134
17749	6135
17749	6136
17749	6137
17749	6138
17749	6139
17749	6140
17749	6141
17749	6142
17749	6143
17749	6144
17749	6145
17749	6146
17749	6147
17749	6148
17749	6149
17749	6150
17749	6151
17749	6152
17749	6153
17749	6154
17749	6155
17749	6156
17749	6157
17749	6158
17749	6159
17749	6160
17749	6161
17749	6162
17749	6163
17749	6164
17749	6165
17749	6166
17749	6167
17749	6168
17749	6169
17749	6170
17749	6171
17749	6172
17749	6173
17749	6174
17749	6175
17749	6176
17749	6177
17749	6178
17749	6179
17749	6180
17749	6181
17749	6182
17749	6183
17749	6184
17749	6185
17749	6186
17749	6187
17749	6188
17749	6189
17749	6190
17749	6191
17749	6192
17749	6193
17749	6194
17749	6195
17749	6196
17749	6197
17749	6198
17749	6199
17749	6200
17749	6201
17749	6202
17749	6203
17749	6204
17749	6205
17749	6206
17749	6207
17749	6208
17749	6209
17749	6210
17749	6211
17749	6212
17749	6213
17749	6214
17749	6215
17749	6216
17749	6217
17749	6218
17749	6219
17749	6220
17749	6221
17749	6222
17749	6223
17749	6224
17749	6225
17749	6226
17749	6227
17749	6228
17749	6229
17749	6230
17749	6231
17749	6232
17749	6233
17749	6234
17749	6235
17749	6236
17749	6237
17749	6238
17749	6239
17749	6240
17749	6241
17749	6242
17749	6243
17749	6244
17749	6245
17749	6246
17749	6247
17749	6248
17749	6249
17749	6250
17749	6251
17749	6252
17749	6253
17749	6254
17749	6255
17749	6256
17749	6257
17749	6258
17749	6259
17749	6260
17749	6261
17749	6262
17749	6263
17749	6264
17749	6265
17749	6266
17749	6267
17749	6268
17749	6269
17749	6270
17749	6271
17749	6272
17749	6273
17749	6274
17749	6275
17749	6276
17749	6277
17749	6278
17749	6279
17749	6280
17749	6281
17749	6282
17749	6283
17749	6284
17749	6285
17749	6286
17749	6287
17749	6288
17749	6289
17749	6290
17749	6291
17749	6292
17749	6293
17749	6294
17749	6295
17749	6296
17749	6297
17749	6298
17749	6299
17749	6300
17749	6301
17749	6302
17749	6303
17749	6304
17749	6305
17749	6306
17749	6307
17749	6308
17749	6309
17749	6310
17749	6311
17749	6312
17749	6313
17749	6314
17749	6315
17749	6316
17749	6317
17749	6318
17749	6319
17749	6320
17749	6321
17749	6322
17749	6323
17749	6324
17749	6325
17749	6326
17749	6327
17749	6328
17749	6329
17749	6330
17749	6331
17749	6332
17749	6333
17749	6334
17749	6335
17749	6336
17749	6337
17749	6338
17749	6339
17749	6340
17749	6341
17749	6342
17749	6343
17749	6344
17749	6345
17749	6346
17749	6347
17749	6348
17749	6349
17749	6350
17749	6351
17749	6352
17749	8190
17749	8191
17749	8192
17749	8193
17749	8194
17749	8195
17749	8196
17749	8197
17749	8198
17749	8199
17749	8200
17749	8201
17749	8202
17749	8203
17749	8204
17749	8205
17749	8206
17749	8207
17749	8208
17749	8209
17749	8210
17749	8211
17749	8212
17749	8213
17749	8214
17749	8215
17749	8216
17749	8217
17749	8218
17750	1522
17750	1523
17750	1524
17750	1525
17750	1526
17750	1527
17750	1528
17750	1529
17750	1530
17750	1531
17750	1532
17750	1533
17750	1534
17750	1535
17750	1536
17750	1537
17750	1538
17750	1539
17750	1540
17750	1541
17750	1542
17750	1543
17750	1544
17750	1545
17750	1546
17750	1547
17750	1548
17750	1549
17750	1550
17750	1551
17750	1552
17750	1553
17750	1554
17750	1555
17750	1556
17750	1557
17750	1558
17750	1559
17750	1560
17750	1561
17750	4121
17750	4122
17750	4123
17750	4124
17750	4125
17750	4126
17750	4127
17750	4128
17750	4129
17750	4130
17750	4131
17750	4132
17750	4133
17750	4134
17750	4135
17750	4136
17750	4137
17750	4138
17750	4139
17750	4140
17750	4141
17750	4142
17750	4143
17750	4144
17750	4145
17750	4146
17750	4147
17750	4148
17750	4149
17750	4150
17750	6353
17750	6354
17750	6355
17750	6356
17750	6357
17750	6358
17750	6359
17750	6360
17750	6361
17750	6362
17750	6363
17750	6364
17750	6365
17750	6366
17750	6367
17750	6368
17750	6369
17750	6370
17750	6371
17750	6372
17750	6373
17750	6374
17750	6375
17750	6376
17750	6377
17750	6378
17750	6379
17750	6380
17750	6381
17750	6382
17750	16206
17750	16207
17750	16208
17750	16209
17750	16210
17750	16211
17750	16212
17750	16213
17750	16214
17750	16215
17750	16216
17750	16217
17750	16218
17750	16219
17750	16220
17750	16221
17750	16222
17750	16223
17750	16224
17750	16225
17750	16226
17750	16227
17750	16228
17750	16229
17750	16230
17750	16231
17750	16232
17750	16233
17750	16234
17750	16235
17750	16236
17750	16237
17750	16238
17750	16239
17750	16240
17750	16241
17750	16242
17750	16243
17750	16244
17750	16245
17750	16246
17750	16247
17750	16248
17750	16249
17750	16250
17750	16251
17750	16252
17750	16253
17750	16254
17750	16255
17750	16256
17750	16257
17750	16258
17750	16259
17750	16260
17750	16261
17750	16262
17750	16263
17750	16264
17751	1562
17751	1563
17751	1564
17751	1565
17751	1566
17751	1567
17751	1568
17751	1569
17751	1570
17751	1571
17751	1572
17751	1573
17751	1574
17751	1575
17751	1576
17751	1577
17751	1578
17751	1579
17751	1580
17751	1581
17751	1582
17751	1583
17751	1584
17751	1585
17751	1586
17751	1587
17751	1588
17751	1589
17751	1590
17751	1591
17751	1592
17751	1593
17751	1594
17751	1595
17751	1596
17751	1597
17751	1598
17751	1599
17751	1600
17751	1601
17751	6630
17751	6631
17751	6632
17751	6633
17751	6634
17751	6635
17751	6636
17751	6637
17751	6638
17751	6639
17751	6640
17751	6641
17751	6642
17751	6643
17751	6644
17751	6645
17751	6646
17751	6647
17751	6648
17751	6649
17751	6650
17751	6651
17751	6652
17751	6653
17751	6654
17751	6655
17751	6656
17751	6657
17751	6658
17751	6659
17751	6660
17751	6661
17751	6662
17751	6663
17751	6664
17751	6665
17751	6666
17751	6667
17751	6668
17751	6669
17751	6670
17751	6671
17751	6672
17751	6673
17751	6674
17751	6675
17751	6676
17751	6677
17751	6678
17751	6679
17751	6680
17751	6681
17751	6682
17751	6683
17751	6684
17751	6685
17751	6686
17751	6687
17751	6688
17751	6689
17751	6690
17751	6691
17751	6692
17751	6693
17751	6694
17751	6695
17751	6696
17751	6697
17751	6698
17751	6699
17751	6700
17751	6701
17751	6702
17751	6703
17751	6704
17751	6705
17751	6706
17751	6707
17751	6708
17751	6709
17751	6710
17751	6711
17751	6712
17751	6713
17751	6714
17751	6715
17751	6716
17751	6717
17751	6718
17751	6719
17751	6720
17751	6721
17751	6722
17751	6723
17751	6724
17751	6725
17751	6726
17751	6727
17751	6728
17751	6729
17751	6730
17751	6731
17751	6732
17751	6733
17751	6734
17751	6735
17751	6736
17751	6737
17751	6738
17751	6739
17751	6740
17751	6741
17751	6742
17751	6743
17751	6744
17751	6745
17751	6746
17751	6747
17751	6748
17751	6749
17751	16394
17751	16395
17751	16396
17751	16397
17751	16398
17751	16399
17751	16400
17751	16401
17751	16402
17751	16403
17751	16404
17751	16405
17751	16406
17751	16407
17751	16408
17751	16409
17751	16410
17751	16411
17751	16412
17751	16413
17751	16414
17751	16415
17751	16416
17751	16417
17751	16418
17751	16419
17751	16420
17751	16421
17751	16422
17751	16423
17751	16424
17751	16425
17751	16426
17751	16427
17751	16428
17751	16429
17751	16430
17751	16431
17751	16432
17751	16433
17751	16434
17751	16435
17751	16436
17751	16437
17751	16438
17751	16439
17751	16440
17751	16441
17751	16442
17751	16443
17751	16444
17751	16445
17751	16446
17751	16447
17751	16448
17751	16449
17751	16450
17751	16451
17751	16452
17751	16453
17751	16454
17751	16455
17751	16456
17751	16457
17751	16458
17751	16459
17751	16460
17751	16461
17751	16462
17751	16463
17751	16464
17751	16465
17751	16466
17751	16467
17751	16468
17751	16469
17751	16470
17751	16471
17751	16472
17751	16473
17751	16474
17751	16475
17751	16476
17751	16477
17751	16478
17751	16479
17751	16480
17751	16481
17751	16482
17751	16483
17751	16484
17751	16485
17751	16486
17751	16487
17751	16488
17751	16489
17751	16490
17751	16491
17751	16492
17751	16493
17751	16494
17751	16495
17751	16496
17751	16497
17751	16498
17751	16499
17751	16500
17751	16501
17751	16502
17751	16503
17751	16504
17751	16505
17751	16506
17751	16507
17751	16508
17751	16509
17751	16510
17751	16511
17751	16512
17751	16513
17752	595
17752	596
17752	597
17752	598
17752	599
17752	600
17752	601
17752	602
17752	603
17752	604
17752	1181
17752	1182
17752	1183
17752	1184
17752	1185
17752	1186
17752	1187
17752	1188
17752	1189
17752	1190
17752	3812
17752	3813
17752	3814
17752	3815
17752	3816
17752	3817
17752	3818
17752	3819
17752	3820
17752	3821
17752	3822
17752	3823
17752	3824
17752	3825
17752	3826
17752	3827
17752	3828
17752	3829
17752	3830
17752	3831
17752	3832
17752	3833
17752	3834
17752	3835
17752	3836
17752	3837
17752	3838
17752	3839
17752	3840
17752	3841
17752	3842
17752	3843
17752	3844
17752	3845
17752	3847
17752	3848
17752	3849
17752	3850
17752	3851
17752	3852
17752	3853
17752	3854
17752	3855
17752	3856
17752	3857
17752	3858
17752	3859
17752	3860
17752	3861
17752	3862
17752	3863
17752	3864
17752	3865
17752	3866
17752	3867
17752	3868
17752	3869
17752	3947
17752	3948
17752	3949
17752	3950
17752	3951
17752	3952
17752	3953
17752	3954
17752	3955
17752	3956
17752	3957
17752	3958
17752	3959
17752	3960
17752	3961
17752	3962
17752	3963
17752	3964
17752	3965
17752	3966
17752	3967
17752	3968
17752	3969
17752	3970
17752	3971
17752	3972
17752	3973
17752	3974
17752	3975
17752	3976
17752	3977
17752	3978
17752	3979
17752	3980
17752	3981
17752	3982
17752	3983
17752	3984
17752	3985
17752	3986
17752	3987
17752	3988
17752	3989
17752	3990
17752	3991
17752	3992
17752	3993
17752	3994
17752	3995
17752	3996
17752	3997
17752	3998
17752	3999
17752	4000
17752	4001
17752	4002
17752	4003
17752	4004
17752	4005
17752	4006
17752	4007
17752	4008
17752	4009
17752	4010
17752	4011
17752	4012
17752	4013
17752	4014
17752	4015
17752	4016
17752	4017
17752	4018
17752	4019
17752	4020
17752	4021
17752	4022
17752	4023
17752	4024
17752	4025
17752	4026
17752	4027
17752	4028
17752	4029
17752	4030
17752	4031
17752	4032
17752	4033
17752	4034
17752	4035
17752	4036
17752	4037
17752	4038
17752	4039
17752	4040
17752	4041
17752	4042
17752	4043
17752	4044
17752	4045
17752	4046
17752	4047
17752	4048
17752	4049
17752	4050
17752	4051
17752	4052
17752	4053
17752	4054
17752	4055
17752	4056
17752	4057
17752	4058
17752	4059
17752	4060
17752	4061
17752	4062
17752	4063
17752	4064
17752	4065
17752	4066
17752	4067
17752	4068
17752	4069
17752	4070
17752	4071
17752	4072
17752	4073
17752	4074
17752	4075
17752	4076
17752	4077
17752	4078
17752	4079
17752	4080
17752	4081
17752	4082
17752	4083
17752	4084
17752	4085
17752	4086
17752	4087
17752	4088
17752	4089
17752	4090
17752	4091
17752	4092
17752	4093
17752	4094
17752	4095
17752	4096
17752	4097
17752	4098
17752	4099
17752	4100
17752	4101
17752	4102
17752	4103
17752	4104
17752	4105
17752	4106
17752	4107
17752	4108
17752	4109
17752	4110
17752	4111
17752	4112
17752	4113
17752	4114
17752	4115
17752	4116
17752	4117
17752	4118
17752	4119
17752	4120
17752	4151
17752	4152
17752	4153
17752	4154
17752	4155
17752	4156
17752	4157
17752	4158
17752	4159
17752	4160
17752	4161
17752	4162
17752	4163
17752	4164
17752	4165
17752	4166
17752	4167
17752	4168
17752	4169
17752	4170
17752	4171
17752	4172
17752	4173
17752	4174
17752	4175
17752	4176
17752	4177
17752	4178
17752	4179
17752	4180
17752	4181
17752	4182
17752	4183
17752	4184
17752	4185
17752	4186
17752	4187
17752	4188
17752	4189
17752	4190
17752	4191
17752	4192
17752	4193
17752	4194
17752	4195
17752	4196
17752	4197
17752	4198
17752	4199
17752	4200
17752	4201
17752	4202
17752	4203
17752	4204
17752	4205
17752	4206
17752	4207
17752	4208
17752	4209
17752	4210
17752	4211
17752	4212
17752	4213
17752	4214
17752	4215
17752	4216
17752	4217
17752	4218
17752	4219
17752	4220
17752	4221
17752	4222
17752	4223
17752	4224
17752	4225
17752	4226
17752	4404
17752	4405
17752	4406
17752	4407
17752	4408
17752	4409
17752	4410
17752	4411
17752	4412
17752	4413
17752	4414
17752	4415
17752	4416
17752	4417
17752	4418
17752	4419
17752	4420
17752	4421
17752	4422
17752	4423
17752	4424
17752	4425
17752	4426
17752	4427
17752	4428
17752	4429
17752	4430
17752	4431
17752	4432
17752	4433
17752	4434
17752	4435
17752	4436
17752	4437
17752	4438
17752	4439
17752	4440
17752	4441
17752	4442
17752	4443
17752	6383
17752	6384
17752	6385
17752	6386
17752	6387
17752	6388
17752	6389
17752	6390
17752	6391
17752	6392
17752	6393
17752	6394
17752	6395
17752	6396
17752	6397
17752	6398
17752	6399
17752	6400
17752	6401
17752	6402
17752	6403
17752	6404
17752	6405
17752	6406
17752	6407
17752	6408
17752	6409
17752	6410
17752	6411
17752	6412
17752	6413
17752	6414
17752	6415
17752	6416
17752	6417
17752	6418
17752	6419
17752	6420
17752	6421
17752	6422
17752	6423
17752	6424
17752	6425
17752	6426
17752	6427
17752	6428
17752	6429
17752	6430
17752	6431
17752	6432
17752	6433
17752	6434
17752	6435
17752	6436
17752	6437
17752	6438
17752	6439
17752	6440
17752	6441
17752	6442
17752	6443
17752	6444
17752	6445
17752	6446
17752	6447
17752	6448
17752	6449
17752	6450
17752	6451
17752	6452
17752	6453
17752	6454
17752	6455
17752	6456
17752	6457
17752	6458
17752	6459
17752	6460
17752	6461
17752	6462
17752	6463
17752	6464
17752	6465
17752	6466
17752	6467
17752	6468
17752	6469
17752	6470
17752	6471
17752	6472
17752	6473
17752	6474
17752	6475
17752	6476
17752	6477
17752	6478
17752	6479
17752	6480
17752	6481
17752	6482
17752	6483
17752	6484
17752	6485
17752	6486
17752	6487
17752	6488
17752	6489
17752	6490
17752	6491
17752	6492
17752	6493
17752	6494
17752	6495
17752	6496
17752	6497
17752	6498
17752	6499
17752	6500
17752	6501
17752	6502
17752	6750
17752	6751
17752	6752
17752	6753
17752	6754
17752	6755
17752	6756
17752	6757
17752	6758
17752	6759
17752	6760
17752	6761
17752	6762
17752	6763
17752	6764
17752	6765
17752	6766
17752	6767
17752	6768
17752	6769
17752	6770
17752	6771
17752	6772
17752	6773
17752	6774
17752	6775
17752	6776
17752	6777
17752	6778
17752	6779
17752	9150
17752	9151
17752	9152
17752	9153
17752	9154
17752	9155
17752	9156
17752	9157
17752	9158
17752	9159
17752	9160
17752	9161
17752	9162
17752	9163
17752	9164
17752	9165
17752	9166
17752	9167
17752	9168
17752	9169
17752	9170
17752	9171
17752	9172
17752	9173
17752	9174
17752	9175
17752	9176
17752	9177
17752	9178
17753	3692
17753	3693
17753	3694
17753	3695
17753	3696
17753	3697
17753	3698
17753	3699
17753	3700
17753	3701
17753	3702
17753	3703
17753	3704
17753	3705
17753	3706
17753	3707
17753	3708
17753	3709
17753	3710
17753	3711
17753	3712
17753	3713
17753	3714
17753	3715
17753	3716
17753	3717
17753	3718
17753	3719
17753	3720
17753	3721
17753	3722
17753	3723
17753	3724
17753	3725
17753	3726
17753	3727
17753	3728
17753	3729
17753	3730
17753	3731
17753	3732
17753	3733
17753	3734
17753	3735
17753	3736
17753	3737
17753	3738
17753	3739
17753	3740
17753	3741
17753	3742
17753	3743
17753	3744
17753	3745
17753	3746
17753	3747
17753	3748
17753	3749
17753	3750
17753	3751
17753	6540
17753	6541
17753	6542
17753	6543
17753	6544
17753	6545
17753	6546
17753	6547
17753	6548
17753	6549
17753	6550
17753	6551
17753	6552
17753	6553
17753	6554
17753	6555
17753	6556
17753	6557
17753	6558
17753	6559
17753	6560
17753	6561
17753	6562
17753	6563
17753	6564
17753	6565
17753	6566
17753	6567
17753	6568
17753	6569
17753	6570
17753	6571
17753	6572
17753	6573
17753	6574
17753	6575
17753	6576
17753	6577
17753	6578
17753	6579
17753	6580
17753	6581
17753	6582
17753	6583
17753	6584
17753	6585
17753	6586
17753	6587
17753	6588
17753	6589
17753	6590
17753	6591
17753	6592
17753	6593
17753	6594
17753	6595
17753	6596
17753	6597
17753	6598
17753	6599
17753	16108
17753	16109
17753	16110
17753	16111
17753	16112
17753	16113
17753	16114
17753	16115
17753	16116
17753	16117
17753	16118
17753	16119
17753	16120
17753	16121
17753	16122
17753	16123
17753	16124
17753	16125
17753	16126
17753	16127
17753	16128
17753	16129
17753	16130
17753	16131
17753	16132
17753	16133
17753	16134
17753	16135
17753	16136
17753	16137
17753	16138
17753	16139
17753	16140
17753	16141
17753	16142
17753	16143
17753	16144
17753	16145
17753	16146
17753	16147
17753	16148
17753	16149
17753	16150
17753	16151
17753	16152
17753	16153
17753	16154
17753	16155
17753	16156
17753	16157
17753	16158
17753	16159
17753	16160
17753	16161
17753	16162
17753	16163
17753	16164
17753	16165
17753	16166
17753	16167
17753	16168
17753	16169
17753	16170
17753	16171
17753	16172
17753	16173
17753	16174
17753	16175
17753	16176
17753	16177
17753	16178
17753	16179
17753	16180
17753	16181
17753	16182
17753	16183
17753	16184
17753	16185
17753	16186
17753	16187
17753	16188
17753	16189
17753	16190
17753	16191
17753	16192
17753	16193
17753	16194
17753	16195
17753	16196
17753	16197
17753	16198
17753	16199
17753	16200
17753	16201
17753	16202
17753	16203
17753	16204
17753	16205
17754	1592
17754	1593
17754	1594
17754	1595
17754	1596
17754	1597
17754	1598
17754	1599
17754	1600
17754	1601
17754	4151
17754	4152
17754	4153
17754	4154
17754	4155
17754	4156
17754	4157
17754	4158
17754	4159
17754	4160
17754	4161
17754	4162
17754	4163
17754	4164
17754	4165
17754	4166
17754	4167
17754	4168
17754	4169
17754	4170
17754	4171
17754	4172
17754	4173
17754	4174
17754	4175
17754	4176
17754	4177
17754	4178
17754	4179
17754	4180
17754	4427
17754	4428
17754	4429
17754	4430
17754	4431
17754	4432
17754	4433
17754	4434
17754	4435
17754	4436
17754	4437
17754	4438
17754	4439
17754	4440
17754	4441
17754	4442
17754	4443
17754	6630
17754	6631
17754	6632
17754	6633
17754	6634
17754	6635
17754	6636
17754	6637
17754	6638
17754	6639
17754	6640
17754	6641
17754	6642
17754	6643
17754	6644
17754	6645
17754	6646
17754	6647
17754	6648
17754	6649
17754	6650
17754	6651
17754	6652
17754	6653
17754	6654
17754	6655
17754	6656
17754	6657
17754	6658
17754	6659
17754	6720
17754	6721
17754	6722
17754	6723
17754	6724
17754	6725
17754	6726
17754	6727
17754	6728
17754	6729
17754	6730
17754	6731
17754	6732
17754	6733
17754	6734
17754	6735
17754	6736
17754	6737
17754	6738
17754	6739
17754	6740
17754	6741
17754	6742
17754	6743
17754	6744
17754	6745
17754	6746
17754	6747
17754	6748
17754	6749
17754	15283
17754	15284
17754	15285
17754	15286
17754	15287
17754	15288
17754	15289
17754	15290
17754	15291
17754	15292
17754	15293
17754	15294
17754	15295
17754	15296
17754	15297
17754	15298
17754	15299
17754	15300
17754	15301
17754	15302
17754	15303
17754	15304
17754	15305
17754	15306
17754	15307
17754	15308
17754	15309
17754	15310
17754	15311
17754	15312
17754	15382
17754	15383
17754	15384
17754	15385
17754	15386
17754	15387
17754	15388
17754	15389
17754	15390
17754	15391
17754	15392
17754	15393
17754	15394
17754	15395
17754	15396
17754	15397
17754	15398
17754	15399
17754	15400
17754	15401
17754	15402
17754	15403
17754	15404
17754	15405
17754	15406
17754	15407
17754	15408
17754	15409
17754	15410
17754	15411
17754	15660
17754	15661
17754	15662
17754	15663
17754	15664
17754	15665
17754	15666
17754	15667
17754	15668
17754	15669
17754	15690
17754	15691
17754	15692
17754	15693
17754	15694
17754	15695
17754	15696
17754	15697
17754	15698
17754	15699
17754	16484
17754	16485
17754	16486
17754	16487
17754	16488
17754	16489
17754	16490
17754	16491
17754	16492
17754	16493
17754	16494
17754	16495
17754	16496
17754	16497
17754	16498
17754	16499
17754	16500
17754	16501
17754	16502
17754	16503
17754	16504
17754	16505
17754	16506
17754	16507
17754	16508
17754	16509
17754	16510
17754	16511
17754	16512
17754	16513
17755	1562
17755	1563
17755	1564
17755	1565
17755	1566
17755	1567
17755	1568
17755	1569
17755	1570
17755	1571
17755	4181
17755	4182
17755	4183
17755	4184
17755	4185
17755	4186
17755	4187
17755	4188
17755	4189
17755	4190
17755	4191
17755	4192
17755	4193
17755	4194
17755	4195
17755	4196
17755	4197
17755	4198
17755	4199
17755	4200
17755	4201
17755	4202
17755	4662
17755	4663
17755	4664
17755	4665
17755	4666
17755	4667
17755	4668
17755	4669
17755	4670
17755	4671
17755	4672
17755	4673
17755	4674
17755	4675
17755	4676
17755	4677
17755	4678
17755	4679
17755	4680
17755	4681
17755	4682
17755	4683
17755	4684
17755	4685
17755	4686
17755	4687
17755	4688
17755	4689
17755	4690
17755	4691
17755	4692
17755	4693
17755	4694
17755	4695
17755	4696
17755	4697
17755	4698
17755	4699
17755	4700
17755	4701
17755	4702
17755	4703
17755	4704
17755	4705
17755	4706
17755	4707
17755	4708
17755	4709
17755	4710
17755	4711
17755	4712
17755	4713
17755	4714
17755	4715
17755	4716
17755	4717
17755	4718
17755	4719
17755	4720
17755	4721
17755	6383
17755	6384
17755	6385
17755	6386
17755	6387
17755	6388
17755	6389
17755	6390
17755	6391
17755	6392
17755	6393
17755	6394
17755	6395
17755	6396
17755	6397
17755	6398
17755	6399
17755	6400
17755	6401
17755	6402
17755	6403
17755	6404
17755	6405
17755	6406
17755	6407
17755	6408
17755	6409
17755	6410
17755	6411
17755	6412
17755	6413
17755	6414
17755	6415
17755	6416
17755	6417
17755	6418
17755	6419
17755	6420
17755	6421
17755	6422
17755	6423
17755	6424
17755	6425
17755	6426
17755	6427
17755	6428
17755	6429
17755	6430
17755	6431
17755	6432
17755	6433
17755	6434
17755	6435
17755	6436
17755	6437
17755	6438
17755	6439
17755	6440
17755	6441
17755	6442
17755	15313
17755	15314
17755	15315
17755	15316
17755	15317
17755	15318
17755	15319
17755	15320
17755	15321
17755	15322
17755	15323
17755	15324
17755	15325
17755	15326
17755	15327
17755	15328
17755	15329
17755	15330
17755	15331
17755	15332
17755	15333
17755	15334
17755	15335
17755	15336
17755	15337
17755	15338
17755	15339
17755	15340
17755	15341
17755	15342
17755	15343
17755	15344
17755	15345
17755	15346
17755	15347
17755	15348
17755	15349
17755	15350
17755	15351
17755	15352
17755	15353
17755	15354
17755	15355
17755	15356
17755	15357
17755	15358
17755	15359
17755	15360
17755	15361
17755	15362
17755	15363
17755	15364
17755	15365
17755	15366
17755	15367
17755	15368
17755	15369
17755	15370
17755	15371
17755	15372
17755	15373
17755	15374
17755	15375
17755	15376
17755	15377
17755	15378
17755	15379
17755	15380
17755	15381
17755	15412
17755	15413
17755	15414
17755	15415
17755	15416
17755	15417
17755	15418
17755	15419
17755	15420
17755	15421
17755	15422
17755	15423
17755	15424
17755	15425
17755	15426
17755	15427
17755	15428
17755	15429
17755	15430
17755	15431
17755	15432
17755	15433
17755	15434
17755	15435
17755	15436
17755	15437
17755	15438
17755	15439
17755	15440
17755	15441
17755	15442
17755	15443
17755	15444
17755	15445
17755	15446
17755	15447
17755	15448
17755	15449
17755	15450
17755	15451
17755	15452
17755	15453
17755	15454
17755	15455
17755	15456
17755	15457
17755	15458
17755	15459
17755	15460
17755	15461
17755	15462
17755	15463
17755	15464
17755	15465
17755	15466
17755	15467
17755	15468
17755	15469
17755	15470
17755	15471
17755	15670
17755	15671
17755	15672
17755	15673
17755	15674
17755	15675
17755	15676
17755	15677
17755	15678
17755	15679
17755	15680
17755	15681
17755	15682
17755	15683
17755	15684
17755	15685
17755	15686
17755	15687
17755	15688
17755	15689
17755	15700
17755	15701
17755	15702
17755	15703
17755	15704
17755	15705
17755	15706
17755	15707
17755	15708
17755	15709
17755	15710
17755	15711
17755	15712
17755	15713
17755	15714
17755	15715
17755	15716
17755	15717
17755	15718
17755	15719
17755	16394
17755	16395
17755	16396
17755	16397
17755	16398
17755	16399
17755	16400
17755	16401
17755	16402
17755	16403
17755	16404
17755	16405
17755	16406
17755	16407
17755	16408
17755	16409
17755	16410
17755	16411
17755	16412
17755	16413
17755	16414
17755	16415
17755	16416
17755	16417
17755	16418
17755	16419
17755	16420
17755	16421
17755	16422
17755	16423
17756	1582
17756	1583
17756	1584
17756	1585
17756	1586
17756	1587
17756	1588
17756	1589
17756	1590
17756	1591
17756	4404
17756	4405
17756	4406
17756	4407
17756	4408
17756	4409
17756	4410
17756	4411
17756	4412
17756	4413
17756	4414
17756	4415
17756	4416
17756	4417
17756	4418
17756	4419
17756	4420
17756	4421
17756	4422
17756	4423
17756	4424
17756	4425
17756	4426
17756	6473
17756	6474
17756	6475
17756	6476
17756	6477
17756	6478
17756	6479
17756	6480
17756	6481
17756	6482
17756	6483
17756	6484
17756	6485
17756	6486
17756	6487
17756	6488
17756	6489
17756	6490
17756	6491
17756	6492
17756	6493
17756	6494
17756	6495
17756	6496
17756	6497
17756	6498
17756	6499
17756	6500
17756	6501
17756	6502
17756	6690
17756	6691
17756	6692
17756	6693
17756	6694
17756	6695
17756	6696
17756	6697
17756	6698
17756	6699
17756	6700
17756	6701
17756	6702
17756	6703
17756	6704
17756	6705
17756	6706
17756	6707
17756	6708
17756	6709
17756	6710
17756	6711
17756	6712
17756	6713
17756	6714
17756	6715
17756	6716
17756	6717
17756	6718
17756	6719
17756	16454
17756	16455
17756	16456
17756	16457
17756	16458
17756	16459
17756	16460
17756	16461
17756	16462
17756	16463
17756	16464
17756	16465
17756	16466
17756	16467
17756	16468
17756	16469
17756	16470
17756	16471
17756	16472
17756	16473
17756	16474
17756	16475
17756	16476
17756	16477
17756	16478
17756	16479
17756	16480
17756	16481
17756	16482
17756	16483
17757	1572
17757	1573
17757	1574
17757	1575
17757	1576
17757	1577
17757	1578
17757	1579
17757	1580
17757	1581
17757	1602
17757	1603
17757	1604
17757	1605
17757	1606
17757	1607
17757	1608
17757	1609
17757	1610
17757	1611
17757	1612
17757	1613
17757	1614
17757	1615
17757	4203
17757	4204
17757	4205
17757	4206
17757	4207
17757	4208
17757	4209
17757	4210
17757	4211
17757	4212
17757	4213
17757	4214
17757	4215
17757	4216
17757	4217
17757	4218
17757	4219
17757	4220
17757	4221
17757	4222
17757	4223
17757	4224
17757	4225
17757	4226
17757	4722
17757	4723
17757	4724
17757	4725
17757	4726
17757	4727
17757	4728
17757	4729
17757	4730
17757	4731
17757	4732
17757	4733
17757	4734
17757	4735
17757	4736
17757	4737
17757	4738
17757	4739
17757	4740
17757	4741
17757	4742
17757	4743
17757	4744
17757	4745
17757	4746
17757	4747
17757	4748
17757	4749
17757	4750
17757	4751
17757	6443
17757	6444
17757	6445
17757	6446
17757	6447
17757	6448
17757	6449
17757	6450
17757	6451
17757	6452
17757	6453
17757	6454
17757	6455
17757	6456
17757	6457
17757	6458
17757	6459
17757	6460
17757	6461
17757	6462
17757	6463
17757	6464
17757	6465
17757	6466
17757	6467
17757	6468
17757	6469
17757	6470
17757	6471
17757	6472
17757	6660
17757	6661
17757	6662
17757	6663
17757	6664
17757	6665
17757	6666
17757	6667
17757	6668
17757	6669
17757	6670
17757	6671
17757	6672
17757	6673
17757	6674
17757	6675
17757	6676
17757	6677
17757	6678
17757	6679
17757	6680
17757	6681
17757	6682
17757	6683
17757	6684
17757	6685
17757	6686
17757	6687
17757	6688
17757	6689
17757	15846
17757	15847
17757	15848
17757	15849
17757	15850
17757	15851
17757	15852
17757	15853
17757	15854
17757	15855
17757	15856
17757	15857
17757	15858
17757	15859
17757	15860
17757	15861
17757	15862
17757	15863
17757	15864
17757	15865
17757	15866
17757	15867
17757	15868
17757	15869
17757	15870
17757	15871
17757	15872
17757	15873
17757	15874
17757	15875
17757	15876
17757	15877
17757	15878
17757	15879
17757	15880
17757	15881
17757	15882
17757	15883
17757	15884
17757	15885
17757	15886
17757	15887
17757	15888
17757	15889
17757	15890
17757	15891
17757	15892
17757	15893
17757	15894
17757	15895
17757	15896
17757	15897
17757	15898
17757	15899
17757	15900
17757	15901
17757	15902
17757	15903
17757	15904
17757	15905
17757	15906
17757	15907
17757	15908
17757	15909
17757	15910
17757	15911
17757	15912
17757	15913
17757	15914
17757	15915
17757	15916
17757	15917
17757	15918
17757	15919
17757	15920
17757	15921
17757	15922
17757	15923
17757	16424
17757	16425
17757	16426
17757	16427
17757	16428
17757	16429
17757	16430
17757	16431
17757	16432
17757	16433
17757	16434
17757	16435
17757	16436
17757	16437
17757	16438
17757	16439
17757	16440
17757	16441
17757	16442
17757	16443
17757	16444
17757	16445
17757	16446
17757	16447
17757	16448
17757	16449
17757	16450
17757	16451
17757	16452
17757	16453
17758	652
17758	653
17758	654
17758	655
17758	656
17758	657
17758	658
17758	659
17758	660
17758	661
17758	671
17758	672
17758	673
17758	674
17758	675
17758	676
17758	677
17758	678
17758	679
17758	680
17758	1691
17758	1692
17758	1693
17758	1694
17758	1695
17758	1696
17758	1697
17758	1698
17758	1699
17758	1700
17758	1701
17758	1702
17758	1703
17758	1704
17758	1769
17758	1770
17758	1771
17758	1772
17758	1773
17758	1774
17758	1775
17758	1776
17758	1777
17758	1778
17758	1779
17758	3334
17758	3335
17758	3336
17758	3337
17758	3338
17758	3339
17758	3340
17758	3341
17758	3342
17758	3343
17758	3344
17758	3345
17758	3346
17758	3347
17758	3348
17758	3349
17758	3350
17758	3351
17758	3352
17758	3353
17758	3354
17758	3355
17758	3356
17758	3357
17758	3358
17758	3359
17758	3360
17758	3361
17758	3362
17758	3363
17758	3364
17758	3365
17758	3366
17758	3367
17758	3368
17758	3369
17758	3370
17758	3371
17758	3372
17758	3373
17758	3374
17758	3375
17758	3376
17758	3406
17758	3407
17758	3408
17758	3409
17758	3410
17758	3411
17758	3412
17758	3413
17758	3414
17758	9100
17758	9101
17758	9102
17758	9103
17758	9104
17758	9105
17758	9106
17758	9107
17758	9108
17758	9109
17758	9110
17758	9111
17758	9112
17758	9113
17758	9114
17758	9115
17758	9116
17758	9117
17758	9118
17758	9119
17758	9179
17758	9180
17758	9181
17758	9182
17758	9183
17758	9184
17758	9185
17758	9186
17758	9187
17758	9188
17758	9189
17758	9190
17758	9191
17758	9192
17758	9197
17758	9198
17758	9199
17758	9200
17758	9201
17758	9202
17758	9203
17758	9204
17758	9205
17758	9206
17758	9207
17758	9208
17758	9209
17758	9210
17758	9211
17758	9212
17758	9213
17758	9214
17758	9215
17758	9216
17758	9217
17758	9218
17758	9219
17758	9220
17758	9221
17758	9222
17758	16514
17758	16515
17758	16516
17758	16517
17758	16518
17758	16519
17758	16520
17758	16521
17758	16522
17758	16523
17758	16524
17758	16525
17758	16526
17758	16527
17758	16528
17758	16529
17758	16530
17758	16531
17758	16532
17758	16533
17758	16534
17758	16535
17758	16536
17758	16537
17758	16538
17758	16539
17758	16540
17758	16541
17758	16542
17758	16543
17758	16544
17758	16545
17758	16546
17758	16547
17758	16548
17758	16549
17758	16550
17758	16551
17758	16552
17758	16553
17758	16554
17758	16555
17758	16556
17758	16557
17758	16558
17758	16559
17758	16560
17758	16561
17758	16562
17758	16563
17758	16564
17758	16565
17758	16566
17758	16567
17758	16568
17758	16569
17758	16570
17758	16571
17758	16572
17758	16573
17758	16574
17758	16575
17758	16576
17758	16577
17758	16578
17758	16579
17758	16580
17758	16581
17758	16582
17758	16583
17758	16584
17758	16585
17758	16586
17758	16587
17758	16588
17758	16589
17758	16590
17758	16591
17758	16592
17758	16593
17758	16594
17758	16595
17758	16596
17758	16597
17758	16598
17758	16599
17758	16600
17758	16601
17758	16602
17758	16603
17758	16604
17758	16605
17758	16606
17758	16607
17758	16608
17758	16609
17758	16610
17758	16611
17758	16612
17758	16613
17759	642
17759	643
17759	644
17759	645
17759	646
17759	647
17759	648
17759	649
17759	650
17759	651
17759	652
17759	653
17759	654
17759	655
17759	656
17759	657
17759	658
17759	659
17759	660
17759	661
17759	662
17759	663
17759	664
17759	665
17759	666
17759	667
17759	668
17759	669
17759	670
17759	671
17759	672
17759	673
17759	674
17759	675
17759	676
17759	677
17759	678
17759	679
17759	680
17759	1653
17759	1654
17759	1655
17759	1656
17759	1657
17759	1658
17759	1659
17759	1660
17759	1661
17759	1662
17759	1663
17759	1664
17759	1665
17759	1666
17759	1667
17759	1668
17759	1669
17759	1670
17759	1671
17759	1672
17759	1673
17759	1674
17759	1675
17759	1676
17759	1677
17759	1678
17759	1679
17759	1680
17759	1681
17759	1682
17759	1683
17759	1684
17759	1685
17759	1686
17759	1687
17759	1688
17759	1689
17759	1690
17759	1705
17759	1706
17759	1707
17759	1708
17759	1709
17759	1710
17759	1711
17759	1712
17759	1713
17759	1714
17759	1715
17759	1716
17759	1717
17759	1718
17759	1719
17759	1720
17759	1721
17759	1722
17759	1723
17759	1724
17759	1725
17759	1726
17759	1727
17759	1728
17759	1729
17759	1730
17759	1731
17759	1732
17759	1733
17759	1734
17759	1735
17759	1736
17759	1737
17759	1738
17759	1739
17759	1740
17759	1741
17759	1742
17759	1743
17759	1744
17759	1745
17759	1746
17759	1747
17759	1748
17759	1749
17759	1750
17759	1751
17759	1752
17759	1753
17759	1754
17759	1755
17759	1756
17759	1757
17759	1758
17759	1759
17759	1760
17759	1761
17759	1762
17759	1763
17759	1764
17759	1765
17759	1766
17759	1767
17759	1768
17759	1769
17759	1770
17759	1771
17759	1772
17759	1773
17759	1774
17759	1775
17759	1776
17759	1777
17759	1778
17759	1779
17759	1780
17759	1781
17759	1782
17759	1783
17759	1784
17759	1785
17759	1786
17759	3403
17759	3404
17759	3405
17759	3406
17759	3407
17759	3408
17759	3409
17759	3410
17759	3411
17759	3412
17759	3413
17759	3414
17759	3415
17759	3416
17759	3417
17759	3418
17759	3419
17759	3420
17759	3421
17759	3422
17759	9100
17759	9101
17759	9102
17759	9103
17759	9104
17759	9105
17759	9106
17759	9107
17759	9108
17759	9109
17759	9110
17759	9111
17759	9112
17759	9113
17759	9114
17759	9115
17759	9116
17759	9117
17759	9118
17759	9119
17759	9179
17759	9180
17759	9181
17759	9182
17759	9183
17759	9184
17759	9185
17759	9186
17759	9187
17759	9188
17759	9189
17759	9190
17759	9191
17759	9192
17759	9197
17759	9198
17759	9199
17759	9200
17759	9201
17759	9202
17759	9203
17759	9204
17759	9205
17759	9206
17759	9207
17759	9208
17759	9209
17759	9210
17759	9211
17759	9212
17759	9213
17759	9214
17759	9215
17759	9216
17759	9217
17759	9218
17759	9219
17759	9220
17759	9221
17759	9222
17759	9223
17759	9224
17759	9225
17759	9226
17759	9227
17759	9228
17759	9229
17759	9230
17759	9231
17759	9232
17759	9233
17759	9234
17759	9235
17759	9236
17759	9237
17759	9238
17759	9239
17759	9240
17759	9241
17759	9242
17759	9243
17759	9244
17759	9245
17759	9246
17759	9247
17759	9248
17759	9249
17759	9250
17759	9251
17759	9252
17759	16614
17759	16615
17759	16616
17759	16617
17759	16618
17759	16619
17759	16620
17759	16621
17759	16622
17759	16623
17759	16624
17759	16625
17759	16626
17759	16627
17759	16628
17759	16629
17759	16630
17759	16631
17759	16632
17759	16633
17759	16634
17759	16635
17759	16636
17759	16637
17759	16638
17759	16639
17759	16640
17759	16641
17759	16642
17759	16643
17759	16644
17759	16645
17759	16646
17759	16647
17759	16648
17759	16649
17759	16650
17759	16651
17759	16652
17759	16653
17759	16654
17759	16655
17759	16656
17759	16657
17759	16658
17759	16659
17759	16660
17759	16661
17759	16662
17759	16663
17759	16664
17759	16665
17759	16666
17759	16667
17759	16668
17759	16669
17759	16670
17759	16671
17759	16672
17759	16673
17759	16674
17759	16675
17759	16676
17759	16677
17759	16678
17759	16679
17759	16680
17759	16681
17759	16682
17759	16683
17760	595
17760	596
17760	597
17760	598
17760	599
17760	600
17760	601
17760	602
17760	603
17760	604
17760	605
17760	606
17760	607
17760	608
17760	609
17760	610
17760	611
17760	612
17760	613
17760	614
17760	615
17760	616
17760	617
17760	618
17760	619
17760	620
17760	621
17760	622
17760	623
17760	624
17760	625
17760	626
17760	627
17760	628
17760	629
17760	630
17760	631
17760	632
17760	633
17760	634
17760	635
17760	636
17760	637
17760	638
17760	639
17760	640
17760	641
17760	997
17760	998
17760	999
17760	1000
17760	1001
17760	1002
17760	1003
17760	1004
17760	1005
17760	1006
17760	1007
17760	1008
17760	1009
17760	1010
17760	1011
17760	1012
17760	1013
17760	1014
17760	1015
17760	1016
17760	1017
17760	1018
17760	1019
17760	1020
17760	1021
17760	1022
17760	1023
17760	1024
17760	1025
17760	1026
17760	1027
17760	1028
17760	1029
17760	1030
17760	1031
17760	1032
17760	1033
17760	1034
17760	1035
17760	1036
17760	1037
17760	1038
17760	1039
17760	1040
17760	1041
17760	1042
17760	1043
17760	1044
17760	1045
17760	1046
17760	1047
17760	1048
17760	1049
17760	1050
17760	1051
17760	1052
17760	1053
17760	1054
17760	1055
17760	1056
17760	1057
17760	1058
17760	1059
17760	1060
17760	1061
17760	1062
17760	1063
17760	1064
17760	1065
17760	1066
17760	1067
17760	1068
17760	1069
17760	1070
17760	1071
17760	1072
17760	1073
17760	1074
17760	1075
17760	1076
17760	1077
17760	1078
17760	1079
17760	1080
17760	1081
17760	1082
17760	1083
17760	1084
17760	1085
17760	1086
17760	1087
17760	1088
17760	1089
17760	1090
17760	1091
17760	1092
17760	1093
17760	1094
17760	1095
17760	1096
17760	1097
17760	1098
17760	1099
17760	1100
17760	1101
17760	1102
17760	1103
17760	1104
17760	1105
17760	1106
17760	1107
17760	1108
17760	1109
17760	1110
17760	1151
17760	1152
17760	1153
17760	1154
17760	1155
17760	1156
17760	1157
17760	1158
17760	1159
17760	1160
17760	1161
17760	1162
17760	1163
17760	1164
17760	1165
17760	1166
17760	1167
17760	1168
17760	1169
17760	1170
17760	1171
17760	1172
17760	1173
17760	1174
17760	1175
17760	1176
17760	1177
17760	1178
17760	1179
17760	1180
17760	1181
17760	1182
17760	1183
17760	1184
17760	1185
17760	1186
17760	1187
17760	1188
17760	1189
17760	1190
17760	3377
17760	3378
17760	3379
17760	3380
17760	3381
17760	3382
17760	3383
17760	3384
17760	3385
17760	3386
17760	3387
17760	3388
17760	3389
17760	3390
17760	3391
17760	3392
17760	3393
17760	3394
17760	3395
17760	3396
17760	3397
17760	3398
17760	3399
17760	3400
17760	3401
17760	3402
17760	6750
17760	6751
17760	6752
17760	6753
17760	6754
17760	6755
17760	6756
17760	6757
17760	6758
17760	6759
17760	6760
17760	6761
17760	6762
17760	6763
17760	6764
17760	6765
17760	6766
17760	6767
17760	6768
17760	6769
17760	6770
17760	6771
17760	6772
17760	6773
17760	6774
17760	6775
17760	6776
17760	6777
17760	6778
17760	6779
17760	9070
17760	9071
17760	9072
17760	9073
17760	9074
17760	9075
17760	9076
17760	9077
17760	9078
17760	9079
17760	9080
17760	9081
17760	9082
17760	9083
17760	9084
17760	9085
17760	9086
17760	9087
17760	9088
17760	9089
17760	9090
17760	9091
17760	9092
17760	9093
17760	9094
17760	9095
17760	9096
17760	9097
17760	9098
17760	9099
17760	9120
17760	9121
17760	9122
17760	9123
17760	9124
17760	9125
17760	9126
17760	9127
17760	9128
17760	9129
17760	9130
17760	9131
17760	9132
17760	9133
17760	9134
17760	9135
17760	9136
17760	9137
17760	9138
17760	9139
17760	9140
17760	9141
17760	9142
17760	9143
17760	9144
17760	9145
17760	9146
17760	9147
17760	9148
17760	9149
17760	9150
17760	9151
17760	9152
17760	9153
17760	9154
17760	9155
17760	9156
17760	9157
17760	9158
17760	9159
17760	9160
17760	9161
17760	9162
17760	9163
17760	9164
17760	9165
17760	9166
17760	9167
17760	9168
17760	9169
17760	9170
17760	9171
17760	9172
17760	9173
17760	9174
17760	9175
17760	9176
17760	9177
17760	9178
17760	9193
17760	9194
17760	9195
17760	9196
17761	1644
17761	1645
17761	1646
17761	1647
17761	1648
17761	1649
17761	1650
17761	1651
17761	1652
17761	8309
17761	8310
17761	8311
17761	8312
17761	8313
17761	8314
17761	8315
17761	8316
17761	8317
17761	8318
17761	8319
17761	8320
17761	8321
17761	8322
17761	8323
17761	8324
17761	8325
17761	8326
17761	8327
17761	8328
17761	8329
17761	8330
17761	8331
17761	8332
17761	8333
17761	8334
17761	8335
17761	8336
17761	8337
17761	8338
17761	8339
17761	8340
17761	8341
17761	8342
17761	8343
17761	8344
17761	8345
17761	8346
17761	8347
17761	8348
17761	8349
17761	8350
17761	8351
17761	8352
17761	8353
17761	8354
17761	8355
17761	8356
17761	8357
17761	8358
17761	8359
17761	8360
17761	8361
17761	8362
17761	8363
17761	8364
17761	8365
17761	8366
17761	8367
17761	8368
17761	8369
17761	8370
17761	8371
17761	8372
17761	8373
17761	8374
17761	8375
17761	8376
17761	8377
17761	8378
17761	8379
17761	8380
17761	8381
17761	8382
17761	8383
17761	8384
17761	8385
17761	8386
17761	8387
17761	8388
17761	8389
17761	8390
17761	8391
17761	8392
17761	8393
17761	8394
17761	8395
17761	8396
17761	8397
17761	8398
17761	8399
17761	8400
17761	8401
17761	8402
17761	8403
17761	8404
17761	8405
17761	8406
17761	8407
17761	8408
17761	8409
17761	8410
17761	8411
17761	8412
17761	8413
17761	8414
17761	8415
17761	8416
17761	8417
17761	8418
17761	8419
17761	8420
17761	8421
17761	8422
17761	8423
17761	8424
17761	8425
17761	8426
17761	8427
17761	8428
17761	8429
17761	8430
17761	8431
17761	8432
17761	8433
17761	8434
17761	8435
17761	8436
17761	8437
17761	8438
17761	8439
17761	8440
17761	8441
17761	8442
17761	9253
17761	9254
17761	9255
17761	9256
17761	9257
17761	9258
17761	9259
17761	9260
17761	9261
17761	9262
17761	9263
17761	9264
17761	9265
17761	9266
17761	9267
17761	9268
17761	9269
17761	9270
17761	9271
17761	9272
17761	9273
17761	9274
17761	9275
17761	9276
17761	9277
17761	9278
17761	9279
17761	9280
17761	13895
17761	13896
17761	13897
17761	13898
17761	13899
17761	13900
17761	13901
17761	13902
17761	13903
17761	13904
17761	13905
17761	13906
17761	13907
17761	13908
17761	13909
17761	13910
17761	13911
17761	13912
17761	13913
17761	13914
17761	13915
17761	13916
17761	13917
17761	13918
17761	13919
17761	13920
17761	13921
17761	13922
17761	13923
17761	13924
17761	13925
17761	13926
17761	13927
17761	13928
17761	13929
17761	13930
17761	13931
17761	13932
17761	13933
17761	13934
17761	13935
17761	13936
17761	13937
17761	13938
17761	13939
17761	13940
17761	13941
17761	13942
17761	13943
17761	13944
17761	13945
17761	13946
17761	13947
17761	13948
17761	13949
17761	13950
17761	13951
17761	13952
17761	13953
17761	13954
17761	13993
17761	13994
17761	13995
17761	13996
17761	13997
17761	13998
17761	13999
17761	14000
17761	14001
17761	14002
17761	14003
17761	14004
17761	14005
17761	14006
17761	14007
17761	14008
17761	14009
17761	14010
17762	8309
17762	8310
17762	8311
17762	8312
17762	8313
17762	8314
17762	8315
17762	8316
17762	8317
17762	8318
17762	8319
17762	8320
17762	8321
17762	8322
17762	8323
17762	8324
17762	8325
17762	8326
17762	8327
17762	8328
17762	8329
17762	8330
17762	8331
17762	8332
17762	8333
17762	8334
17762	8335
17762	8336
17762	8337
17762	8338
17762	8339
17762	8340
17762	8341
17762	8342
17762	8343
17762	8344
17762	8345
17762	8346
17762	8347
17762	8348
17762	8349
17762	8350
17762	8351
17762	8352
17762	8353
17762	8354
17762	8355
17762	8356
17762	8357
17762	8358
17762	8359
17762	8360
17762	8361
17762	8362
17762	8363
17762	8364
17762	8365
17762	8366
17762	8367
17762	8368
17762	8369
17762	8370
17762	8371
17762	8372
17762	8373
17762	8374
17762	8375
17762	8376
17762	8377
17762	8378
17762	8379
17762	8380
17762	8381
17762	8382
17762	8383
17762	8384
17762	8385
17762	8386
17762	8387
17762	8388
17762	8389
17762	8390
17762	8391
17762	8392
17762	8393
17762	8394
17762	8395
17762	8396
17762	8397
17762	8398
17762	8399
17762	8400
17762	8401
17762	8402
17762	8403
17762	8404
17762	8405
17762	8406
17762	8407
17762	8408
17762	8409
17762	8410
17762	8411
17762	8412
17762	8413
17762	8414
17762	8415
17762	8416
17762	8417
17762	8418
17762	8419
17762	8420
17762	8421
17762	8422
17762	8423
17762	8424
17762	8425
17762	8426
17762	8427
17762	8428
17762	8429
17762	8430
17762	8431
17762	8432
17762	8433
17762	8434
17762	8435
17762	8436
17762	8437
17762	8438
17762	8439
17762	8440
17762	8441
17762	8442
17762	9253
17762	9254
17762	9255
17762	9256
17762	9257
17762	9258
17762	9259
17762	9260
17762	9261
17762	9262
17762	9263
17762	9264
17762	9265
17762	9266
17762	9267
17762	9268
17762	9269
17762	9270
17762	9271
17762	9272
17762	9273
17762	9274
17762	9275
17762	9276
17762	9277
17762	9278
17762	9279
17762	9280
17762	13955
17762	13956
17762	13957
17762	13958
17762	13959
17762	13960
17762	13961
17762	13962
17762	13963
17762	13964
17762	13965
17762	13966
17762	13967
17762	13968
17762	13969
17762	13970
17762	13971
17762	13972
17762	13973
17762	13974
17762	13975
17762	13976
17762	13977
17762	13978
17762	13979
17762	13980
17762	13981
17762	13982
17762	13983
17762	13984
17762	13985
17762	13986
17762	13987
17762	13988
17762	13989
17762	13990
17762	13991
17762	13992
17763	8444
17763	8820
17763	8821
17763	8822
17763	8823
17763	8824
17763	8825
17763	8826
17763	8827
17763	8828
17763	8829
17763	8830
17763	8831
17763	8832
17763	8833
17763	8834
17763	8835
17763	8836
17763	8837
17763	8838
17763	8839
17763	8840
17763	8841
17763	8842
17763	8843
17763	8844
17763	8845
17763	8846
17763	8847
17763	8848
17763	8849
17763	13835
17763	13836
17763	13837
17763	13838
17763	13839
17763	13840
17763	13841
17763	13842
17763	13843
17763	13844
17763	13845
17763	13846
17763	13847
17763	13848
17763	13849
17763	13850
17763	13851
17763	13852
17763	13853
17763	13854
17764	1787
17764	1788
17764	1789
17764	1790
17764	1791
17764	1792
17764	1793
17764	1794
17764	1795
17764	1796
17764	1797
17764	1798
17764	1799
17764	1800
17764	1801
17764	1802
17764	1803
17764	1804
17764	1805
17764	1806
17764	1807
17764	1808
17764	1809
17764	1810
17764	1811
17764	1812
17764	8700
17764	8701
17764	8702
17764	8703
17764	8704
17764	8705
17764	8706
17764	8707
17764	8708
17764	8709
17764	8710
17764	8711
17764	8712
17764	8713
17764	8714
17764	8715
17764	8716
17764	8717
17764	8718
17764	8719
17764	8720
17764	8721
17764	8722
17764	8723
17764	8724
17764	8725
17764	8726
17764	8727
17764	8728
17764	8729
17764	8730
17764	8731
17764	8732
17764	8733
17764	8734
17764	8735
17764	8736
17764	8737
17764	8738
17764	8739
17764	8740
17764	8741
17764	8742
17764	8743
17764	8744
17764	8745
17764	8746
17764	8747
17764	8748
17764	8749
17764	8750
17764	8751
17764	8752
17764	8753
17764	8754
17764	8755
17764	8756
17764	8757
17764	8758
17764	8759
17764	8760
17764	8761
17764	8762
17764	8763
17764	8764
17764	8765
17764	8766
17764	8767
17764	8768
17764	8769
17764	8770
17764	8771
17764	8772
17764	8773
17764	8774
17764	8775
17764	8776
17764	8777
17764	8778
17764	8779
17764	8780
17764	8781
17764	8782
17764	8783
17764	8784
17764	8785
17764	8786
17764	8787
17764	8788
17764	8789
17764	13755
17764	13756
17764	13757
17764	13758
17764	13759
17764	13760
17764	13761
17764	13762
17764	13763
17764	13764
17764	13765
17764	13766
17764	13767
17764	13768
17764	13769
17764	13770
17764	13771
17764	13772
17764	13773
17764	13774
17764	13775
17764	13776
17764	13777
17764	13778
17764	13779
17764	13780
17764	13781
17764	13782
17764	13783
17764	13784
17764	13785
17764	13786
17764	13787
17764	13788
17764	13789
17764	13790
17764	13791
17764	13792
17764	13793
17764	13794
17764	13795
17764	13796
17764	13797
17764	13798
17764	13799
17764	13800
17764	13801
17764	13802
17764	13803
17764	13804
17764	13805
17764	13806
17764	13807
17764	13808
17764	13809
17764	13810
17764	13811
17764	13812
17764	13813
17764	13814
17764	13875
17764	13876
17764	13877
17764	13878
17764	13879
17764	13880
17764	13881
17764	13882
17764	13883
17764	13884
17764	13885
17764	13886
17764	13887
17764	13888
17764	13889
17764	13890
17764	13891
17764	13892
17764	13893
17764	13894
17765	1910
17765	1911
17765	1912
17765	1913
17765	1914
17765	1915
17765	1916
17765	1917
17765	1918
17765	1919
17765	1920
17765	1921
17765	1922
17765	1923
17765	1924
17765	1925
17765	1926
17765	1927
17765	1928
17765	1929
17765	1930
17765	1931
17765	1932
17765	1933
17765	1934
17765	1935
17765	1936
17765	1937
17765	1938
17765	1939
17765	1940
17765	1941
17765	1942
17765	1943
17765	1944
17765	1945
17765	1946
17765	1947
17765	1948
17765	1949
17765	1950
17765	1951
17765	1952
17765	1953
17765	1954
17765	1955
17765	1956
17765	1957
17765	1958
17765	1959
17765	1960
17765	1961
17765	1962
17765	1963
17765	1964
17765	1965
17765	1966
17765	1967
17765	1968
17765	1969
17765	1970
17765	1971
17765	1972
17765	1973
17765	1974
17765	1975
17765	1976
17765	1977
17765	13815
17765	13816
17765	13817
17765	13818
17765	13819
17765	13820
17765	13821
17765	13822
17765	13823
17765	13824
17765	13825
17765	13826
17765	13827
17765	13828
17765	13829
17765	13830
17765	13831
17765	13832
17765	13833
17765	13834
17766	1903
17766	1904
17766	1905
17766	1906
17766	1907
17766	1908
17766	1909
17766	3671
17766	3690
17766	9281
17766	9282
17766	9283
17766	9284
17766	10378
17766	10379
17766	10380
17766	10381
17766	10382
17766	10383
17766	10384
17766	10385
17766	10386
17766	10387
17766	10388
17766	10389
17766	10390
17766	10391
17766	10392
17766	10393
17766	10394
17766	10395
17766	10396
17766	10397
17766	10398
17766	10399
17766	10400
17766	10401
17766	10402
17766	10403
17766	10404
17766	10405
17766	10406
17766	10407
17766	10408
17766	10409
17766	10410
17766	10411
17766	10412
17766	10413
17766	10414
17766	10415
17766	10417
17766	10418
17766	10419
17766	10420
17766	10421
17766	10422
17766	10423
17766	10424
17766	10425
17766	10426
17766	10427
17766	10428
17766	10429
17766	10430
17766	10431
17766	10432
17766	10433
17766	10434
17766	10435
17766	10436
17766	10437
17766	10438
17766	10439
17766	10440
17766	10441
17766	10442
17766	10443
17766	10444
17766	10445
17766	10446
17766	10447
17766	10448
17766	10450
17766	10452
17766	10453
17766	10454
17766	10455
17766	10456
17766	10457
17766	10458
17766	10459
17766	10460
17766	10461
17766	10462
17766	10463
17766	10465
17766	10466
17766	10467
17766	10468
17766	10469
17766	10472
17766	10473
17766	10474
17766	10475
17766	10476
17766	10477
17766	10478
17766	10479
17766	10480
17766	10481
17766	10482
17766	10483
17766	10484
17766	10485
17766	10486
17766	10487
17766	10488
17766	10489
17766	10490
17766	10491
17766	10492
17766	10493
17766	10494
17766	10495
17766	10496
17766	10497
17766	10498
17766	10499
17766	10500
17766	10501
17766	10502
17766	10503
17766	10505
17766	10506
17766	10507
17766	10508
17766	10509
17766	10510
17766	10511
17766	10512
17766	10513
17766	10514
17766	10515
17766	10516
17766	10517
17766	10518
17766	10519
17766	10520
17766	10521
17766	10522
17766	10523
17766	10524
17766	10525
17766	10526
17766	10527
17766	10528
17766	10529
17766	10530
17766	10531
17766	10532
17766	10533
17766	10534
17766	10535
17766	10536
17766	10537
17766	10538
17766	10539
17766	10540
17766	10541
17766	10542
17766	10543
17766	10544
17766	10545
17766	10546
17766	10547
17766	10548
17766	10549
17766	10550
17766	10551
17766	10552
17766	10553
17766	10554
17766	10555
17766	10556
17766	10557
17766	10558
17766	10559
17766	10560
17766	10561
17766	10562
17766	10563
17766	10564
17766	10565
17766	10566
17766	10567
17766	10568
17766	10569
17766	10570
17766	10571
17766	10572
17766	10573
17766	10574
17766	10575
17766	10576
17766	10577
17766	10578
17766	10579
17766	10580
17766	10581
17766	10582
17766	10587
17766	10588
17766	10593
17766	10594
17766	10595
17766	10596
17766	10597
17766	10598
17766	10599
17766	10600
17766	10601
17766	10602
17766	10603
17766	10604
17766	10605
17766	10606
17766	10607
17766	10608
17766	10609
17766	10610
17766	10611
17766	10612
17766	10613
17766	10614
17766	10615
17766	10616
17766	10617
17766	10618
17766	10619
17766	10620
17766	10621
17766	10622
17766	10623
17766	10624
17766	10625
17766	10626
17766	10627
17766	10628
17766	10629
17766	10747
17766	10748
17766	10749
17766	10750
17766	10751
17766	10752
17766	10753
17766	10754
17766	10755
17766	10756
17766	10757
17766	10758
17766	10759
17766	10760
17766	10761
17766	10762
17766	10763
17766	10764
17766	10765
17766	10766
17766	10767
17766	10768
17766	10769
17766	10770
17766	10771
17766	10772
17766	10773
17766	10774
17766	10775
17767	9345
17767	9346
17767	9347
17767	9348
17767	9349
17767	9350
17767	9351
17767	9352
17767	9353
17767	9354
17767	9355
17767	9356
17767	9357
17767	9358
17767	9359
17767	9360
17767	9361
17767	9362
17767	9363
17767	9364
17767	9365
17767	9366
17767	9367
17767	9368
17767	9369
17767	9370
17767	9371
17767	9372
17767	9373
17767	9374
17768	1238
17768	8980
17768	8981
17768	8982
17768	8983
17768	8984
17768	8985
17768	8986
17768	8987
17768	8988
17768	8989
17768	8990
17768	8991
17768	8992
17768	8993
17768	8994
17768	8995
17768	8996
17768	8997
17768	8998
17768	8999
17768	9000
17768	9001
17768	9002
17768	9003
17768	9004
17768	9005
17768	9006
17768	9007
17768	9008
17768	9009
17768	9010
17768	9011
17768	9012
17768	9013
17768	9014
17768	9015
17768	9016
17768	9017
17768	9018
17768	9019
17768	9020
17768	9021
17768	9022
17768	9023
17768	9024
17768	9025
17768	9026
17768	9027
17768	9028
17768	9029
17768	9030
17768	9031
17768	9032
17768	9033
17768	9034
17768	9035
17768	9036
17768	9037
17768	9038
17768	9039
17768	9040
17768	9041
17768	9042
17768	9043
17768	9044
17768	9045
17768	9046
17768	9047
17768	9048
17768	9049
17768	9050
17768	9051
17768	9052
17768	9053
17768	9054
17768	9055
17768	9056
17768	9057
17768	9058
17768	9059
17768	9060
17768	9061
17768	9062
17768	9063
17768	9064
17768	9065
17768	9066
17768	9067
17768	9068
17768	9069
17768	12876
17768	12877
17768	12878
17768	12879
17768	12880
17768	12881
17768	12882
17768	12883
17768	12884
17768	12885
17768	12886
17768	12887
17768	12888
17768	12889
17768	12890
17768	12891
17768	12892
17768	12893
17768	12894
17768	12895
17768	12896
17768	12897
17768	12898
17768	12899
17768	12900
17768	12901
17768	12902
17768	12903
17768	12904
17768	12905
17768	12906
17768	12907
17768	12908
17768	12909
17768	12910
17768	12911
17768	12912
17768	12913
17768	12914
17768	12915
17768	12916
17768	12917
17768	12918
17768	12919
17768	12920
17768	12921
17768	12922
17768	12923
17768	12924
17768	12925
17768	12926
17768	12927
17768	12928
17768	12929
17768	12930
17768	12931
17768	12932
17768	12933
17768	12934
17768	12945
17768	12946
17768	12947
17768	12948
17768	12949
17768	12950
17768	12951
17768	12952
17768	12954
17768	12956
17768	12965
17768	12966
17768	12967
17768	12968
17768	12969
17768	12970
17768	12971
17768	12972
17768	12973
17768	12974
17768	12985
17768	12986
17768	12987
17768	12988
17768	12989
17768	12990
17768	12991
17768	12992
17768	12993
17768	13004
17768	13005
17768	13006
17768	13007
17768	13008
17768	13009
17768	13011
17768	13012
17768	13013
17768	13016
17768	13017
17768	13018
17768	13019
17768	13020
17768	13021
17768	13022
17768	13023
17768	13024
17768	13025
17768	13046
17768	13047
17768	13048
17768	13049
17768	13050
17768	13051
17768	13062
17768	13063
17768	13064
17768	13065
17768	13066
17768	13067
17768	13068
17768	13069
17768	13070
17768	13071
17768	13072
17768	13073
17768	13074
17768	13085
17769	8790
17769	8791
17769	8792
17769	8793
17769	8794
17769	8795
17769	8796
17769	8797
17769	8798
17769	8799
17769	8800
17769	8801
17769	8802
17769	8803
17769	8804
17769	8805
17769	8806
17769	8807
17769	8808
17769	8809
17769	8810
17769	8811
17769	8812
17769	8813
17769	8814
17769	8815
17769	8816
17769	8817
17769	8818
17769	8819
17770	6780
17770	6781
17770	6782
17770	6783
17770	6784
17770	6785
17770	6786
17770	6787
17770	6788
17770	6789
17770	6790
17770	6791
17770	6792
17770	6793
17770	6794
17770	6795
17770	6796
17770	6797
17770	6798
17770	6799
17770	6800
17770	6801
17770	6802
17770	6803
17770	6804
17770	6805
17770	6806
17770	6807
17770	6808
17770	16294
17770	16295
17770	16296
17770	16297
17770	16298
17770	16299
17770	16300
17770	16301
17770	16302
17770	16303
17770	16304
17770	16305
17770	16306
17770	16307
17770	16308
17770	16309
17770	16310
17770	16311
17770	16312
17770	16313
17770	16314
17770	16315
17770	16316
17770	16317
17770	16318
17770	16319
17770	16320
17770	16321
17770	16322
17770	16323
17770	16324
17770	16325
17770	16326
17770	16327
17770	16328
17770	16329
17770	16330
17770	16331
17770	16332
17770	16333
17770	16334
17770	16335
17770	16336
17770	16337
17770	16338
17770	16339
17770	16340
17770	16341
17770	16342
17770	16343
17770	16344
17770	16345
17770	16346
17770	16347
17770	16348
17770	16349
17770	16350
17770	16351
17770	16352
17770	16353
17770	16354
17770	16355
17770	16356
17770	16357
17770	16358
17770	16359
17770	16360
17770	16361
17770	16362
17770	16363
17770	16364
17770	16365
17770	16366
17770	16367
17770	16368
17770	16369
17770	16370
17770	16371
17770	16372
17770	16373
17770	16374
17770	16375
17770	16376
17770	16377
17770	16378
17770	16379
17770	16380
17770	16381
17770	16382
17770	16383
17770	16384
17770	16385
17770	16386
17770	16387
17770	16388
17770	16389
17770	16390
17770	16391
17770	16392
17770	16393
17771	3150
17771	3151
17771	3152
17771	3153
17771	3154
17771	3155
17771	3156
17771	3157
17771	3158
17771	3159
17771	3160
17771	3161
17771	3162
17771	9575
17771	9576
17771	9577
17771	9578
17771	9579
17771	9580
17771	9581
17771	9582
17771	9583
17771	9584
17771	9585
17771	9586
17771	9587
17771	9588
17771	9589
17771	9590
17771	9591
17771	9592
17771	9593
17771	9594
17771	9595
17771	9596
17771	9597
17771	9598
17771	9599
17771	9600
17771	9601
17771	9602
17771	9603
17771	9604
17771	9605
17771	9606
17771	9607
17771	9608
17771	9609
17771	9610
17771	9611
17771	9612
17771	9613
17771	9614
17771	9615
17771	9616
17771	9617
17771	9618
17771	9619
17771	9620
17771	9621
17771	9622
17771	9623
17771	9624
17771	9625
17771	9626
17771	9627
17771	9628
17771	9629
17771	9630
17771	9631
17771	9632
17771	9633
17771	9634
17771	9635
17771	9636
17771	9637
17771	9638
17771	9639
17771	9640
17771	9641
17771	9642
17771	9643
17771	9644
17771	9645
17771	9646
17771	9647
17771	9648
17771	9649
17771	9650
17771	9651
17771	9652
17771	9653
17771	9654
17771	9655
17771	9656
17771	9657
17771	9658
17771	9659
17771	9660
17771	9661
17771	9662
17771	9663
17771	9664
17771	14061
17771	14062
17771	14063
17771	14064
17771	14065
17771	14066
17771	14067
17771	14068
17771	14069
17771	14070
17771	14071
17771	14072
17771	14073
17771	14074
17771	14075
17771	14076
17771	14077
17771	14078
17771	14079
17771	14080
17771	14081
17771	14082
17771	14083
17771	14084
17771	14085
17771	14086
17771	14087
17771	14088
17771	14089
17771	14090
17771	14091
17771	14092
17771	14093
17771	14094
17771	14095
17771	14096
17771	14097
17771	14098
17771	14099
17771	14100
17771	14101
17771	14102
17771	14103
17771	14104
17771	14105
17771	14106
17771	14107
17771	14108
17771	14109
17771	14110
17771	14111
17771	14112
17771	14113
17771	14114
17771	14115
17771	14116
17771	14117
17771	14118
17771	14119
17771	14120
17771	14121
17771	14122
17771	14123
17771	14124
17771	14125
17771	14126
17771	14127
17771	14128
17771	14129
17771	14130
17771	14131
17771	14132
17771	14133
17771	14134
17771	14135
17771	14136
17771	14137
17771	14138
17771	14139
17771	14140
17771	14141
17771	14142
17771	14143
17771	14144
17771	14145
17771	14146
17771	14147
17771	14148
17771	14149
17771	14150
17771	14151
17771	14152
17771	14153
17771	14154
17771	14155
17771	14156
17771	14157
17771	14158
17771	14159
17771	14160
17771	14161
17771	14162
17771	14163
17771	14164
17771	14165
17771	14166
17771	14167
17771	14168
17771	14169
17771	14170
17771	14171
17771	14172
17771	14173
17771	14174
17771	14175
17772	9435
17772	9436
17772	9437
17772	9438
17772	9439
17772	9440
17772	9441
17772	9442
17772	9443
17772	9444
17772	9445
17772	9446
17772	9447
17772	9448
17772	9449
17772	9450
17772	9451
17772	9452
17772	9453
17772	9454
17772	9455
17772	9456
17772	9457
17772	9458
17772	9459
17772	9460
17772	9461
17772	9462
17772	9463
17772	9464
17772	9465
17772	9466
17772	9467
17772	9468
17772	9469
17772	9470
17772	9471
17772	9472
17772	9473
17772	9474
17772	9475
17772	9476
17772	9477
17772	9478
17772	9479
17772	9480
17772	9481
17772	9482
17772	9483
17772	9484
17772	9485
17772	9486
17772	9487
17772	9488
17772	9489
17772	9490
17772	9491
17772	9492
17772	9493
17772	9494
17772	9495
17772	9496
17772	9497
17772	9498
17772	9499
17772	9500
17772	9501
17772	9502
17772	9503
17772	9504
17772	9505
17772	9506
17772	9507
17772	9508
17772	9509
17772	9510
17772	9511
17772	9512
17772	9513
17772	9514
17772	9515
17772	9516
17772	9517
17772	9518
17772	9519
17772	9520
17772	9521
17772	9522
17772	9523
17772	9524
17772	9525
17772	9526
17772	9527
17772	9528
17772	9529
17772	9530
17772	9531
17772	9532
17772	9533
17772	9534
17772	9535
17772	9536
17772	9537
17772	9538
17772	9539
17772	9540
17772	9541
17772	9542
17772	9543
17772	9544
17772	9545
17772	9546
17772	9547
17772	9548
17772	9549
17772	9550
17772	9551
17772	9552
17772	9553
17772	9554
17772	9555
17772	9556
17772	9557
17772	9558
17772	9559
17772	9560
17772	9561
17772	9562
17772	9563
17772	9564
17772	9565
17772	9566
17772	9567
17772	9568
17772	9569
17772	9570
17772	9571
17772	9572
17772	9573
17772	9574
17772	14176
17772	14177
17772	14178
17772	14179
17772	14180
17772	14181
17772	14182
17772	14183
17772	14184
17772	14185
17772	14186
17772	14187
17772	14188
17772	14189
17772	14190
17772	14191
17772	14192
17772	14193
17772	14194
17772	14195
17772	14196
17772	14197
17772	14198
17772	14199
17772	14200
17772	14201
17772	14202
17772	14203
17772	14204
17772	14205
17772	14206
17772	14207
17772	14208
17772	14209
17772	14210
17772	14211
17772	14212
17772	14213
17772	14214
17772	14215
17772	14216
17772	14217
17772	14218
17772	14219
17772	14220
17772	14221
17772	14222
17772	14223
17772	14224
17772	14225
17772	14226
17772	14227
17772	14228
17772	14229
17772	14230
17772	14231
17772	14232
17772	14233
17772	14234
17772	14235
17772	14236
17772	14237
17772	14238
17772	14239
17772	14240
17772	14241
17772	14242
17772	14243
17772	14244
17772	14245
17772	14246
17772	14247
17772	14248
17772	14249
17772	14250
17772	14251
17772	14252
17772	14253
17772	14254
17772	14255
17772	14256
17772	14257
17772	14258
17772	14259
17772	14260
17772	14261
17772	14262
17772	14263
17772	14264
17772	14265
17772	14266
17772	14267
17772	14268
17772	14269
17772	14270
17772	14271
17772	14272
17772	14273
17772	14274
17772	14275
17772	14276
17772	14277
17772	14278
17772	14279
17772	14280
17772	14281
17772	14282
17772	14283
17772	14284
17772	14285
17772	14286
17772	14287
17772	14288
17773	10583
17773	10584
17773	10585
17773	10586
17773	10589
17773	10590
17773	10591
17773	10592
17773	15472
17773	15473
17773	15474
17773	15475
17773	15476
17773	15477
17773	15478
17773	15479
17773	15480
17773	15481
17773	15482
17773	15483
17773	15484
17773	15485
17773	15486
17773	15487
17773	15488
17773	15489
17773	15490
17773	15491
17773	15492
17773	15493
17773	15494
17773	15495
17773	15496
17773	15497
17773	15498
17773	15499
17773	15500
17773	15501
17773	15502
17773	15503
17773	15504
17773	15505
17773	15506
17773	15507
17773	15508
17773	15509
17773	15510
17773	15511
17773	15512
17773	15513
17773	15514
17773	15515
17773	15516
17773	15517
17773	15518
17773	15519
17773	15520
17773	15521
17773	15522
17773	15523
17773	15524
17773	15525
17773	15526
17773	15527
17773	15528
17773	15529
17773	15530
17773	15531
17773	15532
17773	15533
17773	15534
17773	15535
17773	15536
17773	15537
17773	15538
17773	15539
17773	15540
17773	15541
17773	15542
17773	15543
17773	15544
17773	15545
17773	15546
17773	15547
17773	15548
17773	15549
17773	15550
17773	15551
17773	15552
17773	15553
17773	15554
17773	15555
17773	15556
17773	15557
17773	15558
17773	15559
17773	15560
17773	15561
17773	15562
17773	15563
17773	15564
17773	15565
17773	15566
17773	15567
17773	15568
17773	15569
17774	10464
17775	8443
17775	8444
17775	8445
17775	8446
17775	8447
17775	8448
17775	8449
17775	8450
17775	8451
17775	8452
17775	8453
17775	8454
17775	8455
17775	8456
17775	8457
17775	8458
17775	8459
17775	8460
17775	8461
17775	8462
17775	8463
17775	8464
17775	8465
17775	8466
17775	8467
17775	8468
17775	8469
17775	8470
17775	8471
17775	8472
17775	8473
17775	8474
17775	8475
17775	8476
17775	8477
17775	8478
17775	8539
17775	8540
17775	8541
17775	8542
17775	8543
17775	8544
17775	8545
17775	8546
17775	8547
17775	8548
17775	8549
17775	8550
17775	8551
17775	8552
17775	8553
17775	8554
17775	8555
17775	8556
17775	8557
17775	8558
17775	8559
17775	8560
17775	8561
17775	8562
17775	8563
17775	8564
17775	8565
17775	8566
17775	8567
17775	8568
17775	8569
17775	8570
17775	8571
17775	8572
17775	8573
17775	8574
17775	8575
17775	8576
17775	8577
17775	8578
17775	8579
17775	8580
17775	8581
17775	8582
17775	8583
17775	8584
17775	8585
17775	8586
17775	8587
17775	8588
17775	8589
17775	8590
17775	8591
17775	8592
17775	8593
17775	8594
17775	8595
17775	8596
17775	8597
17775	8598
17775	8599
17775	8600
17775	8601
17775	8602
17775	8603
17775	8604
17775	8605
17775	8606
17775	8607
17775	8608
17775	8609
17775	8610
17775	8611
17775	8612
17775	8613
17775	8614
17775	8615
17775	8616
17775	8617
17775	8618
17775	8619
17775	8620
17775	8621
17775	8622
17775	8623
17775	8624
17775	8625
17775	8626
17775	8627
17775	8628
17775	8629
17775	8630
17775	8631
17775	8632
17775	8633
17775	8634
17775	8635
17775	8636
17775	8637
17775	8638
17775	8639
17775	8640
17775	8641
17775	8642
17775	8643
17775	8644
17775	8645
17775	8646
17775	8647
17775	8648
17775	8649
17775	8650
17775	8651
17775	8652
17775	8653
17775	8654
17775	8655
17775	8656
17775	8657
17775	8658
17775	8659
17775	8660
17775	8661
17775	8662
17775	8663
17775	8664
17775	8665
17775	8666
17775	8667
17775	8668
17775	8669
17775	8670
17775	8671
17775	8672
17775	8673
17775	8674
17775	8675
17775	8676
17775	8677
17775	8678
17775	8679
17775	8680
17775	8681
17775	8682
17775	8683
17775	8684
17775	8685
17775	8686
17775	8687
17775	8688
17775	8689
17775	8690
17775	8691
17775	8692
17775	8693
17775	8694
17775	8695
17775	8696
17775	8697
17775	8698
17775	8699
17775	8790
17775	8791
17775	8792
17775	8793
17775	8794
17775	8795
17775	8796
17775	8797
17775	8798
17775	8799
17775	8800
17775	8801
17775	8802
17775	8803
17775	8804
17775	8805
17775	8806
17775	8807
17775	8808
17775	8809
17775	8810
17775	8811
17775	8812
17775	8813
17775	8814
17775	8815
17775	8816
17775	8817
17775	8818
17775	8819
17775	8850
17775	8851
17775	8852
17775	8853
17775	8854
17775	8855
17775	8856
17775	8857
17775	8858
17775	8859
17775	8860
17775	8861
17775	8862
17775	8863
17775	8864
17775	8865
17775	8866
17775	8867
17775	8868
17775	8869
17775	8870
17775	8871
17775	8872
17775	8873
17775	8874
17775	8875
17775	8876
17775	8877
17775	8878
17775	8879
17775	8880
17775	8881
17775	8882
17775	8883
17775	8884
17775	8885
17775	8886
17775	8887
17775	8888
17775	8889
17775	8890
17775	8891
17775	8892
17775	8893
17775	8894
17775	8895
17775	8896
17775	8897
17775	8898
17775	8899
17775	8900
17775	8901
17775	8902
17775	8903
17775	8904
17775	8905
17775	8906
17775	8907
17775	8908
17775	8909
17775	8910
17775	8911
17775	8912
17775	8913
17775	8914
17775	8915
17775	8916
17775	8917
17775	8918
17775	8919
17775	8920
17775	8921
17775	8922
17775	8923
17775	8924
17775	8925
17775	8926
17775	8927
17775	8928
17775	8929
17775	8930
17775	8931
17775	8932
17775	8933
17775	8934
17775	8935
17775	8936
17775	8937
17775	8938
17775	8939
17775	8940
17775	8941
17775	8942
17775	8943
17775	8944
17775	8945
17775	8946
17775	8947
17775	8948
17775	8949
17775	8950
17775	8951
17775	8952
17775	8953
17775	8954
17775	8955
17775	8956
17775	8957
17775	8958
17775	8959
17775	8960
17775	8961
17775	8962
17775	8963
17775	8964
17775	8965
17775	8966
17775	8967
17775	8968
17775	8969
17775	8970
17775	8971
17775	8972
17775	8973
17775	8974
17775	8975
17775	8976
17775	8977
17775	8978
17775	8979
17775	11868
17775	11869
17775	11870
17775	11871
17775	11872
17775	11873
17775	11874
17775	11875
17775	11876
17775	11877
17775	11878
17775	11879
17775	11880
17775	11881
17775	11882
17775	11883
17775	11884
17775	11885
17775	11886
17775	11887
17775	11888
17775	11889
17775	11890
17775	11891
17775	11892
17775	11893
17775	11894
17775	11895
17775	11896
17775	11897
17775	11898
17775	11899
17775	11900
17775	11901
17775	11902
17775	11903
17775	11904
17775	11905
17775	11906
17775	11907
17775	11908
17775	11909
17775	11910
17775	11911
17775	11912
17775	11913
17775	11914
17775	11915
17775	11916
17775	11917
17775	11958
17775	11959
17775	11960
17775	11961
17775	11962
17775	11963
17775	11964
17775	11965
17775	11966
17775	11967
17775	17186
17775	17187
17775	17188
17775	17189
17775	17190
17775	17191
17775	17192
17775	17193
17775	17194
17775	17195
17775	17196
17775	17197
17775	17198
17775	17199
17775	17200
17775	17201
17775	17202
17775	17203
17775	17204
17775	17205
17775	17206
17775	17207
17775	17208
17775	17209
17775	17210
17775	17211
17775	17212
17775	17213
17775	17214
17775	17215
17775	17216
17775	17217
17775	17218
17775	17219
17775	17220
17775	17221
17775	17222
17775	17223
17775	17224
17775	17225
17775	17226
17775	17227
17775	17228
17775	17229
17775	17230
17775	17231
17775	17232
17775	17233
17775	17234
17775	17235
17775	17236
17775	17237
17775	17238
17775	17239
17775	17240
17775	17241
17775	17242
17775	17243
17775	17244
17776	2601
17776	2602
17776	2603
17776	2604
17776	2605
17776	2606
17776	2607
17776	2608
17776	2609
17776	2610
17776	2611
17776	2612
17776	2613
17776	2614
17776	2615
17776	2616
17776	2617
17776	2618
17776	2619
17776	2620
17776	2621
17776	2622
17776	2623
17776	2624
17776	2625
17776	2626
17776	2627
17776	2628
17776	2629
17776	2630
17776	2631
17776	2632
17776	2633
17776	2634
17776	2635
17776	2636
17776	2637
17776	2638
17776	2639
17776	2640
17776	2641
17776	2642
17776	2643
17776	2644
17776	2645
17776	2646
17776	2647
17776	2648
17776	2649
17776	2650
17776	2651
17776	2652
17776	2653
17776	2654
17776	2655
17776	2656
17776	2657
17776	2658
17776	2659
17776	2660
17776	2661
17776	2662
17776	2663
17776	2664
17776	2665
17776	2666
17776	2667
17776	2668
17776	2669
17776	2670
17776	2671
17776	2672
17776	2673
17776	2674
17776	2675
17776	2676
17776	2677
17776	2678
17776	2679
17776	2680
17776	2681
17776	2682
17776	2683
17776	2684
17776	2685
17776	2686
17776	2687
17776	2688
17776	2689
17776	2690
17776	2691
17776	2692
17776	2693
17776	2694
17776	2695
17776	2696
17776	2697
17776	2698
17776	2699
17776	2700
17776	2701
17776	2702
17776	2703
17776	2704
17776	2705
17776	2706
17776	2707
17776	3687
17776	3688
17776	7321
17776	7322
17776	7323
17776	7324
17776	7325
17776	7326
17776	7327
17776	7328
17776	7329
17776	7330
17776	7331
17776	7332
17776	7333
17776	7334
17776	7335
17776	7336
17776	7337
17776	7338
17776	7339
17776	7340
17776	7341
17776	7342
17776	7343
17776	7344
17776	7345
17776	7346
17776	7347
17776	7348
17776	7349
17776	7350
17776	10860
17776	10861
17776	10862
17776	10863
17776	10864
17776	10865
17776	10866
17776	10867
17776	10868
17776	10869
17776	10880
17776	10881
17776	10882
17776	10883
17776	10884
17776	10885
17776	10886
17776	10887
17776	10889
17776	10890
17776	10900
17776	10901
17776	10902
17776	10903
17776	10904
17776	10905
17776	10906
17776	10907
17776	10908
17776	10909
17776	10921
17776	10922
17776	10923
17776	10924
17776	10925
17776	10926
17776	10927
17776	10928
17776	10929
17776	10930
17776	10931
17776	10932
17776	10933
17776	10934
17776	10935
17776	10936
17776	10937
17776	10938
17776	10939
17776	10940
17776	10962
17776	10963
17776	10964
17776	10965
17776	10966
17776	10967
17776	10968
17776	10969
17776	10970
17776	10971
17776	10972
17776	10973
17776	10974
17776	10975
17776	10976
17776	10977
17776	10978
17776	10979
17776	10980
17776	10981
17776	10982
17776	10983
17776	10984
17776	10985
17776	10986
17776	10987
17776	10988
17776	10989
17776	10990
17776	10991
17776	10992
17776	10993
17776	10994
17776	10995
17776	10996
17776	10997
17776	10998
17776	10999
17776	11000
17776	11001
17776	11002
17776	11003
17776	11004
17776	11005
17776	11006
17776	11007
17776	11008
17776	11009
17776	11010
17776	11011
17776	11012
17776	11013
17776	11014
17776	11015
17776	11016
17776	11017
17776	11018
17776	11019
17776	11020
17776	11021
17776	11022
17776	11023
17776	11024
17776	11025
17776	11026
17776	11027
17776	11028
17776	11029
17776	11030
17776	11031
17776	11415
17776	11416
17776	11417
17776	11418
17776	11419
17776	11420
17776	11421
17776	11422
17776	11423
17776	11424
17776	11425
17776	11426
17776	11427
17776	11428
17776	11429
17776	11430
17776	11431
17776	11432
17776	11433
17776	11434
17776	11435
17776	11436
17776	11437
17776	11438
17776	11439
17776	11440
17776	11441
17776	11442
17776	11443
17776	11444
17776	11445
17776	11446
17776	11447
17776	11448
17776	11449
17776	11450
17776	11451
17776	11452
17776	11453
17776	11454
17776	11455
17776	11456
17776	11457
17776	11458
17776	11459
17776	11460
17776	11461
17776	11462
17776	11463
17776	11464
17776	11465
17776	11466
17776	11467
17776	11468
17776	11469
17776	11470
17776	11471
17776	11472
17776	11473
17776	11474
17776	11475
17776	11476
17776	11477
17776	11478
17776	11479
17776	11480
17776	11481
17776	11482
17776	11483
17776	11484
17776	11485
17776	11486
17776	11487
17776	11488
17776	11489
17776	11490
17776	11491
17776	11492
17776	11493
17776	11494
17776	11495
17776	11496
17776	11497
17776	11498
17776	11499
17776	11500
17776	11501
17776	11502
17776	11503
17776	11504
17776	11505
17776	11506
17776	11507
17776	11508
17776	11509
17776	11510
17776	11511
17776	11512
17776	11513
17776	11514
17776	11515
17776	11516
17776	11517
17776	11518
17776	11519
17776	11520
17776	11521
17776	11522
17776	11523
17776	11524
17776	11525
17776	11526
17776	11527
17776	11528
17776	11529
17776	11530
17776	11531
17776	11532
17776	11533
17776	11534
17776	11535
17776	11536
17776	11537
17776	11538
17776	11539
17776	11540
17776	11541
17776	11542
17776	11543
17776	11544
17776	11545
17776	11546
17776	11547
17776	11548
17776	11549
17776	11550
17776	11551
17776	11552
17776	11553
17776	11554
17776	11555
17776	11556
17776	11557
17776	11558
17776	11559
17776	11560
17776	11561
17776	11562
17776	11563
17776	11564
17776	11565
17776	11566
17776	11567
17776	11568
17776	11569
17776	11570
17776	11571
17776	11572
17776	11573
17776	11574
17776	11575
17776	11576
17776	11577
17776	11578
17776	11579
17776	11580
17776	11581
17776	11582
17776	11583
17776	11585
17776	11586
17776	11587
17776	11588
17776	11589
17776	11590
17776	11591
17776	11592
17776	11593
17776	11594
17776	11595
17776	11596
17776	11597
17776	11598
17776	11599
17776	11600
17776	11601
17776	11602
17776	11603
17776	11604
17776	11605
17776	11606
17776	11607
17776	11608
17776	11609
17776	11610
17776	11611
17776	11612
17776	11613
17776	11614
17776	17406
17776	17407
17776	17408
17776	17409
17776	17410
17776	17411
17776	17412
17776	17413
17776	17414
17776	17415
17776	17416
17776	17417
17776	17418
17776	17419
17776	17420
17776	17421
17776	17422
17776	17423
17776	17424
17776	17425
17776	17426
17776	17427
17776	17428
17776	17429
17776	17430
17776	17431
17776	17432
17776	17433
17776	17434
17776	17435
17777	3681
17777	3682
17777	6600
17777	6601
17777	6602
17777	6603
17777	6604
17777	6605
17777	6606
17777	6607
17777	6608
17777	6609
17777	6610
17777	6611
17777	6612
17777	6613
17777	6614
17777	6615
17777	6616
17777	6617
17777	6618
17777	6619
17777	6620
17777	6621
17777	6622
17777	6623
17777	6624
17777	6625
17777	6626
17777	6627
17777	6628
17777	6629
17777	6780
17777	6781
17777	6782
17777	6783
17777	6784
17777	6785
17777	6786
17777	6787
17777	6788
17777	6789
17777	6790
17777	6791
17777	6792
17777	6793
17777	6794
17777	6795
17777	6796
17777	6797
17777	6798
17777	6799
17777	6800
17777	6801
17777	6802
17777	6803
17777	6804
17777	6805
17777	6806
17777	6807
17777	6808
17777	11052
17777	11584
17777	16344
17777	16345
17777	16346
17777	16347
17777	16348
17777	16349
17777	16350
17777	16351
17777	16352
17777	16353
17777	16354
17777	16355
17777	16356
17777	16357
17777	16358
17777	16359
17777	16360
17777	16361
17777	16362
17777	16363
17777	16364
17777	16365
17777	16366
17777	16367
17777	16368
17777	16369
17777	16370
17777	16371
17777	16372
17777	16373
17777	16374
17777	16375
17777	16376
17777	16377
17777	16378
17777	16379
17777	16380
17777	16381
17777	16382
17777	16383
17777	16384
17777	16385
17777	16386
17777	16387
17777	16388
17777	16389
17777	16390
17777	16391
17777	16392
17777	16393
17778	0
17778	1
17778	2
17778	3
17778	4
17778	5
17778	6
17778	7
17778	8
17778	9
17778	10
17778	11
17778	12
17778	13
17778	14
17778	15
17778	16
17778	17
17778	18
17778	19
17778	20
17778	21
17778	22
17778	23
17778	24
17778	25
17778	26
17778	27
17778	28
17778	29
17778	4842
17778	4843
17778	4844
17778	4845
17778	4846
17778	4847
17778	4848
17778	4849
17778	4850
17778	4851
17778	4852
17778	4853
17778	4854
17778	4855
17778	4856
17778	4857
17778	4858
17778	4859
17778	4860
17778	4861
17778	4862
17778	4863
17778	4864
17778	4865
17778	4866
17778	4867
17778	4868
17778	4869
17778	4870
17778	4871
17778	4872
17778	4873
17778	4874
17778	4875
17778	4876
17778	4877
17778	4878
17778	4879
17778	4880
17778	4881
17778	4882
17778	4883
17778	4884
17778	4885
17778	4886
17778	4887
17778	4888
17778	4889
17778	4890
17778	4891
17778	4892
17778	4893
17778	4894
17778	4895
17778	4896
17778	4897
17778	4898
17778	4899
17778	4900
17778	4901
17778	4902
17778	4903
17778	4904
17778	4905
17778	4906
17778	4907
17778	4908
17778	4909
17778	4910
17778	4911
17778	4912
17778	4913
17778	4914
17778	4915
17778	4916
17778	4917
17778	4918
17778	4919
17778	4920
17778	4921
17778	4922
17778	4923
17778	4924
17778	4925
17778	4926
17778	4927
17778	4928
17778	4929
17778	4930
17778	4931
17778	7380
17778	7381
17778	7382
17778	7383
17778	7384
17778	7481
17778	7482
17778	7483
17778	7484
17778	7485
17778	7486
17778	7487
17778	7488
17778	7489
17778	7490
17778	7491
17778	7492
17778	7493
17778	7494
17778	7495
17778	7496
17778	7497
17778	7498
17778	7499
17778	7500
17778	7501
17778	7502
17778	7503
17778	7504
17778	7505
17778	7506
17778	7507
17778	7508
17778	7509
17778	7510
17778	7511
17778	7512
17778	7513
17778	7514
17778	7515
17778	7516
17778	7517
17778	7518
17778	7519
17778	7520
17778	7521
17778	7522
17778	7523
17778	7524
17778	7525
17778	7526
17778	7527
17778	7528
17778	7529
17778	7530
17778	7531
17778	7532
17778	7533
17778	7534
17778	7535
17778	7536
17778	7537
17778	7538
17778	7621
17778	7622
17778	7623
17778	7624
17778	7625
17778	7626
17778	7627
17778	7628
17778	7629
17778	7630
17778	7631
17778	7632
17778	7633
17778	7634
17778	7635
17778	7636
17778	7637
17778	7638
17778	7639
17778	7640
17778	7641
17778	7642
17778	7643
17778	7644
17778	7645
17778	7646
17778	7647
17778	7648
17778	7649
17778	7650
17778	7651
17778	7802
17778	7803
17778	7804
17778	7805
17778	7806
17778	7807
17778	7808
17778	7809
17778	7810
17778	7811
17778	7812
17778	7813
17778	7814
17778	7815
17778	7816
17778	7817
17778	7818
17778	7819
17778	7820
17778	7821
17778	7822
17778	7823
17778	7824
17778	7825
17778	7826
17778	7827
17778	7828
17778	7829
17778	7830
17778	7831
17778	7832
17778	7833
17778	7834
17778	7835
17778	7836
17778	7837
17778	7838
17778	7839
17778	7840
17778	7841
17778	7842
17778	7843
17778	7844
17778	7845
17778	7846
17778	7847
17778	7848
17778	7849
17778	7850
17778	7851
17778	7852
17778	7853
17778	7854
17778	7855
17778	7856
17778	7857
17778	7858
17778	7859
17778	7860
17778	7861
17778	7862
17778	7863
17778	7864
17778	7865
17778	7866
17778	7867
17778	7868
17778	7869
17778	7870
17778	7871
17778	7872
17778	7873
17778	7874
17778	7875
17778	7876
17778	7877
17778	7878
17778	7879
17778	7880
17778	7881
17778	7882
17778	7883
17778	7884
17778	7885
17778	7886
17778	7887
17778	7888
17778	7889
17778	7890
17778	7891
17778	7892
17778	7893
17778	7894
17778	7895
17778	7896
17778	7897
17778	7898
17778	7899
17778	7900
17778	7901
17778	7902
17778	7903
17778	7904
17778	7905
17778	7906
17778	7907
17778	7908
17778	7909
17778	7910
17778	7911
17778	7912
17778	7913
17778	7914
17778	7915
17778	7916
17778	7917
17778	7918
17778	7919
17778	7920
17778	7921
17778	7922
17778	7923
17778	7924
17778	7925
17778	7926
17778	7927
17778	7928
17778	7929
17778	7930
17778	7931
17778	7932
17778	7933
17778	7934
17778	7935
17778	7936
17778	7937
17778	7938
17778	7939
17778	7940
17778	7941
17778	7942
17778	7943
17778	7944
17778	7945
17778	7946
17778	7947
17778	7948
17778	7949
17778	7950
17778	7951
17778	7952
17778	7953
17778	7954
17778	7955
17778	7956
17778	7957
17778	7958
17778	7959
17778	7960
17778	7961
17778	7962
17778	7963
17778	7964
17778	7965
17778	7966
17778	7967
17778	7968
17778	7969
17778	7970
17778	7971
17778	7972
17778	7973
17778	7974
17778	7975
17778	7976
17778	7977
17778	7978
17778	7979
17778	7980
17778	7981
17778	7982
17778	7983
17778	7984
17778	7985
17778	7986
17778	7987
17778	7988
17778	7989
17778	7990
17778	7991
17778	7992
17778	7993
17778	7994
17778	7995
17778	7996
17778	7997
17778	7998
17778	7999
17778	8000
17778	8001
17778	8002
17778	8003
17778	8004
17778	8005
17778	8006
17778	8007
17778	8008
17778	8009
17778	8010
17778	8011
17778	8012
17778	8013
17778	8014
17778	8015
17778	8016
17778	8017
17778	8018
17778	8019
17778	8020
17778	8021
17778	8022
17778	8023
17778	8024
17778	8025
17778	8026
17778	8027
17778	8028
17778	8029
17778	8030
17778	8031
17778	8032
17778	8033
17778	8034
17778	8035
17778	8036
17778	8037
17778	8038
17778	8039
17778	8040
17778	11355
17778	11356
17778	11357
17778	11358
17778	11359
17778	11360
17778	11361
17778	11362
17778	11363
17778	11364
17778	11365
17778	11366
17778	11367
17778	11368
17778	11369
17778	11370
17778	11371
17778	11372
17778	11373
17778	11374
17778	11375
17778	11376
17778	11377
17778	11378
17778	11379
17778	11380
17778	11381
17778	11382
17778	11383
17778	11384
17778	11385
17778	11386
17778	11387
17778	11388
17778	11389
17778	11390
17778	11391
17778	11392
17778	11393
17778	11394
17778	11395
17778	11396
17778	11397
17778	11398
17778	11399
17778	11400
17778	11401
17778	11402
17778	11403
17778	11404
17778	11405
17778	11406
17778	11407
17778	11408
17778	11409
17778	11410
17778	11411
17778	11412
17778	11413
17778	11414
17778	17716
17778	17717
17778	17718
17778	17719
17778	17720
17778	17721
17778	17722
17778	17723
17778	17724
17778	17725
17778	17726
17778	17727
17778	17728
17778	17729
17778	17730
17778	17731
17778	17732
17778	17733
17778	17734
17778	17735
17778	17736
17778	17737
17778	17738
17778	17739
17778	17740
17778	17741
17778	17742
17778	17743
17778	17744
17778	17745
17779	0
17779	1
17779	2
17779	3
17779	4
17779	5
17779	6
17779	7
17779	8
17779	9
17779	10
17779	11
17779	12
17779	13
17779	14
17779	15
17779	16
17779	17
17779	18
17779	19
17779	20
17779	21
17779	22
17779	23
17779	24
17779	25
17779	26
17779	27
17779	28
17779	29
17779	4812
17779	4813
17779	4814
17779	4815
17779	4816
17779	4817
17779	4818
17779	4819
17779	4820
17779	4821
17779	4822
17779	4823
17779	4824
17779	4825
17779	4826
17779	4827
17779	4828
17779	4829
17779	4830
17779	4831
17779	4832
17779	4833
17779	4834
17779	4835
17779	4836
17779	4837
17779	4838
17779	4839
17779	4840
17779	4841
17779	7314
17779	7315
17779	7316
17779	7317
17779	7318
17779	7319
17779	7320
17779	7385
17779	7386
17779	7387
17779	7388
17779	7389
17779	7390
17779	7481
17779	7482
17779	7483
17779	7484
17779	7485
17779	7486
17779	7487
17779	7488
17779	7489
17779	7490
17779	7491
17779	7492
17779	7493
17779	7494
17779	7495
17779	7496
17779	7497
17779	7498
17779	7499
17779	7500
17779	7501
17779	7502
17779	7503
17779	7504
17779	7505
17779	7506
17779	7507
17779	7508
17779	7509
17779	7510
17779	7511
17779	7512
17779	7513
17779	7514
17779	7515
17779	7516
17779	7517
17779	7518
17779	7519
17779	7520
17779	7521
17779	7522
17779	7523
17779	7524
17779	7525
17779	7526
17779	7527
17779	7528
17779	7529
17779	7530
17779	7531
17779	7532
17779	7533
17779	7534
17779	7535
17779	7536
17779	7537
17779	7538
17779	7539
17779	7540
17779	7541
17779	7542
17779	7543
17779	7544
17779	7545
17779	7546
17779	7547
17779	7548
17779	7549
17779	7550
17779	7551
17779	7552
17779	7553
17779	7554
17779	7555
17779	7556
17779	7557
17779	7558
17779	7559
17779	7560
17779	7561
17779	7562
17779	7563
17779	7564
17779	7565
17779	7566
17779	7567
17779	7568
17779	7569
17779	7570
17779	7571
17779	7572
17779	7573
17779	7574
17779	7575
17779	7576
17779	7577
17779	7578
17779	7579
17779	7580
17779	7581
17779	7582
17779	7583
17779	7584
17779	7585
17779	7586
17779	7587
17779	7588
17779	7589
17779	7590
17779	7591
17779	7592
17779	7593
17779	7594
17779	7595
17779	7596
17779	7597
17779	7598
17779	7599
17779	7600
17779	7601
17779	7602
17779	7603
17779	7604
17779	7605
17779	7606
17779	7607
17779	7608
17779	7609
17779	7610
17779	7611
17779	7612
17779	7613
17779	7614
17779	7615
17779	7616
17779	7617
17779	7618
17779	7619
17779	7620
17779	7621
17779	7622
17779	7623
17779	7624
17779	7625
17779	7626
17779	7627
17779	7628
17779	7629
17779	7630
17779	7631
17779	7632
17779	7633
17779	7634
17779	7635
17779	7636
17779	7637
17779	7638
17779	7639
17779	7640
17779	7641
17779	7642
17779	7643
17779	7644
17779	7645
17779	7646
17779	7647
17779	7648
17779	7649
17779	7650
17779	7651
17779	7652
17779	7653
17779	7654
17779	7655
17779	7656
17779	7657
17779	7658
17779	7659
17779	7660
17779	7661
17779	7662
17779	7663
17779	7664
17779	7665
17779	7666
17779	7667
17779	7668
17779	7669
17779	7670
17779	7671
17779	7672
17779	7673
17779	7674
17779	7675
17779	7676
17779	7677
17779	7678
17779	7679
17779	7680
17779	7681
17779	7682
17779	7683
17779	7684
17779	7685
17779	7686
17779	7687
17779	7688
17779	7689
17779	7690
17779	7691
17779	7692
17779	7693
17779	7694
17779	7695
17779	7696
17779	7697
17779	7698
17779	7699
17779	7700
17779	7701
17779	7702
17779	7703
17779	7704
17779	7705
17779	7706
17779	7707
17779	7708
17779	7709
17779	7710
17779	7711
17779	7712
17779	7713
17779	7714
17779	7715
17779	7716
17779	7717
17779	7718
17779	7719
17779	7720
17779	7721
17779	7722
17779	7723
17779	7724
17779	7725
17779	7726
17779	7727
17779	7728
17779	7729
17779	7730
17779	7731
17779	7732
17779	7733
17779	7734
17779	7735
17779	7736
17779	7737
17779	7738
17779	7739
17779	7740
17779	7741
17779	7742
17779	7743
17779	7744
17779	7745
17779	7746
17779	7747
17779	7748
17779	7749
17779	7750
17779	7751
17779	7752
17779	7753
17779	7754
17779	7755
17779	7756
17779	7757
17779	7758
17779	7759
17779	7760
17779	7761
17779	7762
17779	7763
17779	7764
17779	7765
17779	7766
17779	7767
17779	7768
17779	7769
17779	7770
17779	7771
17779	7772
17779	7773
17779	7774
17779	7775
17779	7776
17779	7777
17779	7778
17779	7779
17779	7780
17779	7781
17779	7782
17779	7783
17779	7784
17779	7785
17779	7786
17779	7787
17779	7788
17779	7789
17779	7790
17779	7791
17779	7792
17779	7793
17779	7794
17779	7795
17779	7796
17779	7797
17779	7798
17779	7799
17779	7800
17779	7801
17779	17676
17779	17677
17779	17678
17779	17679
17779	17680
17779	17681
17779	17682
17779	17683
17779	17684
17779	17685
17779	17686
17779	17687
17779	17688
17779	17689
17779	17690
17779	17691
17779	17692
17779	17693
17779	17694
17779	17695
17779	17696
17779	17697
17779	17698
17779	17699
17779	17700
17779	17701
17779	17702
17779	17703
17779	17704
17779	17705
17779	17706
17779	17707
17779	17708
17779	17709
17779	17710
17779	17711
17779	17712
17779	17713
17779	17714
17779	17715
17779	17716
17779	17717
17779	17718
17779	17719
17779	17720
17779	17721
17779	17722
17779	17723
17779	17724
17779	17725
17779	17726
17779	17727
17779	17728
17779	17729
17779	17730
17779	17731
17779	17732
17779	17733
17779	17734
17779	17735
17779	17736
17779	17737
17779	17738
17779	17739
17779	17740
17779	17741
17779	17742
17779	17743
17779	17744
17779	17745
17780	4932
17780	4933
17780	4934
17780	4935
17780	4936
17780	4937
17780	4938
17780	4939
17780	4940
17780	4941
17780	4942
17780	4943
17780	4944
17780	4945
17780	4946
17780	4947
17780	4948
17780	4949
17780	4950
17780	4951
17780	4952
17780	4953
17780	4954
17780	4955
17780	4956
17780	4957
17780	4958
17780	4959
17780	4960
17780	4961
17780	4962
17780	4963
17780	4964
17780	4965
17780	4966
17780	4967
17780	4968
17780	4969
17780	4970
17780	4971
17780	4972
17780	4973
17780	4974
17780	4975
17780	4976
17780	4977
17780	4978
17780	4979
17780	4980
17780	4981
17780	4982
17780	4983
17780	4984
17780	4985
17780	4986
17780	4987
17780	4988
17780	4989
17780	4990
17780	4991
17780	4992
17780	4993
17780	4994
17780	4995
17780	4996
17780	4997
17780	4998
17780	4999
17780	5000
17780	5001
17780	5002
17780	5003
17780	5004
17780	5005
17780	5006
17780	5007
17780	5008
17780	5009
17780	5010
17780	5011
17780	5012
17780	5013
17780	5014
17780	5015
17780	5016
17780	5017
17780	5018
17780	5019
17780	5020
17780	5021
17780	8041
17780	8042
17780	8043
17780	8044
17780	8045
17780	8046
17780	8047
17780	8048
17780	8049
17780	8050
17780	8051
17780	8052
17780	8053
17780	8054
17780	8055
17780	8056
17780	8057
17780	8058
17780	8059
17780	8060
17780	8061
17780	8062
17780	8063
17780	8064
17780	8065
17780	8066
17780	8067
17780	8068
17780	8069
17780	8070
17780	8071
17780	8072
17780	8073
17780	8074
17780	8075
17780	8076
17780	8077
17780	8078
17780	8079
17780	8080
17780	8081
17780	8082
17780	8083
17780	8084
17780	8085
17780	8086
17780	8087
17780	8088
17780	8089
17780	8090
17780	8091
17780	8092
17780	8093
17780	8094
17780	8095
17780	8096
17780	8097
17780	8098
17780	8099
17780	8100
17780	8101
17780	8102
17780	8103
17780	8104
17780	8105
17780	8106
17780	8107
17780	8108
17780	8109
17780	8110
17780	8111
17780	8112
17780	8113
17780	8114
17780	8115
17780	8116
17780	8117
17780	8118
17780	8119
17780	8120
17780	8121
17780	8122
17780	8123
17780	8124
17780	8125
17780	8126
17780	8127
17780	8128
17780	8129
17780	8130
17780	8131
17780	8132
17780	8133
17780	8134
17780	8135
17780	8136
17780	8137
17780	8138
17780	8139
17780	8140
17780	8141
17780	8142
17780	8143
17780	8144
17780	8145
17780	8146
17780	8147
17780	8148
17780	8149
17780	8150
17780	8151
17780	8152
17780	8153
17780	8154
17780	8155
17780	8156
17780	8157
17780	8158
17780	8159
17780	8160
17780	8161
17780	8162
17780	8163
17780	8164
17780	8165
17780	8166
17780	8167
17780	8168
17780	8169
17780	8170
17780	8171
17780	8172
17780	8173
17780	8174
17780	8175
17780	8176
17780	8177
17780	8178
17780	8179
17780	8180
17780	8181
17780	8182
17780	8183
17780	8184
17780	8185
17780	8186
17780	8187
17780	8188
17780	8189
17780	10168
17780	10169
17780	10170
17780	10171
17780	10172
17780	10173
17780	10174
17780	10175
17780	10176
17780	10177
17780	10178
17780	10179
17780	10180
17780	10181
17780	10182
17780	10183
17780	10184
17780	10185
17780	10186
17780	10187
17780	10188
17780	10189
17780	10190
17780	10191
17780	10192
17780	10193
17780	10194
17780	10195
17780	10196
17780	10197
17780	10198
17780	10199
17780	10200
17780	10201
17780	10202
17780	10203
17780	10204
17780	10205
17780	10206
17780	10207
17780	10208
17780	10209
17780	10210
17780	10211
17780	10212
17780	10213
17780	10214
17780	10215
17780	10216
17780	10217
17780	10218
17780	10219
17780	10220
17780	10221
17780	10222
17780	10223
17780	10224
17780	10225
17780	10226
17780	10227
17780	10228
17780	10229
17780	10230
17780	10231
17780	10232
17780	10233
17780	10234
17780	10235
17780	10236
17780	10237
17780	10238
17780	10239
17780	10240
17780	10241
17780	10242
17780	10243
17780	10244
17780	10245
17780	10246
17780	10247
17780	10248
17780	10249
17780	10250
17780	10251
17780	10252
17780	10253
17780	10254
17780	10255
17780	10256
17780	10257
17780	10258
17780	10259
17780	10260
17780	10261
17780	10262
17780	10263
17780	10264
17780	10265
17780	10266
17780	10267
17780	10268
17780	10269
17780	10270
17780	10271
17780	10272
17780	10273
17780	10274
17780	10275
17780	10276
17780	10277
17780	10278
17780	10279
17780	10280
17780	10281
17780	10282
17780	10283
17780	10284
17780	10285
17780	10286
17780	10287
17780	10288
17780	10289
17780	10290
17780	10291
17780	10292
17780	10293
17780	10294
17780	10295
17780	10296
17780	10297
17780	10298
17780	10299
17780	10300
17780	10301
17780	10302
17780	10303
17780	10304
17780	10305
17780	10306
17780	10307
17780	10308
17780	10309
17780	10310
17780	10311
17780	10312
17780	10313
17780	10314
17780	10315
17780	10316
17780	10317
17780	10318
17780	10319
17780	10320
17780	10321
17780	10322
17780	10323
17780	10324
17780	10325
17780	10326
17780	10327
17780	10328
17780	10329
17780	10330
17780	10331
17780	10332
17780	10333
17780	10334
17780	10335
17780	10336
17780	10337
17780	10338
17780	10339
17780	10340
17780	10341
17780	10342
17780	10343
17780	10344
17780	10345
17780	10346
17780	10347
17780	10348
17780	10349
17780	10350
17780	10351
17780	10352
17780	10353
17780	10354
17780	10355
17780	10356
17780	10357
17780	10358
17780	10359
17780	10360
17780	10361
17780	10362
17780	10363
17780	10364
17780	10365
17780	10366
17780	10367
17780	10368
17780	10369
17780	10370
17780	10371
17780	10372
17780	10373
17780	10374
17780	10375
17780	10376
17780	10377
17781	10168
17781	10169
17781	10170
17781	10171
17781	10172
17781	10173
17781	10174
17781	10175
17781	10176
17781	10177
17781	10178
17781	10179
17781	10180
17781	10181
17781	10182
17781	10183
17781	10184
17781	10185
17781	10186
17781	10187
17781	10188
17781	10189
17781	10190
17781	10191
17781	10192
17781	10193
17781	10194
17781	10195
17781	10196
17781	10197
17781	10198
17781	10199
17781	10200
17781	10201
17781	10202
17781	10203
17781	10204
17781	10205
17781	10206
17781	10207
17781	10208
17781	10209
17781	10210
17781	10211
17781	10212
17781	10213
17781	10214
17781	10215
17781	10216
17781	10217
17781	10218
17781	10219
17781	10220
17781	10221
17781	10222
17781	10223
17781	10224
17781	10225
17781	10226
17781	10227
17781	10228
17781	10229
17781	10230
17781	10231
17781	10232
17781	10233
17781	10234
17781	10235
17781	10236
17781	10237
17781	10238
17781	10239
17781	10240
17781	10241
17781	10242
17781	10243
17781	10244
17781	10245
17781	10246
17781	10247
17781	10248
17781	10249
17781	10250
17781	10251
17781	10252
17781	10253
17781	10254
17781	10255
17781	10256
17781	10257
17781	10258
17781	10259
17781	10260
17781	10261
17781	10262
17781	10263
17781	10264
17781	10265
17781	10266
17781	10267
17781	10268
17781	10269
17781	10270
17781	10271
17781	10272
17781	10273
17781	10274
17781	10275
17781	10276
17781	10277
17781	10278
17781	10279
17781	10280
17781	10281
17781	10282
17781	10283
17781	10284
17781	10285
17781	10286
17781	10287
17781	10288
17781	10289
17781	10290
17781	10291
17781	10292
17781	10293
17781	10294
17781	10295
17781	10296
17781	10297
17781	10298
17781	10299
17781	10300
17781	10301
17781	10302
17781	10303
17781	10304
17781	10305
17781	10306
17781	10307
17781	10308
17781	10309
17781	10310
17781	10311
17781	10312
17781	10313
17781	10314
17781	10315
17781	10316
17781	10317
17781	10318
17781	10319
17781	10320
17781	10321
17781	10322
17781	10323
17781	10324
17781	10325
17781	10326
17781	10327
17781	10328
17781	10329
17781	10330
17781	10331
17781	10332
17781	10333
17781	10334
17781	10335
17781	10336
17781	10337
17781	10338
17781	10339
17781	10340
17781	10341
17781	10342
17781	10343
17781	10344
17781	10345
17781	10346
17781	10347
17781	10348
17781	10349
17781	10350
17781	10351
17781	10352
17781	10353
17781	10354
17781	10355
17781	10356
17781	10357
17781	10358
17781	10359
17781	10360
17781	10361
17781	10362
17781	10363
17781	10364
17781	10365
17781	10366
17781	10367
17781	10368
17781	10369
17781	10370
17781	10371
17781	10372
17781	10373
17781	10374
17781	10375
17781	10376
17781	10377
17782	7135
17782	7136
17782	7137
17782	7138
17782	7139
17782	7140
17782	7141
17782	7142
17782	7143
17782	7144
17782	7145
17782	7146
17782	7147
17782	7148
17782	7149
17782	7150
17782	7151
17782	7152
17782	7153
17782	7154
17782	7155
17782	7156
17782	7157
17782	7158
17782	7159
17782	7160
17782	7161
17782	7162
17782	7163
17782	7164
17782	7165
17782	7166
17782	7167
17782	7168
17782	7169
17782	7170
17782	7171
17782	7172
17782	7173
17782	7174
17782	7175
17782	7176
17782	7177
17782	7178
17782	7179
17782	7180
17782	7181
17782	7182
17782	7183
17782	7184
17782	7185
17782	7186
17782	7187
17782	7188
17782	7189
17782	7190
17782	7191
17782	7192
17782	7193
17782	13585
17782	13586
17782	13587
17782	13588
17782	13589
17782	13590
17782	13591
17782	13592
17782	13593
17782	13594
17782	13595
17782	13596
17782	13597
17782	13598
17782	13599
17782	13600
17782	13601
17782	13602
17782	13603
17782	13604
17782	13605
17782	13606
17782	13607
17782	13608
17782	13609
17782	13610
17782	13611
17782	13612
17782	13613
17782	13614
17782	13615
17782	13616
17782	13617
17782	13618
17782	13619
17782	13620
17782	13621
17782	13622
17782	13623
17782	13624
17782	13625
17782	13626
17782	13627
17782	13628
17782	13629
17782	13630
17782	13631
17782	13632
17782	13633
17782	13634
17782	13635
17782	13636
17782	13637
17782	13638
17782	13639
17782	13640
17782	13641
17782	13642
17782	13643
17783	3947
17783	3948
17783	3949
17783	3950
17783	3951
17783	3952
17783	3953
17783	3954
17783	3955
17783	3956
17783	3957
17783	3958
17783	3959
17783	3960
17783	3961
17783	3962
17783	3963
17783	3964
17783	3965
17783	3966
17783	3967
17783	3968
17783	3969
17783	3970
17783	3971
17783	3972
17783	3973
17783	3974
17783	3975
17783	3976
17783	3977
17783	3978
17783	3979
17783	3980
17783	3981
17783	3982
17783	3983
17783	3984
17783	3985
17783	3986
17783	3987
17783	3988
17783	3989
17783	3990
17783	3991
17783	3992
17783	3993
17783	3994
17783	3995
17783	3996
17783	3997
17783	3998
17783	3999
17783	4000
17783	4001
17783	4002
17783	4003
17783	4004
17783	4005
17783	4006
17783	4007
17783	4008
17783	4009
17783	4010
17783	4011
17783	4012
17783	4013
17783	4014
17783	4015
17783	4016
17783	4017
17783	4018
17783	4019
17783	4020
17783	4021
17783	4022
17783	4023
17783	4024
17783	4025
17783	4026
17783	4027
17783	4028
17783	4029
17783	4030
17783	4031
17783	4032
17783	4033
17783	4034
17783	4035
17783	4036
17783	4037
17783	4038
17783	4039
17783	4040
17783	4041
17783	4042
17783	4043
17783	4044
17783	4045
17783	4046
17783	4047
17783	4048
17783	4049
17783	4050
17783	4051
17783	4052
17783	4053
17783	4054
17783	4055
17783	4056
17783	4057
17783	4058
17783	4059
17783	4060
17783	4061
17783	4062
17783	4063
17783	4064
17783	4065
17783	4066
17783	4067
17783	4068
17783	4069
17783	4070
17783	4071
17783	4072
17783	4073
17783	4074
17783	4075
17783	4076
17783	4077
17783	4078
17783	4079
17783	4080
17783	4081
17783	4082
17783	4083
17783	4084
17783	4085
17783	4086
17783	4087
17783	4088
17783	4089
17783	4090
17783	4091
17783	4092
17783	4093
17783	4094
17783	4095
17783	4096
17783	4097
17783	4098
17783	4099
17783	4100
17783	4101
17783	4102
17783	4103
17783	4104
17783	4105
17783	4106
17783	4107
17783	4108
17783	4109
17783	4110
17783	4111
17783	4112
17783	4113
17783	4114
17783	4115
17783	4116
17783	4117
17783	4118
17783	4119
17783	4120
17783	4227
17783	4228
17783	4229
17783	4230
17783	4231
17783	4232
17783	4233
17783	4234
17783	4235
17783	4236
17783	4237
17783	4238
17783	4239
17783	4240
17783	4241
17783	4242
17783	4243
17783	4244
17783	4245
17783	4246
17783	4247
17783	4248
17783	4249
17783	4250
17783	4251
17783	4252
17783	4253
17783	4254
17783	4255
17783	4256
17783	5052
17783	5053
17783	5054
17783	5055
17783	5056
17783	5057
17783	5058
17783	5059
17783	5060
17783	5061
17783	5062
17783	5063
17783	5064
17783	5065
17783	5066
17783	5067
17783	5068
17783	5069
17783	5070
17783	5071
17783	5072
17783	5073
17783	5074
17783	5075
17783	5076
17783	5077
17783	5078
17783	5079
17783	5080
17783	5081
17783	5087
17783	5092
17783	5093
17783	5094
17783	10910
17783	10911
17783	10912
17783	10914
17783	10915
17783	10916
17783	10917
17783	10918
17783	10919
17783	10920
17783	11180
17783	11181
17783	11182
17783	11183
17783	11184
17783	11185
17783	11186
17783	11187
17783	11188
17783	11189
17783	11191
17783	11192
17783	11193
17783	11194
17783	11195
17783	11196
17783	11197
17783	11198
17783	11199
17784	2172
17784	2173
17784	2174
17784	2175
17784	2176
17784	2177
17784	2178
17784	2179
17784	2180
17784	2181
17784	2182
17784	2184
17784	2185
17784	2186
17784	2187
17784	2188
17784	2189
17784	2190
17784	2191
17784	2192
17784	2193
17784	2194
17784	2195
17784	2196
17784	2197
17784	2198
17784	2199
17784	2200
17784	2201
17784	2202
17784	2203
17784	2204
17784	2205
17784	2206
17784	2207
17784	2208
17784	2209
17784	2210
17784	2211
17784	2212
17784	2213
17784	2214
17784	2215
17784	2216
17784	2217
17784	2218
17784	2219
17784	2220
17784	2221
17784	2222
17784	2223
17784	2224
17784	2225
17784	2226
17784	2227
17784	2228
17784	2229
17784	2230
17784	2231
17784	2232
17784	2233
17784	2234
17784	2235
17784	2236
17784	2237
17784	2238
17784	2239
17784	2240
17784	2241
17784	2242
17784	2243
17784	2244
17784	2245
17784	2246
17784	2247
17784	2248
17784	2249
17784	2250
17784	2251
17784	2252
17784	2253
17784	2254
17784	2255
17784	2256
17784	2257
17784	2258
17784	2259
17784	2260
17784	2261
17784	2262
17784	2263
17784	2264
17784	2265
17784	2266
17784	2267
17784	2268
17784	2269
17784	2270
17784	2271
17784	10809
17784	10820
17784	12358
17784	12359
17784	12360
17784	12361
17784	12362
17784	12363
17784	12364
17784	12365
17784	12366
17784	12367
17784	12368
17784	12369
17784	12370
17784	12371
17784	12372
17784	12373
17784	12374
17784	12375
17784	12376
17784	12377
17784	12378
17784	12379
17784	12380
17784	12381
17784	12382
17784	12383
17784	12384
17784	12385
17784	12386
17784	12387
17784	12388
17784	12389
17784	12390
17784	12391
17784	12392
17784	12393
17784	12394
17784	12395
17784	12396
17784	12397
17784	12398
17784	12399
17784	12400
17784	12401
17784	12402
17784	12403
17784	12404
17784	12405
17784	12406
17784	12407
17784	12408
17784	12409
17784	12410
17784	12411
17784	12412
17784	12413
17784	12414
17784	12415
17784	12416
17784	12417
17784	12418
17784	12419
17784	12420
17784	12421
17784	12422
17784	12423
17784	12424
17784	12425
17784	12426
17784	12427
17784	12428
17784	12429
17784	12430
17784	12431
17784	12432
17784	12433
17784	12434
17784	12435
17784	12436
17784	12437
17784	12438
17784	12439
17784	12440
17784	12441
17784	12442
17784	12443
17784	12444
17784	12445
17784	12446
17784	12447
17784	12448
17784	12449
17784	12450
17784	12451
17784	12452
17784	12453
17784	12454
17784	12455
17784	12456
17784	12457
17785	3679
17785	3682
17785	3686
17785	3688
17785	10630
17785	10631
17785	10632
17785	10633
17785	10634
17785	10635
17785	10636
17785	10637
17785	10638
17785	10639
17785	10640
17785	10641
17785	10642
17785	10643
17785	10644
17785	10645
17785	10646
17785	10647
17785	10648
17785	10649
17785	10650
17785	10651
17785	10652
17785	10653
17785	10654
17785	10655
17785	10656
17785	10657
17785	10658
17785	10659
17785	10660
17785	10661
17785	10662
17785	10663
17785	10664
17785	10665
17785	10666
17785	10667
17785	10668
17785	10669
17785	10670
17785	10671
17785	10672
17785	10673
17785	10674
17785	10675
17785	10676
17785	10677
17785	10678
17785	10679
17785	10680
17785	10681
17785	10682
17785	10683
17785	10684
17785	10685
17785	10686
17785	10687
17785	10688
17785	10689
17785	10776
17785	11584
17786	3840
17786	3841
17786	3842
17786	3843
17786	3844
17786	3845
17786	3847
17786	3848
17786	3849
17786	3850
17786	3851
17786	3852
17786	3853
17786	3854
17786	3855
17786	3856
17786	3857
17786	3858
17786	3859
17786	3860
17786	3861
17786	3862
17786	3863
17786	3864
17786	3865
17786	3866
17786	3867
17786	3868
17786	3869
17787	11635
17787	11636
17787	11637
17787	11638
17787	11639
17787	11640
17787	11641
17787	11642
17787	11643
17787	11644
17787	11645
17787	11646
17787	11647
17787	11648
17787	11649
17787	11650
17787	11651
17787	11652
17787	11653
17787	11654
17787	11655
17787	11656
17787	11657
17787	11658
17787	11659
17787	11660
17787	11661
17787	11662
17787	11663
17787	11664
17787	11665
17787	11666
17787	11667
17787	11668
17787	11669
17787	11670
17787	11671
17787	11672
17787	11673
17787	11674
17787	11675
17787	11676
17787	11677
17787	11678
17787	11679
17787	11680
17787	11681
17787	11682
17787	11683
17787	11684
17787	11685
17787	11686
17787	11687
17787	11688
17787	11689
17787	11690
17787	11691
17787	11692
17787	11693
17787	11694
17787	11695
17787	11696
17787	11697
17787	11698
17787	11699
17787	11700
17787	11701
17787	11702
17787	11703
17787	11704
17787	11705
17787	11706
17787	11707
17787	11708
17787	11709
17787	11710
17787	11711
17787	11712
17787	11713
17787	11714
17787	11715
17787	11716
17787	11717
17787	11718
17787	11719
17787	11720
17787	11721
17788	2272
17788	2273
17788	2274
17788	2275
17788	2276
17788	2277
17788	2278
17788	2279
17788	2280
17788	2281
17788	2282
17788	2283
17788	2284
17788	2285
17788	2286
17788	2287
17788	2288
17788	2289
17788	2290
17788	2291
17788	2292
17788	2293
17788	2294
17788	2295
17788	2296
17788	2297
17788	2298
17788	2299
17788	2300
17788	2301
17788	2302
17788	2303
17788	2304
17788	2305
17788	2306
17788	2307
17788	2308
17788	2309
17788	2310
17788	2311
17788	2312
17788	2313
17788	2314
17788	2315
17788	2316
17788	2317
17788	2318
17788	2319
17788	2320
17788	2321
17788	2322
17788	2323
17788	2324
17788	2325
17788	2326
17788	2327
17788	2328
17788	2329
17788	2330
17788	2331
17788	2332
17788	2333
17788	2334
17788	2335
17788	2336
17788	2337
17788	2338
17788	2339
17788	2340
17788	2341
17788	2342
17788	2343
17788	2344
17788	2345
17788	2346
17788	2347
17788	2348
17788	2349
17788	2350
17788	2351
17788	2352
17788	2353
17788	2354
17788	2355
17788	2356
17788	2357
17788	2358
17788	2359
17788	2360
17788	2361
17788	5271
17788	5272
17788	5273
17788	5274
17788	5275
17788	5276
17788	5277
17788	5278
17788	5279
17788	5280
17788	5281
17788	5282
17788	5283
17788	5284
17788	5285
17788	5286
17788	5287
17788	5288
17788	5289
17788	5290
17788	5291
17788	5292
17788	5293
17788	5294
17788	5295
17788	5296
17788	5297
17788	5298
17788	5299
17788	5300
17788	5301
17788	5302
17788	5303
17788	5304
17788	5305
17788	5306
17788	5307
17788	5308
17788	5309
17788	5310
17788	5311
17788	5312
17788	5313
17788	5314
17788	5315
17788	5316
17788	5317
17788	5318
17788	5319
17788	5320
17788	5321
17788	5322
17788	5323
17788	5324
17788	5325
17788	5326
17788	5327
17788	5328
17788	5329
17788	5330
17788	12158
17788	12159
17788	12160
17788	12161
17788	12162
17788	12163
17788	12164
17788	12165
17788	12166
17788	12167
17788	12168
17788	12169
17788	12170
17788	12171
17788	12172
17788	12173
17788	12174
17788	12175
17788	12176
17788	12177
17788	12178
17788	12179
17788	12180
17788	12181
17788	12182
17788	12183
17788	12184
17788	12185
17788	12186
17788	12187
17788	12198
17788	12199
17788	12200
17788	12201
17788	12202
17788	12203
17788	12204
17788	12205
17788	12206
17788	12207
17788	12208
17788	12209
17788	12210
17788	12211
17788	12212
17788	12213
17788	12214
17788	12215
17788	12216
17788	12217
17788	12218
17788	12219
17788	12220
17788	12221
17788	12222
17788	12223
17788	12224
17788	12225
17788	12226
17788	12227
17788	12228
17788	12229
17788	12230
17788	12231
17788	12232
17788	12233
17788	12234
17788	12235
17788	12236
17788	12237
17788	12238
17788	12239
17788	12240
17788	12241
17788	12242
17788	12243
17788	12244
17788	12245
17788	12246
17788	12247
17788	12248
17788	12249
17788	12250
17788	12251
17788	12252
17788	12253
17788	12254
17788	12255
17788	12256
17788	12257
17789	12876
17789	12877
17789	12878
17789	12879
17789	12880
17789	12881
17789	12882
17789	12883
17789	12884
17789	12885
17789	12886
17789	12887
17789	12888
17789	12889
17789	12890
17789	12891
17789	12892
17789	12893
17789	12894
17789	12895
17789	12896
17789	12897
17789	12898
17789	12899
17789	12900
17789	12901
17789	12902
17789	12903
17789	12904
17790	318
17790	2482
17790	2483
17790	2484
17790	2485
17790	2486
17790	2487
17790	2488
17790	2489
17790	2490
17790	2491
17790	2492
17790	2493
17790	2494
17790	2495
17790	2496
17790	2497
17790	2498
17790	2499
17790	2500
17790	2501
17790	2502
17790	2503
17790	2504
17790	2505
17790	2506
17790	2507
17790	2508
17790	2509
17790	2510
17790	2511
17790	2512
17790	2513
17790	2514
17790	2515
17790	2516
17790	2517
17790	2518
17790	2519
17790	2520
17790	2521
17790	2522
17790	2523
17790	2524
17790	2525
17790	2526
17790	2527
17790	2528
17790	2529
17790	2530
17790	2531
17790	2532
17790	2533
17790	2534
17790	2535
17790	2536
17790	2537
17790	2538
17790	2539
17790	2540
17790	2541
17790	2542
17790	2543
17790	2544
17790	2545
17790	2546
17790	2547
17790	2548
17790	2549
17790	2550
17790	2551
17790	2552
17790	2553
17790	2554
17790	2555
17790	2556
17790	2557
17790	2558
17790	2559
17790	2560
17790	3682
17790	3688
17790	3692
17790	3693
17790	3694
17790	3695
17790	3696
17790	3697
17790	3698
17790	3699
17790	3700
17790	3701
17790	3702
17790	3703
17790	3704
17790	3705
17790	3706
17790	3707
17790	3708
17790	3709
17790	3710
17790	3711
17790	3712
17790	3713
17790	3714
17790	3715
17790	3716
17790	3717
17790	3718
17790	3719
17790	3720
17790	3721
17790	3722
17790	3723
17790	3724
17790	3725
17790	3726
17790	3727
17790	3728
17790	3729
17790	3730
17790	3731
17790	3732
17790	3733
17790	3734
17790	3735
17790	3736
17790	3737
17790	3738
17790	3739
17790	3740
17790	3741
17790	3742
17790	3743
17790	3744
17790	3745
17790	3746
17790	3747
17790	3748
17790	3749
17790	3750
17790	3751
17790	3752
17790	3753
17790	3754
17790	3755
17790	3756
17790	3757
17790	3758
17790	3759
17790	3760
17790	3761
17790	3762
17790	3763
17790	3764
17790	3765
17790	3766
17790	3767
17790	3768
17790	3769
17790	3770
17790	3771
17790	3772
17790	3773
17790	3774
17790	3775
17790	3776
17790	3777
17790	3778
17790	3779
17790	3780
17790	3781
17790	3782
17790	3783
17790	3784
17790	3785
17790	3786
17790	3787
17790	3788
17790	3789
17790	3790
17790	3791
17790	3792
17790	3793
17790	3794
17790	3795
17790	3796
17790	3797
17790	3798
17790	3799
17790	3800
17790	3801
17790	3802
17790	3803
17790	3804
17790	3805
17790	3806
17790	3807
17790	3808
17790	3809
17790	3810
17790	3811
17790	8479
17790	8480
17790	8481
17790	8482
17790	8483
17790	8484
17790	8485
17790	8486
17790	8487
17790	8488
17790	8489
17790	8490
17790	8491
17790	8492
17790	8493
17790	8494
17790	8495
17790	8496
17790	8497
17790	8498
17790	8499
17790	8500
17790	8501
17790	8502
17790	8503
17790	8504
17790	8505
17790	8506
17790	8507
17790	8508
17790	10698
17790	10714
17790	10743
17790	10746
17790	10808
17790	10810
17790	10811
17790	10812
17790	10813
17790	10814
17790	10815
17790	10816
17790	10817
17790	10818
17790	10850
17790	10852
17790	10853
17790	10854
17790	10855
17790	10856
17790	10857
17790	10858
17790	10859
17790	11093
17790	11094
17790	11095
17790	11096
17790	11097
17790	11098
17790	11099
17790	11100
17790	11101
17790	11102
17790	11103
17790	11104
17790	11105
17790	11106
17790	11107
17790	11108
17790	11109
17790	11110
17790	11111
17790	11112
17790	11315
17790	11316
17790	11317
17790	11318
17790	11319
17790	11320
17790	11321
17790	11322
17790	11323
17790	11324
17790	11325
17790	11326
17790	11327
17790	11328
17790	11329
17790	11330
17790	11331
17790	11332
17790	11333
17790	11334
17790	11335
17790	11336
17790	11337
17790	11338
17790	11339
17790	11340
17790	11341
17790	11342
17790	11343
17790	11344
17790	11345
17790	11346
17790	11347
17790	11348
17790	11349
17790	11350
17790	11351
17790	11352
17790	11353
17790	11354
17790	11615
17790	11616
17790	11617
17790	11618
17790	11619
17790	11620
17790	11621
17790	11622
17790	11623
17790	11624
17790	11625
17790	11626
17790	11627
17790	11628
17790	11629
17790	11630
17790	11631
17790	11632
17790	11633
17790	11634
17790	15806
17790	15807
17790	15808
17790	15809
17790	15810
17790	15811
17790	15812
17790	15813
17790	15814
17790	15815
17790	15816
17790	15817
17790	15818
17790	15819
17790	15820
17790	15821
17790	15822
17790	15823
17790	15824
17790	15825
17790	15826
17790	15827
17790	15828
17790	15829
17790	15830
17790	15831
17790	15832
17790	15833
17790	15834
17790	15835
17790	15836
17790	15837
17790	15838
17790	15839
17790	15840
17790	15841
17790	15842
17790	15843
17790	15844
17790	15845
17790	16294
17790	16295
17790	16296
17790	16297
17790	16298
17790	16299
17790	16300
17790	16301
17790	16302
17790	16303
17790	16304
17790	16305
17790	16306
17790	16307
17790	16308
17790	16309
17790	16310
17790	16311
17790	16312
17790	16313
17790	16314
17790	16315
17790	16316
17790	16317
17790	16318
17790	16319
17790	16320
17790	16321
17790	16322
17790	16323
17790	16324
17790	16325
17790	16326
17790	16327
17790	16328
17790	16329
17790	16330
17790	16331
17790	16332
17790	16333
17790	16334
17790	16335
17790	16336
17790	16337
17790	16338
17790	16339
17790	16340
17790	16341
17790	16342
17790	16343
17790	17106
17790	17107
17790	17108
17790	17109
17790	17110
17790	17111
17790	17112
17790	17113
17790	17114
17790	17115
17790	17116
17790	17117
17790	17118
17790	17119
17790	17120
17790	17121
17790	17122
17790	17123
17790	17124
17790	17125
17790	17126
17790	17127
17790	17128
17790	17129
17790	17130
17790	17131
17790	17132
17790	17133
17790	17134
17790	17135
17790	17136
17790	17137
17790	17138
17790	17139
17790	17140
17790	17141
17790	17142
17790	17143
17790	17144
17790	17145
17791	3870
17791	3871
17791	3872
17791	3873
17791	3874
17791	3875
17791	3876
17791	3877
17791	3878
17791	3879
17791	3880
17791	3881
17791	3882
17791	3883
17791	3884
17791	3885
17791	3886
17791	3887
17791	3888
17791	3889
17791	3890
17791	3891
17791	3892
17791	3893
17791	3894
17791	3895
17791	3896
17791	3897
17791	3898
17791	3899
17791	3900
17791	3901
17791	3902
17791	3903
17791	3904
17791	3905
17791	3906
17791	3907
17791	3908
17791	3909
17791	3910
17791	3911
17791	3912
17791	3913
17791	3914
17791	3915
17791	3916
17791	3917
17791	3918
17791	3919
17791	3920
17791	3921
17791	3922
17791	3923
17791	3924
17791	3925
17791	3926
17791	3927
17791	3928
17791	3929
17791	3930
17791	3931
17791	3932
17791	3933
17791	3934
17791	3935
17791	3936
17791	3937
17791	3938
17791	3939
17791	3940
17791	3941
17791	3942
17791	3943
17791	3944
17791	3945
17791	3946
17791	4257
17791	4258
17791	4259
17791	4260
17791	4261
17791	4262
17791	4263
17791	4264
17791	4265
17791	4266
17791	4267
17791	4268
17791	4269
17791	4270
17791	4271
17791	4272
17791	4273
17791	4274
17791	4275
17791	4276
17791	4277
17791	4278
17791	4279
17791	4280
17791	4281
17791	4282
17791	4283
17791	4284
17791	4285
17791	4286
17791	4287
17791	4288
17791	4289
17791	4290
17791	4291
17791	4292
17791	4293
17791	4294
17791	4295
17791	4296
17791	4297
17791	4298
17791	4299
17791	4300
17791	4301
17791	4302
17791	4303
17791	4304
17791	4305
17791	4306
17791	4307
17791	4308
17791	4309
17791	4310
17791	4311
17791	4312
17791	4313
17791	4314
17791	4315
17791	4316
17791	4317
17791	4318
17791	4319
17791	4320
17791	4321
17791	4322
17791	4323
17791	4324
17791	4325
17791	4326
17791	4327
17791	4328
17791	4329
17791	4330
17791	4331
17791	4332
17791	4333
17791	4334
17791	4335
17791	4336
17791	4337
17791	4338
17791	4339
17791	4340
17791	4341
17791	4342
17791	4343
17791	5082
17791	5083
17791	5084
17791	5085
17791	5086
17791	5088
17791	5089
17791	5090
17791	5091
17791	5095
17791	5096
17791	5097
17791	5098
17791	5099
17791	5100
17791	5101
17791	5102
17791	5103
17791	5104
17791	5105
17791	5106
17791	5107
17791	5108
17791	5109
17791	5110
17791	5111
17791	5939
17791	10888
17791	10891
17791	10892
17791	10893
17791	10894
17791	10895
17791	10896
17791	10897
17791	10898
17791	10899
17791	11150
17791	11151
17791	11152
17791	11153
17791	11154
17791	11155
17791	11156
17791	11157
17791	11158
17791	11159
17791	11160
17791	11161
17791	11162
17791	11163
17791	11164
17791	11165
17791	11166
17791	11167
17791	11168
17791	11169
17791	11190
17791	11200
17791	11201
17791	11202
17791	11203
17791	11204
17791	11205
17791	11206
17791	11207
17791	11208
17791	11209
17791	11210
17791	11211
17791	11212
17791	11213
17791	11214
17791	11215
17791	11216
17791	11217
17791	11218
17791	11219
17792	10168
17792	10169
17792	10170
17792	10171
17792	10172
17792	10173
17792	10174
17792	10175
17792	10176
17792	10177
17792	10178
17792	10179
17792	10180
17792	10181
17792	10182
17792	10183
17792	10184
17792	10185
17792	10186
17792	10187
17792	10188
17792	10189
17792	10190
17792	10191
17792	10192
17792	10193
17792	10194
17792	10195
17792	10196
17792	10197
17792	10198
17792	10199
17792	10200
17792	10201
17792	10202
17792	10203
17792	10204
17792	10205
17792	10206
17792	10207
17792	10208
17792	10209
17792	10210
17792	10211
17792	10212
17792	10213
17792	10214
17792	10215
17792	10216
17792	10217
17792	10218
17792	10219
17792	10220
17792	10221
17792	10222
17792	10223
17792	10224
17792	10225
17792	10226
17792	10227
17792	10228
17792	10229
17792	10230
17792	10231
17792	10232
17792	10233
17792	10234
17792	10235
17792	10236
17792	10237
17792	10238
17792	10239
17792	10240
17792	10241
17792	10242
17792	10243
17792	10244
17792	10245
17792	10246
17792	10247
17792	10248
17792	10249
17792	10250
17792	10251
17792	10252
17792	10253
17792	10254
17792	10255
17792	10256
17792	10257
17792	10258
17792	10259
17792	10260
17792	10261
17792	10262
17792	10263
17792	10264
17792	10265
17792	10266
17792	10267
17792	10268
17792	10269
17792	10270
17792	10271
17792	10272
17792	10273
17792	10274
17792	10275
17792	10276
17792	10277
17792	10278
17792	10279
17792	10280
17792	10281
17792	10282
17792	10283
17792	10284
17792	10285
17792	10286
17792	10287
17792	10288
17792	10289
17792	10290
17792	10291
17792	10292
17792	10293
17792	10294
17792	10295
17792	10296
17792	10297
17792	10298
17792	10299
17792	10300
17792	10301
17792	10302
17792	10303
17792	10304
17792	10305
17792	10306
17792	10307
17792	10308
17792	10309
17792	10310
17792	10311
17792	10312
17792	10313
17792	10314
17792	10315
17792	10316
17792	10317
17792	10318
17792	10319
17792	10320
17792	10321
17792	10322
17792	10323
17792	10324
17792	10325
17792	10326
17792	10327
17792	10328
17792	10329
17792	10330
17792	10331
17792	10332
17792	10333
17792	10334
17792	10335
17792	10336
17792	10337
17792	10338
17792	10339
17792	10340
17792	10341
17792	10342
17792	10343
17792	10344
17792	10345
17792	10346
17792	10347
17792	10348
17792	10349
17792	10350
17792	10351
17792	10352
17792	10353
17792	10354
17792	10355
17792	10356
17792	10357
17792	10358
17792	10359
17792	10360
17792	10361
17792	10362
17792	10363
17792	10364
17792	10365
17792	10366
17792	10367
17792	10368
17792	10369
17792	10370
17792	10371
17792	10372
17792	10373
17792	10374
17792	10375
17792	10376
17792	10377
17792	10630
17792	10631
17792	10632
17792	10633
17792	10634
17792	10635
17792	10636
17792	10637
17792	10638
17792	10639
17792	10640
17792	10641
17792	10642
17792	10643
17792	10644
17792	10645
17792	10646
17792	10647
17792	10648
17792	10649
17792	10650
17792	10651
17792	10652
17792	10653
17792	10654
17792	10655
17792	10656
17792	10657
17792	10658
17792	10659
17792	10660
17792	10661
17792	10662
17792	10663
17792	10664
17792	10665
17792	10666
17792	10667
17792	10668
17792	10669
17792	10670
17792	10671
17792	10672
17792	10673
17792	10674
17792	10675
17792	10676
17792	10677
17792	10678
17792	10679
17792	10680
17792	10681
17792	10682
17792	10683
17792	10684
17792	10685
17792	10686
17792	10687
17792	10688
17792	10689
17792	10690
17792	10691
17792	10692
17792	10693
17792	10694
17792	10695
17792	10696
17792	10697
17792	10699
17792	10700
17792	10701
17792	10702
17792	10703
17792	10704
17792	10705
17792	10706
17792	10707
17792	10708
17792	10709
17792	10710
17792	10711
17792	10712
17792	10713
17792	10715
17792	10716
17792	10717
17792	10718
17792	10719
17792	10720
17792	10721
17792	10722
17792	10723
17792	10724
17792	10725
17792	10726
17792	10727
17792	10728
17792	10729
17792	10730
17792	10731
17792	10732
17792	10733
17792	10734
17792	10735
17792	10736
17792	10737
17792	10738
17792	10739
17792	10740
17792	10741
17792	10742
17792	10744
17792	10745
17792	14289
17792	14290
17792	14291
17792	14292
17792	14293
17792	14294
17792	14295
17792	14296
17792	14297
17792	14298
17792	14299
17792	14300
17792	14301
17792	14302
17792	14303
17792	14304
17792	14305
17792	14306
17792	14307
17792	14308
17792	14309
17792	14310
17792	14311
17792	14312
17792	14313
17792	14314
17792	14315
17792	14316
17792	14317
17792	14318
17792	14319
17792	14320
17792	14321
17792	14322
17792	14323
17792	14324
17792	14325
17792	14326
17792	14327
17792	14328
17792	14329
17792	14330
17792	14331
17792	14332
17792	14333
17792	14334
17792	14335
17792	14336
17792	14337
17792	14338
17792	14339
17792	14340
17792	14341
17792	14342
17792	14343
17792	14344
17792	14345
17792	14346
17792	14347
17792	14348
17792	14349
17792	14350
17792	14351
17792	14352
17792	14353
17792	14354
17792	14355
17792	14356
17792	14357
17792	14358
17792	14369
17792	14370
17792	14371
17792	14372
17792	14373
17792	14374
17792	14375
17792	14376
17792	14377
17792	14378
17792	14379
17792	14380
17792	14381
17792	14382
17792	14383
17792	14384
17792	14385
17792	14386
17792	14387
17792	14388
17793	3846
17793	7194
17793	7195
17793	7196
17793	7197
17793	7198
17793	7199
17793	7200
17793	7201
17793	7202
17793	7203
17793	7204
17793	7205
17793	7206
17793	7207
17793	7208
17793	7209
17793	7210
17793	7211
17793	7212
17793	7213
17793	7214
17793	7215
17793	7216
17793	7217
17793	7218
17793	7219
17793	7220
17793	7221
17793	7222
17793	7223
17793	7224
17793	7225
17793	7226
17793	7227
17793	7228
17793	7229
17793	7230
17793	7231
17793	7232
17793	7233
17793	7234
17793	7235
17793	7236
17793	7237
17793	7238
17793	7239
17793	7240
17793	7241
17793	7242
17793	7243
17793	7244
17793	7245
17793	7246
17793	7247
17793	7248
17793	7249
17793	7250
17793	7251
17793	7252
17793	7253
17793	7254
17793	7255
17793	7256
17793	7257
17793	7258
17793	7259
17793	7260
17793	7261
17793	7262
17793	7263
17793	7264
17793	7265
17793	7266
17793	7267
17793	7268
17793	7269
17793	7270
17793	7271
17793	7272
17793	7273
17793	7274
17793	7275
17793	7276
17793	7277
17793	7278
17793	7279
17793	7280
17793	7281
17793	7282
17793	7283
17793	7284
17793	7285
17793	7286
17793	7287
17793	7288
17793	7289
17793	7290
17793	7291
17793	7292
17793	7293
17793	7294
17793	7295
17793	7296
17793	7297
17793	7298
17793	7299
17793	7300
17793	7301
17793	7302
17793	7303
17793	7304
17793	7305
17793	7306
17793	7307
17793	7308
17793	7309
17793	7310
17793	7311
17793	7312
17793	7313
17793	7351
17793	7352
17793	7353
17793	7354
17793	7355
17793	7356
17793	7357
17793	7358
17793	7359
17793	7360
17793	7361
17793	7362
17793	7363
17793	7364
17793	7365
17793	7366
17793	7367
17793	7368
17793	7369
17793	7370
17793	7371
17793	7372
17793	7373
17793	7374
17793	7375
17793	7376
17793	7377
17793	7378
17793	7379
17794	392
17794	453
17794	551
17794	552
17794	553
17794	554
17794	555
17794	556
17794	557
17794	558
17794	559
17794	560
17794	561
17794	562
17794	563
17794	564
17794	565
17794	566
17794	567
17794	568
17794	569
17794	570
17794	571
17794	572
17794	573
17794	574
17794	575
17794	576
17794	577
17794	578
17794	579
17794	580
17794	581
17794	582
17794	583
17794	584
17794	585
17794	586
17794	587
17794	588
17794	589
17794	590
17794	591
17794	592
17794	593
17794	1240
17794	1241
17794	1242
17794	1243
17794	2422
17794	2423
17794	2424
17794	2425
17794	2426
17794	2427
17794	2428
17794	2429
17794	2430
17794	2431
17794	2432
17794	2433
17794	2434
17794	2435
17794	2436
17794	2437
17794	2438
17794	2439
17794	2440
17794	2441
17794	2442
17794	2443
17794	2444
17794	2445
17794	2446
17794	2447
17794	2448
17794	2449
17794	2450
17794	2451
17794	2452
17794	2453
17794	2454
17794	2455
17794	2456
17794	2457
17794	2458
17794	2459
17794	2460
17794	2461
17794	2462
17794	2463
17794	2464
17794	2465
17794	2466
17794	2467
17794	2468
17794	2469
17794	2470
17794	2471
17794	2472
17794	2473
17794	2474
17794	2475
17794	2476
17794	2477
17794	2478
17794	2479
17794	2480
17794	2481
17794	2561
17794	2562
17794	2563
17794	2564
17794	2565
17794	2566
17794	2567
17794	2568
17794	2569
17794	2570
17794	2571
17794	2572
17794	2573
17794	2574
17794	2575
17794	2576
17794	2577
17794	2578
17794	2579
17794	2580
17794	2581
17794	2582
17794	2583
17794	2584
17794	2585
17794	2586
17794	2587
17794	2588
17794	2589
17794	2590
17794	2591
17794	2592
17794	2593
17794	2594
17794	2595
17794	2596
17794	2597
17794	2598
17794	2599
17794	2600
17794	3423
17794	3673
17794	3674
17794	3675
17794	3676
17794	3677
17794	3688
17794	6783
17794	6785
17794	6787
17794	6789
17794	6791
17794	6793
17794	7045
17794	7046
17794	7047
17794	7048
17794	7049
17794	7050
17794	7051
17794	7052
17794	7053
17794	7054
17794	7055
17794	7056
17794	7057
17794	7058
17794	7059
17794	7060
17794	7061
17794	7062
17794	7063
17794	7064
17794	7065
17794	7066
17794	7067
17794	7068
17794	7069
17794	7070
17794	7071
17794	7072
17794	7073
17794	7074
17794	7075
17794	7076
17794	7077
17794	7078
17794	7079
17794	7080
17794	7081
17794	7082
17794	7083
17794	7084
17794	7085
17794	7086
17794	7087
17794	7088
17794	7089
17794	7090
17794	7091
17794	7092
17794	7093
17794	7094
17794	7095
17794	7096
17794	7097
17794	7098
17794	7099
17794	7100
17794	7101
17794	7102
17794	7103
17794	7104
17794	7105
17794	7106
17794	7107
17794	7108
17794	7109
17794	7110
17794	7111
17794	7112
17794	7113
17794	7114
17794	7115
17794	7116
17794	7117
17794	7118
17794	7119
17794	7120
17794	7121
17794	7122
17794	7123
17794	7124
17794	7125
17794	7126
17794	7127
17794	7128
17794	7129
17794	7130
17794	7131
17794	7132
17794	7133
17794	7134
17794	10830
17794	10831
17794	10832
17794	10833
17794	10834
17794	10835
17794	10836
17794	10837
17794	10838
17794	10839
17794	10840
17794	10841
17794	10842
17794	10843
17794	10844
17794	10845
17794	10846
17794	10847
17794	10848
17794	10849
17794	10851
17794	10913
17794	10952
17794	11053
17794	11054
17794	11055
17794	11056
17794	11057
17794	11058
17794	11059
17794	11060
17794	11061
17794	11062
17794	11073
17794	11074
17794	11075
17794	11076
17794	11077
17794	11078
17794	11079
17794	11081
17794	11082
17794	11083
17794	11120
17794	11121
17794	11122
17794	11123
17794	11124
17794	11125
17794	11126
17794	11127
17794	11128
17794	11129
17794	11130
17794	11131
17794	11132
17794	11133
17794	11134
17794	11135
17794	11136
17794	11137
17794	11138
17794	11139
17794	15800
17794	15801
17794	15802
17794	15803
17794	15804
17794	15805
17794	16344
17794	16345
17794	16346
17794	16347
17794	16348
17794	16349
17794	16350
17794	16351
17794	16352
17794	16353
17794	16354
17794	16355
17794	16356
17794	16357
17794	16358
17794	16359
17794	16360
17794	16361
17794	16362
17794	16363
17794	16364
17794	16365
17794	16366
17794	16367
17794	16368
17794	16369
17794	16370
17794	16371
17794	16372
17794	16373
17794	16374
17794	16375
17794	16376
17794	16377
17794	16378
17794	16379
17794	16380
17794	16381
17794	16382
17794	16383
17794	16384
17794	16385
17794	16386
17794	16387
17794	16388
17794	16389
17794	16390
17794	16391
17794	16392
17794	16393
17795	2362
17795	2363
17795	2364
17795	2365
17795	2366
17795	2367
17795	2368
17795	2369
17795	2370
17795	2371
17795	2372
17795	2373
17795	2374
17795	2375
17795	2376
17795	2377
17795	2378
17795	2379
17795	2380
17795	2381
17795	2382
17795	2383
17795	2384
17795	2385
17795	2386
17795	2387
17795	2388
17795	2389
17795	2390
17795	2391
17795	2392
17795	2393
17795	2394
17795	2395
17795	2396
17795	2397
17795	2398
17795	2399
17795	2400
17795	2401
17795	2402
17795	2403
17795	2404
17795	2405
17795	2406
17795	2407
17795	2408
17795	2409
17795	2410
17795	2411
17795	2412
17795	2413
17795	2414
17795	2415
17795	2416
17795	2417
17795	2418
17795	2419
17795	2420
17795	2421
17795	3680
17795	3682
17795	6600
17795	6601
17795	6602
17795	6603
17795	6604
17795	6605
17795	6606
17795	6607
17795	6608
17795	6609
17795	6610
17795	6611
17795	6612
17795	6613
17795	6614
17795	6615
17795	6616
17795	6617
17795	6618
17795	6619
17795	6620
17795	6621
17795	6622
17795	6623
17795	6624
17795	6625
17795	6626
17795	6627
17795	6628
17795	6629
17795	6809
17795	6810
17795	6811
17795	6812
17795	6813
17795	6814
17795	6815
17795	6816
17795	6817
17795	6818
17795	6819
17795	6820
17795	6821
17795	6822
17795	6823
17795	6824
17795	6825
17795	6826
17795	6827
17795	6828
17795	6829
17795	6830
17795	6831
17795	6832
17795	6833
17795	6834
17795	6835
17795	6836
17795	6837
17795	6838
17795	6839
17795	6840
17795	6841
17795	6842
17795	6843
17795	6844
17795	6845
17795	6846
17795	6847
17795	6848
17795	6849
17795	6850
17795	6851
17795	6852
17795	6853
17795	6854
17795	6855
17795	6856
17795	6857
17795	6858
17795	6859
17795	6860
17795	6861
17795	6862
17795	6863
17795	6864
17795	6865
17795	6866
17795	6867
17795	6868
17795	8509
17795	8510
17795	8511
17795	8512
17795	8513
17795	8514
17795	8515
17795	8516
17795	8517
17795	8518
17795	8519
17795	8520
17795	8521
17795	8522
17795	8523
17795	8524
17795	8525
17795	8526
17795	8527
17795	8528
17795	8529
17795	8530
17795	8531
17795	8532
17795	8533
17795	8534
17795	8535
17795	8536
17795	8537
17795	8538
17795	8857
17795	10777
17795	11584
17795	11978
17795	11979
17795	11980
17795	11981
17795	11982
17795	11983
17795	11984
17795	11985
17795	11986
17795	11987
17795	11988
17795	11989
17795	11990
17795	11991
17795	11992
17795	11993
17795	11994
17795	11995
17795	11996
17795	11997
17795	12008
17795	12009
17795	12010
17795	12011
17795	12012
17795	12013
17795	12014
17795	12015
17795	12016
17795	12017
17795	12028
17795	12029
17795	12030
17795	12031
17795	12032
17795	12033
17795	12034
17795	12035
17795	12036
17795	12037
17795	12048
17795	12049
17795	12050
17795	12051
17795	12052
17795	12053
17795	12054
17795	12055
17795	12057
17795	12059
17795	12068
17795	12069
17795	12070
17795	12071
17795	12072
17795	12073
17795	12074
17795	12075
17795	12076
17795	12077
17795	12078
17795	12079
17795	12080
17795	12081
17795	12082
17795	12083
17795	12084
17795	12085
17795	12086
17795	12087
17795	12088
17795	12089
17795	12090
17795	12091
17795	12092
17795	12093
17795	12094
17795	12095
17795	12096
17795	12097
17795	12098
17795	12099
17795	12100
17795	12101
17795	12102
17795	12103
17795	12104
17795	12105
17795	12106
17795	12107
17795	12188
17795	12189
17795	12190
17795	12191
17795	12192
17795	12193
17795	12194
17795	12195
17795	12196
17795	12197
17795	12258
17795	12259
17795	12260
17795	12261
17795	12262
17795	12263
17795	12264
17795	12265
17795	12266
17795	12267
17795	12268
17795	12269
17795	12270
17795	12271
17795	12272
17795	12273
17795	12274
17795	12275
17795	12276
17795	12277
17795	12278
17795	12279
17795	12280
17795	12281
17795	12282
17795	12283
17795	12284
17795	12285
17795	12286
17795	12287
17795	12288
17795	12289
17795	12290
17795	12291
17795	12292
17795	12293
17795	12294
17795	12295
17795	12296
17795	12297
17795	12298
17795	12299
17795	12300
17795	12301
17795	12302
17795	12303
17795	12304
17795	12305
17795	12306
17795	12307
17795	12308
17795	12309
17795	12310
17795	12311
17795	12312
17795	12313
17795	12314
17795	12315
17795	12316
17795	12317
17795	12318
17795	12319
17795	12320
17795	12321
17795	12322
17795	12323
17795	12324
17795	12325
17795	12326
17795	12327
17795	12328
17795	12329
17795	12330
17795	12331
17795	12332
17795	12333
17795	12334
17795	12335
17795	12336
17795	12337
17795	12338
17795	12339
17795	12340
17795	12341
17795	12342
17795	12343
17795	12344
17795	12345
17795	12346
17795	12347
17795	12348
17795	12349
17795	12350
17795	12351
17795	12352
17795	12353
17795	12354
17795	12355
17795	12356
17795	12357
17795	12568
17795	12569
17795	12570
17795	12571
17795	12572
17795	12573
17795	12574
17795	12575
17795	12576
17795	12577
17795	12578
17795	12579
17795	12580
17795	12581
17795	12582
17795	12583
17795	12584
17795	12585
17795	12586
17795	12587
17795	12588
17795	12589
17795	12590
17795	12591
17795	12592
17795	12593
17795	12594
17795	12595
17795	12596
17795	12597
17795	12598
17795	12599
17795	12600
17795	12601
17795	12602
17795	12603
17795	12604
17795	12605
17795	12606
17795	12607
17795	12608
17795	12609
17795	12610
17795	12611
17795	12612
17795	12613
17795	12614
17795	12615
17795	12616
17795	12617
17795	12618
17795	12619
17795	12620
17795	12621
17795	12622
17795	12623
17795	12624
17795	12625
17795	12626
17795	12627
17795	12628
17795	12629
17795	12630
17795	12631
17795	12632
17795	12633
17795	12634
17795	12635
17795	12636
17795	12637
17795	12638
17795	12639
17795	12640
17795	12641
17795	12642
17795	12643
17795	12644
17795	12645
17795	12646
17795	12647
17795	12648
17795	12649
17795	12650
17795	12651
17795	12652
17795	12653
17795	12654
17795	12655
17795	12656
17795	12657
17795	12658
17795	12659
17795	12660
17795	12661
17795	12662
17795	12663
17795	12664
17795	12665
17795	12666
17795	12667
17796	11722
17796	11723
17796	11724
17796	11725
17796	11726
17796	11727
17796	11728
17796	11729
17796	11730
17796	11731
17796	11732
17796	11733
17796	11734
17796	11735
17796	11736
17796	11737
17796	11738
17796	11739
17796	11740
17796	11741
17796	11742
17796	11743
17796	11744
17796	11745
17796	11746
17796	11747
17796	11748
17796	11749
17796	11750
17796	11751
17796	11752
17796	11753
17796	11754
17796	11755
17796	11756
17796	11757
17796	11758
17796	11759
17796	11760
17796	11761
17796	11762
17796	11763
17796	11764
17796	11765
17796	11766
17796	11767
17796	11768
17796	11769
17796	11770
17796	11771
17796	11772
17796	11773
17796	11774
17796	11775
17796	11776
17796	11777
17796	11778
17796	11779
17796	11780
17796	11781
17796	11782
17796	11783
17796	11784
17796	11785
17796	11786
17796	11787
17796	11788
17796	11789
17796	11831
17796	11832
17796	11833
17796	11834
17796	11835
17796	11836
17796	11837
17796	11838
17796	11839
17796	11840
17796	11841
17796	11842
17796	11843
17796	11844
17796	11845
17796	11846
17796	11847
17796	11848
17796	11849
17796	11850
17796	11851
17796	11852
17796	11853
17796	11854
17796	11855
17796	11856
17796	11857
17797	7391
17797	7392
17797	7393
17797	7394
17797	7395
17797	7396
17797	7397
17797	7398
17797	7399
17797	7400
17797	7401
17797	7402
17797	7403
17797	7404
17797	7405
17797	7406
17797	7407
17797	7408
17797	7409
17797	7410
17797	7411
17797	7412
17797	7413
17797	7414
17797	7415
17797	7416
17797	7417
17797	7418
17797	7419
17797	7420
17797	7421
17797	7422
17797	7423
17797	7424
17797	7425
17797	7426
17797	7427
17797	7428
17797	7429
17797	7430
17797	7431
17797	7432
17797	7433
17797	7434
17797	7435
17797	7436
17797	7437
17797	7438
17797	7439
17797	7440
17797	7441
17797	7442
17797	7443
17797	7444
17797	7445
17797	7446
17797	7447
17797	7448
17797	7449
17797	7450
17797	7451
17797	7452
17797	7453
17797	7454
17797	7455
17797	7456
17797	7457
17797	7458
17797	7459
17797	7460
17797	7461
17797	7462
17797	7463
17797	7464
17797	7465
17797	7466
17797	7467
17797	7468
17797	7469
17797	7470
17797	7471
17797	7472
17797	7473
17797	7474
17797	7475
17797	7476
17797	7477
17797	7478
17797	7479
17797	7480
17797	12458
17797	12459
17797	12460
17797	12461
17797	12462
17797	12463
17797	12464
17797	12465
17797	12466
17797	12467
17797	12468
17797	12469
17797	12470
17797	12471
17797	12472
17797	12473
17797	12474
17797	12475
17797	12476
17797	12477
17797	12478
17797	12479
17797	12480
17797	12481
17797	12482
17797	12483
17797	12484
17797	12485
17797	12486
17797	12487
17797	12488
17797	12489
17797	12490
17797	12491
17797	12492
17797	12493
17797	12494
17797	12495
17797	12496
17797	12497
17797	12498
17797	12499
17797	12500
17797	12501
17797	12502
17797	12503
17797	12504
17797	12505
17797	12506
17797	12507
17797	12508
17797	12509
17797	12510
17797	12511
17797	12512
17797	12513
17797	12514
17797	12515
17797	12516
17797	12517
17797	12518
17797	12519
17797	12520
17797	12521
17797	12522
17797	12523
17797	12524
17797	12525
17797	12526
17797	12527
17797	12528
17797	12529
17797	12530
17797	12531
17797	12532
17797	12533
17797	12534
17797	12535
17797	12536
17797	12537
17797	12538
17797	12539
17797	12540
17797	12541
17797	12542
17797	12543
17797	12544
17797	12545
17797	12546
17797	12547
17797	12548
17797	12549
17797	12550
17797	12551
17797	12552
17797	12553
17797	12554
17797	12555
17797	12556
17797	12557
17797	12558
17797	12559
17797	12560
17797	12561
17797	12562
17797	12563
17797	12564
17797	12565
17797	12566
17797	12567
17797	13004
17797	13005
17797	13006
17797	13007
17797	13008
17797	13009
17797	13011
17797	13012
17797	13013
17797	13016
17797	13017
17797	13018
17797	13019
17797	13020
17797	13021
17797	13022
17797	13023
17797	13024
17797	13025
17797	13046
17797	13047
17797	13048
17797	13049
17797	13050
17797	13051
17797	13062
17797	13063
17797	13064
17797	13065
17797	13066
17797	13067
17797	13068
17797	13069
17797	13070
17797	13071
17797	13072
17797	13073
17797	13074
17797	13085
17798	1378
17798	1379
17798	1380
17798	1381
17798	1382
17798	1383
17798	1384
17798	1385
17798	1386
17798	1387
17798	1389
17798	1390
17798	1391
17798	1392
17798	1393
17798	1394
17798	1395
17798	1396
17798	1397
17798	1398
17798	1399
17798	1400
17798	1401
17798	1402
17798	1403
17798	1404
17798	1405
17798	1406
17798	1407
17798	1408
17798	5022
17798	5023
17798	5024
17798	5025
17798	5026
17798	5027
17798	5028
17798	5029
17798	5030
17798	5031
17798	5032
17798	5033
17798	5034
17798	5035
17798	5036
17798	5037
17798	5038
17798	5039
17798	5040
17798	5041
17798	5042
17798	5043
17798	5044
17798	5045
17798	5046
17798	5047
17798	5048
17798	5049
17798	5050
17798	5051
17798	11220
17798	11221
17798	11222
17798	11223
17798	11224
17798	11225
17798	11226
17798	11227
17798	11228
17798	11229
17798	11230
17798	11231
17798	11232
17798	11233
17798	11234
17798	11235
17798	11236
17798	11237
17798	11238
17798	11239
17798	11240
17798	11241
17798	11242
17798	11243
17798	11244
17798	11245
17798	11246
17798	11247
17798	11248
17798	11249
17798	11250
17798	11251
17798	11252
17798	11253
17798	11254
17798	11255
17798	11256
17798	11257
17798	11258
17798	11259
17798	11260
17798	11261
17798	11262
17798	11263
17798	11264
17798	11265
17798	11266
17798	11267
17798	11268
17798	11269
17798	11270
17798	11271
17798	11272
17798	11273
17798	11274
17798	11275
17798	11276
17798	11277
17798	11278
17798	11279
17798	11280
17798	11281
17798	11282
17798	11283
17798	11284
17798	11285
17798	11286
17798	11287
17798	11288
17798	11289
17798	11290
17798	11291
17798	11292
17798	11293
17798	11294
17798	11295
17798	11296
17798	11297
17798	11298
17798	11299
17798	11300
17798	11301
17798	11302
17798	11303
17798	11304
17798	11305
17798	11306
17798	11307
17798	11308
17798	11309
17798	11310
17798	11311
17798	11312
17798	11313
17798	11314
17799	1191
17799	1192
17799	1193
17799	1194
17799	1195
17799	1196
17799	1197
17799	1198
17799	1199
17799	1200
17799	1201
17799	1202
17799	1203
17799	1204
17799	12668
17799	12669
17799	12670
17799	12671
17799	12672
17799	12673
17799	12674
17799	12675
17799	12676
17799	12677
17799	12678
17799	12679
17799	12680
17799	12681
17799	12682
17799	12683
17799	12684
17799	12685
17799	12686
17799	12687
17799	12688
17799	12689
17799	12690
17799	12691
17799	12692
17799	12693
17799	12694
17799	12695
17799	12696
17799	12697
17799	12698
17799	12699
17799	12700
17799	12701
17799	12702
17799	12703
17799	12704
17799	12705
17799	12706
17799	12707
17799	12708
17799	12709
17799	12710
17799	12711
17799	12712
17799	12713
17799	12714
17799	12715
17799	12756
17799	12757
17799	12758
17799	12759
17799	12760
17799	12761
17799	12762
17799	12763
17799	12764
17799	12765
17799	12776
17799	12777
17799	12778
17799	12779
17799	12780
17799	12781
17799	12782
17799	12783
17799	12784
17799	12785
17799	12788
17799	12790
17799	12792
17799	12794
17799	12796
17799	12798
17799	12801
17799	12803
17799	12804
17799	12805
17799	12806
17799	12807
17799	12808
17799	12809
17799	12810
17799	12811
17799	12812
17799	12813
17799	12814
17799	12815
17799	12826
17799	12827
17799	12828
17799	12829
17799	12830
17799	12831
17799	12832
17799	12833
17799	12834
17799	12835
17799	12836
17799	12837
17799	12838
17799	12839
17799	12840
17799	12841
17799	12842
17799	12843
17799	12844
17799	12845
17800	13150
17800	13153
17800	13156
17800	13159
17800	13160
17800	13161
17800	13162
17800	13163
17800	13164
17800	13165
17800	13176
17800	13177
17800	13178
17800	13179
17800	13180
17800	13181
17800	13182
17800	13183
17800	13184
17800	13185
17800	13196
17800	13197
17800	13198
17800	13199
17800	13200
17800	13201
17800	13202
17800	13203
17800	13204
17800	13205
17800	13216
17800	13217
17800	13218
17800	13219
17800	13220
17800	13221
17800	13222
17800	13223
17800	13224
17800	13225
17800	13230
17800	13233
17800	13236
17800	13239
17800	13240
17800	13241
17800	13242
17800	13243
17800	13244
17800	13245
17800	13246
17800	13247
17800	13248
17800	13249
17800	13250
17800	13251
17800	13252
17800	13253
17800	13254
17800	13255
17800	13256
17800	13257
17800	13258
17800	13259
17800	13260
17800	13261
17800	13262
17800	13263
17800	13264
17800	13265
17800	13266
17800	13267
17800	13268
17800	13269
17800	13270
17800	13271
17800	13272
17800	13273
17800	13274
17800	13275
17800	13276
17800	13277
17800	13278
17800	13279
17800	13280
17800	13281
17800	13282
17800	13283
17800	13284
17800	13285
17800	15620
17800	15621
17800	15622
17800	15623
17800	15624
17800	15625
17800	15626
17800	15627
17800	15628
17800	15629
17801	1111
17801	1112
17801	1113
17801	1114
17801	1115
17801	1116
17801	1117
17801	1118
17801	1119
17801	1120
17801	1121
17801	1122
17801	1123
17801	1124
17801	1125
17801	1126
17801	1127
17801	1128
17801	1129
17801	1130
17801	1131
17801	1132
17801	1133
17801	1134
17801	1135
17801	1136
17801	1137
17801	1138
17801	1139
17801	1140
17801	1141
17801	1142
17801	1143
17801	1144
17801	1145
17801	1146
17801	1147
17801	1148
17801	1149
17801	1150
17801	5052
17801	5053
17801	5054
17801	5055
17801	5056
17801	5057
17801	5058
17801	5059
17801	5060
17801	5061
17801	5062
17801	5063
17801	5064
17801	5065
17801	5066
17801	5067
17801	5068
17801	5069
17801	5070
17801	5071
17801	5072
17801	5073
17801	5074
17801	5075
17801	5076
17801	5077
17801	5078
17801	5079
17801	5080
17801	5081
17801	5082
17801	5083
17801	5084
17801	5085
17801	5086
17801	5087
17801	5088
17801	5089
17801	5090
17801	5091
17801	5092
17801	5093
17801	5094
17801	5095
17801	5096
17801	5097
17801	5098
17801	5099
17801	5100
17801	5101
17801	5102
17801	5103
17801	5104
17801	5105
17801	5106
17801	5107
17801	5108
17801	5109
17801	5110
17801	5111
17801	10870
17801	10871
17801	10872
17801	10873
17801	10874
17801	10875
17801	10876
17801	10877
17801	10878
17801	10879
17801	10888
17801	10891
17801	10892
17801	10893
17801	10894
17801	10895
17801	10896
17801	10897
17801	10898
17801	10899
17801	10910
17801	10911
17801	10912
17801	10914
17801	10915
17801	10916
17801	10917
17801	10918
17801	10919
17801	10920
17801	11140
17801	11141
17801	11142
17801	11143
17801	11144
17801	11145
17801	11146
17801	11147
17801	11148
17801	11149
17801	11150
17801	11151
17801	11152
17801	11153
17801	11154
17801	11155
17801	11156
17801	11157
17801	11158
17801	11159
17801	11160
17801	11161
17801	11162
17801	11163
17801	11164
17801	11165
17801	11166
17801	11167
17801	11168
17801	11169
17801	11170
17801	11171
17801	11172
17801	11173
17801	11174
17801	11175
17801	11176
17801	11177
17801	11178
17801	11179
17801	11180
17801	11181
17801	11182
17801	11183
17801	11184
17801	11185
17801	11186
17801	11187
17801	11188
17801	11189
17801	11190
17801	11191
17801	11192
17801	11193
17801	11194
17801	11195
17801	11196
17801	11197
17801	11198
17801	11199
17801	11200
17801	11201
17801	11202
17801	11203
17801	11204
17801	11205
17801	11206
17801	11207
17801	11208
17801	11209
17801	11210
17801	11211
17801	11212
17801	11213
17801	11214
17801	11215
17801	11216
17801	11217
17801	11218
17801	11219
17801	13744
17802	4752
17802	4753
17802	4754
17802	4755
17802	4756
17802	4757
17802	4758
17802	4759
17802	4760
17802	4761
17802	4762
17802	4763
17802	4764
17802	4765
17802	4766
17802	4767
17802	4768
17802	4769
17802	4770
17802	4771
17802	4772
17802	4773
17802	4774
17802	4775
17802	4776
17802	4777
17802	4778
17802	4779
17802	4780
17802	4781
17802	4782
17802	4783
17802	4784
17802	4785
17802	4786
17802	4787
17802	4788
17802	4789
17802	4790
17802	4791
17802	4792
17802	4793
17802	4794
17802	4795
17802	4796
17802	4797
17802	4798
17802	4799
17802	4800
17802	4801
17802	4802
17802	4803
17802	4804
17802	4805
17802	4806
17802	4807
17802	4808
17802	4809
17802	4810
17802	4811
17802	6869
17802	6870
17802	6871
17802	6872
17802	6873
17802	6874
17802	6875
17802	6876
17802	6877
17802	6878
17802	6879
17802	6880
17802	6881
17802	6882
17802	6883
17802	6884
17802	6885
17802	6886
17802	6887
17802	6888
17802	6889
17802	6890
17802	6891
17802	6892
17802	6893
17802	6894
17802	6895
17802	6896
17802	6897
17802	6898
17802	13386
17802	13387
17802	13388
17802	13389
17802	13390
17802	13391
17802	13392
17802	13393
17802	13394
17802	13395
17802	13396
17802	13397
17802	13398
17802	13399
17802	13400
17802	13401
17802	13402
17802	13403
17802	13404
17802	13405
17802	13406
17802	13407
17802	13408
17802	13409
17802	13410
17802	13411
17802	13412
17802	13413
17802	13414
17802	13415
17802	13416
17802	13417
17802	13418
17802	13419
17802	13420
17802	13421
17802	13422
17802	13423
17802	13424
17802	13425
17802	13426
17802	13427
17802	13428
17802	13429
17802	13430
17802	13431
17802	13432
17802	13433
17802	13434
17802	13435
17802	13436
17802	13437
17802	13438
17802	13439
17802	13440
17802	13441
17802	13442
17802	13443
17802	13444
17802	13445
17802	13446
17802	13447
17802	13448
17802	13449
17802	13450
17802	13451
17802	13452
17802	13453
17802	13454
17802	13455
17802	13456
17802	13457
17802	13458
17802	13459
17802	13460
17802	13461
17802	13462
17802	13463
17802	13464
17802	13465
17802	13466
17802	13467
17802	13468
17802	13469
17802	13470
17802	13471
17802	13472
17802	13473
17802	13474
17802	13475
17802	13575
17802	13576
17802	13577
17802	13578
17802	13579
17802	13580
17802	13581
17802	13582
17802	13583
17802	13584
17802	16828
17802	16829
17802	16830
17802	16831
17802	16832
17802	16833
17802	16834
17802	16835
17802	16836
17802	16837
17802	16838
17802	16839
17802	16840
17802	16841
17802	16842
17802	16843
17802	16844
17802	16845
17802	16846
17802	16847
17802	16848
17802	16849
17802	16850
17802	16851
17802	16852
17802	16853
17802	16854
17802	16855
17802	16856
17802	16857
17802	16858
17802	16859
17802	16860
17802	16861
17802	16862
17802	16863
17802	16864
17802	16865
17802	16866
17802	16867
17802	16868
17802	16869
17802	16870
17802	16871
17802	16872
17802	16873
17802	16874
17802	16875
17802	16876
17802	16877
17802	16878
17802	16879
17802	16880
17802	16881
17802	16882
17802	16883
17802	16884
17802	16885
17802	16886
17802	16887
17802	16888
17802	17245
17802	17246
17802	17247
17802	17248
17802	17249
17802	17250
17802	17251
17802	17252
17802	17253
17802	17254
17802	17255
17802	17256
17802	17257
17802	17258
17802	17259
17802	17260
17802	17261
17802	17262
17802	17263
17802	17264
17802	17265
17802	17266
17802	17267
17802	17268
17802	17269
17802	17270
17802	17271
17802	17272
17802	17273
17802	17274
17802	17275
17802	17276
17802	17277
17802	17278
17802	17279
17802	17280
17802	17281
17802	17282
17802	17283
17802	17284
17802	17285
17802	17286
17802	17287
17802	17288
17802	17289
17802	17290
17802	17291
17802	17292
17802	17293
17802	17294
17802	17295
17802	17296
17802	17297
17802	17298
17802	17299
17802	17300
17802	17301
17802	17302
17802	17303
17802	17304
17802	17305
17802	17306
17802	17307
17802	17308
17802	17309
17802	17310
17802	17311
17802	17312
17802	17313
17802	17314
17802	17315
17802	17316
17802	17317
17802	17318
17802	17319
17802	17320
17802	17321
17802	17322
17802	17323
17802	17324
17802	17325
17802	17326
17802	17327
17802	17328
17802	17329
17802	17330
17802	17331
17802	17332
17802	17333
17802	17334
17802	17335
17802	17336
17802	17337
17802	17338
17802	17339
17802	17340
17802	17341
17802	17342
17802	17343
17802	17344
17802	17345
17802	17346
17802	17347
17802	17348
17802	17349
17802	17350
17802	17351
17802	17352
17802	17353
17802	17354
17802	17355
17802	17356
17802	17357
17802	17358
17802	17359
17802	17360
17802	17361
17802	17362
17802	17363
17802	17364
17802	17365
17802	17366
17802	17367
17802	17368
17802	17369
17802	17370
17802	17371
17802	17372
17802	17373
17802	17374
17802	17375
17802	17376
17802	17377
17802	17378
17802	17379
17802	17380
17802	17381
17802	17382
17802	17383
17802	17384
17802	17385
17803	16684
17803	16685
17803	16686
17803	16687
17803	16688
17803	16689
17803	16690
17803	16691
17803	16692
17803	16693
17803	16694
17803	16695
17803	16696
17803	16697
17803	16698
17803	16699
17803	16700
17803	16701
17803	16702
17803	16703
17803	16704
17803	16705
17803	16706
17803	16707
17803	16708
17803	16709
17803	16710
17803	16711
17803	16712
17803	16713
17803	16714
17803	16715
17803	16716
17803	16717
17803	16718
17803	16719
17803	16720
17803	16721
17803	16722
17803	16723
17803	16724
17803	16725
17803	16726
17803	16727
17803	16728
17803	16729
17803	16730
17803	16731
17803	16732
17803	16733
17803	16734
17803	16735
17803	16736
17803	16737
17803	16738
17803	16739
17803	16740
17803	16741
17803	16742
17803	16743
17803	16744
17803	16745
17803	16746
17803	16747
17803	16748
17803	16749
17803	16750
17803	16751
17803	16752
17803	16753
17803	16754
17803	16755
17803	16756
17803	16757
17803	16758
17803	16759
17803	16760
17803	16761
17803	16762
17803	16763
17803	16764
17803	16765
17803	16766
17803	16767
17803	16768
17803	16769
17803	16770
17803	16771
17803	16772
17803	16773
17803	16774
17803	16775
17803	16776
17803	16777
17803	16778
17803	16779
17803	16780
17803	16781
17803	16782
17803	16783
17803	16784
17803	16785
17803	16786
17803	16787
17803	16788
17803	16789
17803	16790
17803	16791
17803	16792
17803	16793
17803	16794
17803	16795
17803	16796
17803	16797
17803	16798
17804	3870
17804	3871
17804	3872
17804	3873
17804	3874
17804	3875
17804	3876
17804	3877
17804	3878
17804	3879
17804	3880
17804	3881
17804	3882
17804	3883
17804	3884
17804	3885
17804	3886
17804	3887
17804	3888
17804	3889
17804	3890
17804	3891
17804	3892
17804	3893
17804	3894
17804	3895
17804	3896
17804	3897
17804	3898
17804	3899
17804	3900
17804	3901
17804	3902
17804	3903
17804	3904
17804	3905
17804	3906
17804	3907
17804	3908
17804	3909
17804	3910
17804	3911
17804	3912
17804	3913
17804	3914
17804	3915
17804	3916
17804	3917
17804	3918
17804	3919
17804	3920
17804	3921
17804	3922
17804	3923
17804	3924
17804	3925
17804	3926
17804	3927
17804	3928
17804	3929
17804	3930
17804	3931
17804	3932
17804	3933
17804	3934
17804	3935
17804	3936
17804	3937
17804	3938
17804	3939
17804	3940
17804	3941
17804	3942
17804	3943
17804	3944
17804	3945
17804	3946
17804	4257
17804	4258
17804	4259
17804	4260
17804	4261
17804	4262
17804	4263
17804	4264
17804	4265
17804	4266
17804	4267
17804	4268
17804	4269
17804	4270
17804	4271
17804	4272
17804	4273
17804	4274
17804	4275
17804	4276
17804	4277
17804	4278
17804	4279
17804	4280
17804	4281
17804	4282
17804	4283
17804	4284
17804	4285
17804	4286
17804	4287
17804	4288
17804	4289
17804	4290
17804	4291
17804	4292
17804	4293
17804	4294
17804	4295
17804	4296
17804	4297
17804	4298
17804	4299
17804	4300
17804	4301
17804	4302
17804	4303
17804	4304
17804	4305
17804	4306
17804	4307
17804	4308
17804	4309
17804	4310
17804	4311
17804	4312
17804	4313
17804	4314
17804	4315
17804	4316
17804	4317
17804	4318
17804	4319
17804	4320
17804	4321
17804	4322
17804	4323
17804	4324
17804	4325
17804	4326
17804	4327
17804	4328
17804	4329
17804	4330
17804	4331
17804	4332
17804	4333
17804	4334
17804	4335
17804	4336
17804	4337
17804	4338
17804	4339
17804	4340
17804	4341
17804	4342
17804	4343
17804	5829
17804	5830
17804	5831
17804	5832
17804	5833
17804	5834
17804	5835
17804	5836
17804	5837
17804	5838
17804	5839
17804	5840
17804	5841
17804	5842
17804	5843
17804	5844
17804	5845
17804	5846
17804	5847
17804	5848
17804	5849
17804	5850
17804	5851
17804	5852
17804	5853
17804	5854
17804	5855
17804	5856
17804	5857
17804	5858
17804	5859
17804	5860
17804	5861
17804	5862
17804	5863
17804	5864
17804	5865
17804	5866
17804	5867
17804	5868
17804	5869
17804	5870
17804	5871
17804	5872
17804	5873
17804	5874
17804	5875
17804	5876
17804	5877
17804	5878
17804	5879
17804	5880
17804	5881
17804	5882
17804	5883
17804	5884
17804	5885
17804	5886
17804	5887
17804	5888
17804	5889
17804	5890
17804	5891
17804	5892
17804	5893
17804	5894
17804	5895
17804	5896
17804	5897
17804	5898
17804	5899
17804	5900
17804	5901
17804	5902
17804	5903
17804	5904
17804	5905
17804	5906
17804	5907
17804	5908
17804	5909
17804	5910
17804	5911
17804	5912
17804	5913
17804	5914
17804	5915
17804	5916
17804	5917
17804	5918
17804	5919
17804	5920
17804	5921
17804	5922
17804	5923
17804	5924
17804	5925
17804	5926
17804	5927
17804	5928
17804	5929
17804	5930
17804	5931
17804	5932
17804	5933
17804	5934
17804	5935
17804	5936
17804	5937
17804	5938
17804	5939
17804	5940
17804	5941
17804	5942
17804	5943
17804	5944
17804	5945
17804	5946
17804	5947
17804	5948
17804	5949
17804	5950
17804	5951
17804	5952
17804	5953
17804	5954
17804	5955
17804	5956
17804	5957
17804	5958
17804	5959
17804	5960
17804	5961
17804	5962
17804	5963
17804	5964
17804	5965
17804	5966
17804	5967
17804	5968
17804	5969
17804	5970
17804	5971
17804	5972
17804	5973
17804	5974
17804	5975
17804	5976
17804	5977
17804	5978
17804	5979
17804	5980
17804	5981
17804	5982
17804	5983
17804	5984
17804	5985
17804	5986
17804	5987
17804	5988
17804	5989
17804	5990
17804	5991
17804	5992
17804	5993
17804	5994
17804	5995
17804	5996
17804	5997
17804	5998
17804	5999
17804	6000
17804	6001
17804	6002
17804	6003
17804	6004
17804	6005
17804	6006
17804	6007
17804	6008
17804	6009
17804	6010
17804	6011
17804	6012
17804	6013
17804	6014
17804	6015
17804	6016
17804	6017
17804	6018
17804	6019
17804	6020
17804	6021
17804	6022
17804	6023
17804	6024
17804	6025
17804	6026
17804	6027
17804	6028
17804	6029
17804	14993
17804	14994
17804	14995
17804	14996
17804	14997
17804	14998
17804	14999
17804	15000
17804	15001
17804	15002
17804	15013
17804	15014
17804	15015
17804	15016
17804	15017
17804	15018
17804	15019
17804	15020
17804	15021
17804	15022
17804	15023
17804	15024
17804	15025
17804	15026
17804	15027
17804	15028
17804	15029
17804	15030
17804	15031
17804	15032
17804	15041
17804	15043
17804	15044
17804	15046
17804	15047
17804	15048
17804	15049
17804	15050
17804	15051
17804	15052
17804	15053
17804	15054
17804	15055
17804	15056
17804	15058
17804	15059
17804	15061
17804	15062
17804	15064
17804	15065
17804	15073
17804	15074
17804	15075
17804	15076
17804	15077
17804	15078
17804	15079
17804	15080
17804	15081
17804	15082
17804	15083
17804	15084
17804	15085
17804	15086
17804	15087
17804	15088
17804	15089
17804	15090
17804	15091
17804	15092
17804	15093
17804	15094
17804	15095
17804	15096
17804	15097
17804	15098
17804	15099
17804	15100
17804	15101
17804	15102
17804	15103
17804	15104
17804	15105
17804	15106
17804	15107
17804	15108
17804	15109
17804	15110
17804	15111
17804	15112
17804	15630
17804	15631
17804	15632
17804	15633
17804	15634
17804	15635
17804	15636
17804	15637
17804	15638
17804	15639
17804	15640
17804	15641
17804	15642
17804	15643
17804	15644
17804	15645
17804	15646
17804	15647
17804	15648
17804	15649
17804	15650
17804	15651
17804	15652
17804	15653
17804	15654
17804	15655
17804	15656
17804	15657
17804	15658
17804	15659
17804	16799
17804	16800
17804	16801
17804	16802
17804	16803
17804	16804
17804	16805
17804	16806
17804	16807
17804	16808
17804	16809
17804	16810
17804	16811
17804	16812
17804	16813
17804	16814
17804	16815
17804	16816
17804	16817
17804	16818
17804	16819
17804	16820
17804	16821
17804	16822
17804	16823
17804	16824
17804	16825
17804	16826
17804	16827
17804	17146
17804	17147
17804	17148
17804	17149
17804	17150
17804	17151
17804	17152
17804	17153
17804	17154
17804	17155
17804	17156
17804	17157
17804	17158
17804	17159
17804	17160
17804	17161
17804	17162
17804	17163
17804	17164
17804	17165
17804	17166
17804	17167
17804	17168
17804	17169
17804	17170
17804	17171
17804	17172
17804	17173
17804	17174
17804	17175
17804	17176
17804	17177
17804	17178
17804	17179
17804	17180
17804	17181
17804	17182
17804	17183
17804	17184
17804	17185
17805	15203
17805	15204
17805	15205
17805	15206
17805	15207
17805	15208
17805	15209
17805	15210
17805	15211
17805	15212
17805	15213
17805	15214
17805	15215
17805	15216
17805	15217
17805	15218
17805	15219
17805	15220
17805	15221
17805	15222
17805	15223
17805	15224
17805	15225
17805	15226
17805	15227
17805	15228
17805	15229
17805	15230
17805	15231
17805	15232
17805	15233
17805	15234
17805	15235
17805	15236
17805	15237
17805	15238
17805	15239
17805	15240
17805	15241
17805	15242
17805	15243
17805	15244
17805	15245
17805	15246
17805	15247
17805	15248
17805	15249
17805	15250
17805	15251
17805	15252
17805	15253
17805	15254
17805	15255
17805	15256
17805	15257
17805	15258
17805	15259
17805	15260
17805	15261
17805	15262
17805	15263
17805	15264
17805	15265
17805	15266
17805	15267
17805	15268
17805	15269
17805	15270
17805	15271
17805	15272
17805	15273
17805	15274
17805	15275
17805	15276
17805	15277
17805	15278
17805	15279
17805	15280
17805	15281
17805	15282
17805	15720
17805	15721
17805	15722
17805	15723
17805	15724
17805	15725
17805	15726
17805	15727
17805	15728
17805	15729
17805	15730
17805	15731
17805	15732
17805	15733
17805	15734
17805	15735
17805	15736
17805	15737
17805	15738
17805	15739
17805	17386
17805	17387
17805	17388
17805	17389
17805	17390
17805	17391
17805	17392
17805	17393
17805	17394
17805	17395
17805	17396
17805	17397
17805	17398
17805	17399
17805	17400
17805	17401
17805	17402
17805	17403
17805	17404
17805	17405
17806	15113
17806	15114
17806	15115
17806	15116
17806	15117
17806	15118
17806	15119
17806	15120
17806	15121
17806	15122
17806	15123
17806	15124
17806	15125
17806	15126
17806	15127
17806	15128
17806	15129
17806	15130
17806	15131
17806	15132
17806	15133
17806	15134
17806	15135
17806	15136
17806	15137
17806	15138
17806	15139
17806	15140
17806	15141
17806	15142
17806	15143
17806	15144
17806	15145
17806	15146
17806	15147
17806	15148
17806	15149
17806	15150
17806	15151
17806	15152
17806	15153
17806	15154
17806	15155
17806	15156
17806	15157
17806	15158
17806	15159
17806	15160
17806	15161
17806	15162
17806	15163
17806	15164
17806	15165
17806	15166
17806	15167
17806	15168
17806	15169
17806	15170
17806	15171
17806	15172
17806	15173
17806	15174
17806	15175
17806	15176
17806	15177
17806	15178
17806	15179
17806	15180
17806	15181
17806	15182
17806	15183
17806	15184
17806	15185
17806	15186
17806	15187
17806	15188
17806	15189
17806	15190
17806	15191
17806	15192
17806	15193
17806	15194
17806	15195
17806	15196
17806	15197
17806	15198
17806	15199
17806	15200
17806	15201
17806	15202
17806	15740
17806	15741
17806	15742
17806	15743
17806	15744
17806	15745
17806	15746
17806	15747
17806	15748
17806	15749
17806	15750
17806	15751
17806	15752
17806	15753
17806	15754
17806	15755
17806	15756
17806	15757
17806	15758
17806	15759
17806	15760
17806	15761
17806	15762
17806	15763
17806	15764
17806	15765
17806	15766
17806	15767
17806	15768
17806	15769
17807	6969
17807	6972
17807	6989
17807	6992
17808	6969
17808	6971
17808	6989
17808	6991
17809	290
17809	291
17809	292
17809	293
17809	294
17809	295
17809	296
17809	297
17809	440
17809	441
17809	442
17809	443
17809	444
17809	445
17809	446
17809	447
17809	448
17809	449
17810	594
17811	3812
17811	3813
17811	3814
17811	3815
17811	3816
17811	3817
17811	3818
17811	3819
17811	3820
17811	3821
17811	3822
17811	3823
17811	3824
17811	3825
17811	3826
17811	3827
17811	3828
17811	3829
17811	3830
17811	3831
17811	3832
17811	3833
17811	3834
17811	3835
17811	3836
17811	3837
17811	3838
17811	3839
17811	5531
17812	6969
17812	6970
17812	6989
17812	6990
17812	9285
17812	9289
17812	9293
17812	9299
17812	9303
17812	9305
17812	9309
17812	9313
17812	9315
17812	9319
17812	9323
17812	9325
17812	9329
17812	9333
17812	9335
17812	9339
17812	9343
17812	16265
17812	16266
17812	16267
17812	16268
17812	16269
17812	16270
17812	16271
17812	16272
17812	16273
17812	16274
17812	16275
17812	16276
17812	16277
17812	16278
17812	16279
17812	16280
17812	16281
17812	16282
17812	16283
17812	16284
17812	16285
17812	16286
17812	16287
17812	16288
17812	16289
17812	16290
17812	16291
17812	16292
17812	16293
17813	9286
17813	9287
17813	9288
17813	9290
17813	9291
17813	9292
17813	9294
17813	9295
17813	9296
17813	9297
17813	9298
17813	9300
17813	9301
17813	9302
17813	9304
17813	9306
17813	9307
17813	9308
17813	9310
17813	9311
17813	9312
17813	9314
17813	9316
17813	9317
17813	9318
17813	9320
17813	9321
17813	9322
17813	9324
17813	9326
17813	9327
17813	9328
17813	9330
17813	9331
17813	9332
17813	9334
17813	9336
17813	9337
17813	9338
17813	9340
17813	9341
17813	9342
17813	9344
17814	13745
17814	13746
17814	13747
17814	13748
17814	13749
17814	13750
17814	13751
17814	13752
17814	13753
17814	13754
17814	13855
17814	13856
17814	13857
17814	13858
17814	13859
17814	13860
17814	13861
17814	13862
17814	13863
17814	13864
17814	13865
17814	13866
17814	13867
17814	13868
17814	13869
17814	13870
17814	13871
17814	13872
17814	13873
17814	13874
17815	16908
17815	16909
17815	16910
17815	16911
17815	16912
17815	16913
17815	16914
17815	16915
17815	16916
17815	16917
17815	16918
17815	16919
17815	16920
17815	16921
17815	16922
17815	16923
17815	16924
17815	16925
17815	16926
17815	16927
17815	16928
17815	16929
17815	16930
17815	16931
17815	16932
17815	16933
17815	16934
17815	16935
17815	16936
17815	17016
17815	17017
17815	17018
17815	17019
17815	17020
17815	17021
17815	17022
17815	17023
17815	17024
17815	17025
17816	17026
17816	17027
17816	17028
17816	17029
17816	17030
17816	17031
17816	17032
17816	17033
17816	17034
17816	17035
17816	17036
17816	17037
17816	17038
17816	17039
17816	17040
17816	17041
17816	17042
17816	17043
17816	17044
17816	17045
17816	17046
17816	17047
17816	17048
17816	17049
17816	17050
17816	17051
17816	17052
17816	17053
17816	17054
17816	17055
17816	17056
17816	17057
17816	17058
17816	17059
17816	17060
17816	17061
17816	17062
17816	17063
17816	17064
17816	17065
17817	1234
17817	1235
17817	1236
17817	1237
17817	3015
17817	3016
17817	3017
17817	3018
17817	3019
17817	3020
17817	3021
17817	3022
17817	3023
17817	3024
17817	3025
17817	3026
17817	3027
17817	3028
17817	3029
17817	3030
17817	3031
17817	3032
17817	3033
17818	1234
17818	1235
17818	1236
17818	1237
17818	3015
17818	3016
17818	3017
17818	3018
17818	3019
17818	3020
17818	3021
17818	3022
17818	3023
17818	3024
17818	3025
17818	3026
17818	3027
17818	3028
17818	3029
17818	3030
17818	3031
17818	3032
17818	3033
17819	1234
17819	1235
17819	1236
17819	1237
17819	3015
17819	3016
17819	3017
17819	3018
17819	3019
17819	3020
17819	3021
17819	3022
17819	3023
17819	3024
17819	3025
17819	3026
17819	3027
17819	3028
17819	3029
17819	3030
17819	3031
17819	3032
17819	3033
17820	1472
17820	1978
17820	1979
17820	1980
17820	1981
17821	1244
17821	1463
17821	1464
17821	1465
17821	1467
17821	1468
17821	1471
17821	1983
17821	2183
17821	3678
17821	3683
17821	3684
17821	3685
17822	1239
17822	1388
17822	1409
17822	1466
17822	1469
17822	1470
17822	1521
17822	1982
17822	2806
17822	3672
17823	1234
17823	1235
17823	1236
17823	1237
17823	3015
17823	3016
17823	3017
17823	3018
17823	3019
17823	3020
17823	3021
17823	3022
17823	3023
17823	3024
17823	3025
17823	3026
17823	3027
17823	3028
17823	3029
17823	3030
17823	3031
17823	3032
17823	3033
17824	2074
17824	2075
17824	2076
17824	2077
17824	2078
17824	2079
17824	2080
17824	2081
17824	2082
17824	2083
17824	2084
17824	2085
17824	2086
17824	2087
17824	2088
17824	2089
17824	2090
17824	2091
17824	2092
17824	2093
17824	2094
17824	2095
17824	2096
17824	2097
17824	2098
17824	2099
17824	2100
17824	2101
17824	2102
17824	2103
17824	2104
17824	2105
17824	2106
17824	2107
17824	2108
17824	2109
17824	2110
17824	2111
17824	2112
17824	2113
17824	2114
17824	2115
17824	2116
17824	2117
17824	2118
17824	2119
17824	2120
17824	2121
17824	2122
17824	2123
17824	2124
17824	2125
17824	2126
17824	2127
17824	2128
17824	2129
17824	2130
17824	2131
17824	2132
17824	2133
17824	2134
17824	2135
17824	2136
17824	2137
17824	2138
17824	2139
17824	2140
17824	2141
17824	2142
17824	2143
17824	2144
17824	2145
17824	2146
17824	2147
17824	2148
17824	2149
17824	2150
17824	2151
17824	2152
17824	2153
17824	2154
17824	2155
17824	2156
17824	2157
17824	2158
17824	2159
17824	2160
17824	2161
17824	2162
17824	2163
17824	2164
17824	2165
17824	2166
17824	2167
17824	2168
17824	2169
17824	2170
17824	2171
17824	3556
17824	3557
17824	3558
17824	13644
17824	13645
17824	13646
17824	13647
17824	13648
17824	13649
17824	13650
17824	13651
17824	13652
17824	13653
17824	13654
17824	13655
17824	13656
17824	13657
17824	13658
17824	13659
17824	13660
17824	13661
17824	13662
17824	13663
17824	13664
17824	13665
17824	13666
17824	13667
17824	13668
17824	13669
17824	13670
17824	13671
17824	13672
17824	13673
17824	13674
17824	13675
17824	13676
17824	13677
17824	13678
17824	13679
17824	13680
17824	13681
17824	13682
17824	13683
17824	13684
17824	13685
17824	13686
17824	13687
17824	13688
17824	13689
17824	13690
17824	13691
17824	13692
17824	13693
17824	13694
17824	13695
17824	13696
17824	13697
17824	13698
17824	13699
17824	13700
17824	13701
17824	13702
17824	13703
17824	13704
17824	13705
17824	13706
17824	13707
17824	13708
17824	13709
17824	13710
17824	13711
17824	13712
17824	13713
17824	13714
17824	13715
17824	13716
17824	13717
17824	13718
17824	13719
17824	13720
17824	13721
17824	13722
17824	13723
17824	13724
17824	13725
17824	13726
17824	13727
17824	13728
17824	13729
17824	13730
17824	13731
17824	13732
17824	13733
17824	13734
17824	13735
17824	13736
17824	13737
17824	13738
17824	13739
17824	13740
17824	13741
17824	13742
17824	13743
17825	3559
17825	3560
17825	3561
17825	3562
17825	3563
17825	3564
17825	3565
17825	3566
17825	3567
17825	3568
17825	3569
17825	3570
17825	3571
17825	3572
17825	3573
17825	3574
17825	3575
17825	3576
17825	3577
17825	3578
17825	3579
17825	3580
17825	3581
17825	3582
17825	3583
17825	3584
17825	3585
17825	3586
17825	3587
17825	3588
17825	3589
17825	3590
17825	3591
17825	3592
17825	3593
17825	3594
17825	3595
17825	3596
17825	3597
17825	3598
17825	3599
17825	3600
17825	3601
17825	3602
17825	3603
17825	3604
17825	3605
17825	3606
17825	3607
17825	3608
17825	3609
17825	3610
17825	3611
17825	3612
17825	3613
17825	3614
17825	3615
17825	3616
17825	3617
17825	3618
17825	3619
17825	3620
17825	3621
17825	3622
17825	3623
17825	3624
17825	3625
17825	3626
17825	3627
17825	3628
17825	3629
17825	3630
17825	3631
17825	3632
17825	3633
17825	3634
17825	3635
17825	3636
17825	3637
17825	3638
17825	3639
17825	3640
17825	3641
17825	3642
17825	3643
17825	3644
17825	3645
17825	3646
17825	3647
17825	3648
17825	3649
17825	3650
17825	3651
17825	3652
17825	3653
17825	3654
17825	3655
17825	3656
17825	3657
17825	3658
17825	3659
17825	3660
17825	3661
17825	3662
17825	3663
17825	5142
17825	5143
17825	5144
17825	5145
17825	5146
17825	5147
17825	5148
17825	5149
17825	5150
17825	5151
17825	5152
17825	5153
17825	5154
17825	5155
17825	5156
17825	5157
17825	5158
17825	5159
17825	5160
17825	5161
17825	5162
17825	5163
17825	5164
17825	5165
17825	5166
17825	5167
17825	5168
17825	5169
17825	5170
17825	5171
17825	5172
17825	5173
17825	5174
17825	5175
17825	5176
17825	5177
17825	5178
17825	5179
17825	5180
17825	5181
17825	5182
17825	5183
17825	5184
17825	5185
17825	5186
17825	5187
17825	5188
17825	5189
17825	5190
17825	5191
17825	5192
17825	5193
17825	5194
17825	5195
17825	5196
17825	5197
17825	5198
17825	5199
17825	5200
17825	5201
17825	5202
17825	5203
17825	5204
17825	5205
17825	5206
17825	5207
17825	5208
17825	5209
17825	5210
17825	5211
17825	5212
17825	5213
17825	5214
17825	5215
17825	5216
17825	5217
17825	5218
17825	5219
17825	5220
17825	5221
17825	5222
17825	5223
17825	5224
17825	5225
17825	5226
17825	5227
17825	5228
17825	5229
17825	5230
17825	5231
17825	5232
17825	5233
17825	5234
17825	5235
17825	5236
17825	5237
17825	5238
17825	5239
17825	5240
17825	10941
17825	10942
17825	10943
17825	10944
17825	10945
17825	10946
17825	10947
17825	10948
17825	10949
17825	10950
17825	10951
17825	10953
17825	10954
17825	10955
17825	10956
17825	10957
17825	10958
17825	10959
17825	10960
17825	10961
17825	14359
17825	14360
17825	14361
17825	14362
17825	14363
17825	14364
17825	14365
17825	14366
17825	14367
17825	14368
17825	14389
17825	14390
17825	14391
17825	14392
17825	14393
17825	14394
17825	14395
17825	14396
17825	14397
17825	14398
17825	14399
17825	14400
17825	14401
17825	14402
17825	14403
17825	14404
17825	14405
17825	14406
17825	14407
17825	14408
17825	14409
17825	14410
17825	14411
17825	14412
17825	14413
17825	14414
17825	14415
17825	14416
17825	14417
17825	14418
17825	14419
17825	14420
17825	14421
17825	14422
17825	14423
17825	14424
17825	14425
17825	14426
17825	14427
17825	14428
17825	14429
17825	14430
17825	14431
17825	14432
17825	14433
17825	14434
17825	14435
17825	14436
17825	14437
17825	14438
17825	14439
17825	14440
17825	14441
17825	14442
17825	14443
17825	14444
17825	14445
17825	14446
17825	14447
17825	14508
17825	14509
17825	14510
17825	14511
17825	14512
17825	14513
17825	14514
17825	14515
17825	14516
17825	14517
17825	14537
17825	14538
17825	14539
17825	14540
17825	14541
17825	14542
17825	14543
17825	14544
17825	14545
17825	14546
17825	14547
17825	14548
17825	14549
17825	14550
17825	14551
17825	14552
17825	14553
17825	14554
17825	14555
17825	14556
17825	14567
17825	14568
17825	14569
17825	14570
17825	14571
17825	14572
17825	14573
17825	14574
17825	14575
17825	14576
17825	14577
17825	14578
17825	14579
17825	14580
17825	14581
17825	14582
17825	14583
17825	14584
17825	14585
17825	14586
17825	14587
17825	14588
17825	14589
17825	14590
17825	14591
17825	14592
17825	14593
17825	14594
17825	14595
17825	14596
17825	14597
17825	14598
17825	14599
17825	14600
17825	14601
17825	14602
17825	14603
17825	14604
17825	14605
17825	14606
17825	14607
17825	14608
17825	14609
17825	14610
17825	14611
17825	14612
17825	14613
17825	14614
17825	14615
17825	14616
17825	14617
17825	14618
17825	14619
17825	14620
17825	14621
17825	14622
17825	14623
17825	14624
17825	14625
17825	14626
17825	14627
17825	14628
17825	14629
17825	14630
17825	14631
17825	14632
17825	14633
17825	14634
17825	14635
17825	14636
17825	14637
17825	14638
17825	14639
17825	14640
17825	14641
17825	14642
17825	14643
17825	14644
17825	14645
17825	14646
17825	14647
17825	14648
17825	14649
17825	14650
17825	14651
17825	14652
17825	14653
17825	14654
17825	14655
17825	14656
17826	1984
17826	1985
17826	1986
17826	1987
17826	1988
17826	1989
17826	1990
17826	1991
17826	1992
17826	1993
17826	1994
17826	1995
17826	1996
17826	1997
17826	1998
17826	1999
17826	2000
17826	2001
17826	2002
17826	2003
17826	2004
17826	2005
17826	2006
17826	2007
17826	2008
17826	2009
17826	2010
17826	2011
17826	2012
17826	2013
17826	3544
17826	3545
17826	3546
17826	3547
17826	3548
17826	3549
17826	3550
17826	3551
17826	3552
17826	3553
17826	3554
17826	3555
17826	5241
17826	5242
17826	5243
17826	5244
17826	5245
17826	5246
17826	5247
17826	5248
17826	5249
17826	5250
17826	5251
17826	5252
17826	5253
17826	5254
17826	5255
17826	5256
17826	5257
17826	5258
17826	5259
17826	5260
17826	5261
17826	5262
17826	5263
17826	5264
17826	5265
17826	5266
17826	5267
17826	5268
17826	5269
17826	5270
17826	8980
17826	8981
17826	8982
17826	8983
17826	8984
17826	8985
17826	8986
17826	8987
17826	8988
17826	8989
17826	8990
17826	8991
17826	8992
17826	8993
17826	8994
17826	8995
17826	8996
17826	8997
17826	8998
17826	8999
17826	9000
17826	9001
17826	9002
17826	9003
17826	9004
17826	9005
17826	9006
17826	9007
17826	9008
17826	9009
17826	9040
17826	9041
17826	9042
17826	9043
17826	9044
17826	9045
17826	9046
17826	9047
17826	9048
17826	9049
17826	9050
17826	9051
17826	9052
17826	9053
17826	9054
17826	9055
17826	9056
17826	9057
17826	9058
17826	9059
17826	9060
17826	9061
17826	9062
17826	9063
17826	9064
17826	9065
17826	9066
17826	9067
17826	9068
17826	9069
17827	3664
17827	3665
17827	3666
17827	3667
17827	3668
17827	3669
17827	3670
17827	5331
17827	5332
17827	5333
17827	5334
17827	5335
17827	5336
17827	5337
17827	5338
17827	5339
17827	5340
17827	5341
17827	5342
17827	5343
17827	5344
17827	5345
17827	5346
17827	5347
17827	5348
17827	5349
17827	5350
17827	5351
17827	5352
17827	5353
17827	5354
17827	5355
17827	5356
17827	5357
17827	5358
17827	5359
17827	5360
17827	5361
17827	5362
17827	5363
17827	5364
17827	5365
17827	5366
17827	5367
17827	5368
17827	5369
17827	5370
17827	5371
17827	5372
17827	5373
17827	5374
17827	5375
17827	5376
17827	5377
17827	5378
17827	5379
17827	5380
17827	5381
17827	5382
17827	5383
17827	5384
17827	5385
17827	5386
17827	5387
17827	5388
17827	5389
17827	5390
17827	5391
17827	5392
17827	5393
17827	5394
17827	5395
17827	5396
17827	5397
17827	5398
17827	5399
17827	5400
17827	5401
17827	5402
17827	5403
17827	5404
17827	5405
17827	5406
17827	5407
17827	5408
17827	5409
17827	5410
17827	5411
17827	5412
17827	5413
17827	5414
17827	5415
17827	5416
17827	5417
17827	5418
17827	5419
17827	5420
17827	5421
17827	5422
17827	5423
17827	5424
17827	5425
17827	5426
17827	5427
17827	5428
17827	5429
17827	5430
17827	5431
17827	5432
17827	5433
17827	5434
17827	5435
17827	5436
17827	5437
17827	5438
17827	5439
17827	5440
17827	5441
17827	5442
17827	5443
17827	5444
17827	5445
17827	5446
17827	5447
17827	5448
17827	5449
17827	5450
17827	5451
17827	5452
17827	5453
17827	5454
17827	5455
17827	5456
17827	5457
17827	5458
17827	5459
17827	5460
17827	5461
17827	5462
17827	5463
17827	5464
17827	5465
17827	5466
17827	5467
17827	5468
17827	5469
17827	5470
17827	5471
17827	5472
17827	5473
17827	5474
17827	5475
17827	5476
17827	5477
17827	5478
17827	5479
17827	5480
17827	5481
17827	5482
17827	5483
17827	5484
17827	5485
17827	5486
17827	5487
17827	5488
17827	5489
17827	5490
17827	5491
17827	5492
17827	5493
17827	5494
17827	5495
17827	5496
17827	5497
17827	5498
17827	5499
17827	5500
17827	5501
17827	5502
17827	5503
17827	5504
17827	5505
17827	5506
17827	5507
17827	5508
17827	5509
17827	5510
17827	5511
17827	5512
17827	5513
17827	5514
17827	5515
17827	5516
17827	5517
17827	5518
17827	5519
17827	5520
17827	5521
17827	5522
17827	5523
17827	5524
17827	5525
17827	5526
17827	5527
17827	5528
17827	5529
17827	5530
17827	14657
17827	14658
17827	14659
17827	14660
17827	14661
17827	14662
17827	14663
17827	14664
17827	14665
17827	14666
17827	14667
17827	14668
17827	14669
17827	14670
17827	14671
17827	14672
17827	14673
17827	14674
17827	14675
17827	14676
17827	14677
17827	14678
17827	14679
17827	14680
17827	14681
17827	14682
17827	14683
17827	14684
17827	14685
17827	14686
17827	14687
17827	14688
17827	14689
17827	14690
17827	14691
17827	14692
17827	14693
17827	14694
17827	14695
17827	14696
17827	14697
17827	14698
17827	14699
17827	14700
17827	14701
17827	14702
17827	14703
17827	14704
17827	14705
17827	14706
17827	14707
17827	14708
17827	14709
17827	14710
17827	14711
17827	14712
17827	14713
17827	14714
17827	14715
17827	14716
17827	14717
17827	14718
17827	14719
17827	14720
17827	14721
17827	14722
17827	14723
17827	14724
17827	14725
17827	14726
17827	14727
17827	14728
17827	14729
17827	14730
17827	14731
17827	14732
17827	14733
17827	14734
17827	14735
17827	14736
17827	14737
17827	14738
17827	14739
17827	14740
17827	14741
17827	14742
17827	14743
17827	14744
17827	14745
17827	14746
17827	14747
17827	14748
17827	14749
17827	14750
17827	14751
17827	14752
17827	14753
17827	14754
17827	14755
17827	14756
17827	14757
17827	14758
17827	14759
17827	14760
17827	14761
17827	14762
17827	14763
17827	14764
17827	14765
17827	14766
17827	14767
17827	14768
17827	14769
17827	14770
17827	14771
17827	14772
17827	14773
17827	14774
17827	14775
17827	14776
17827	14777
17827	14778
17827	14779
17827	14780
17827	14781
17827	14782
17827	14783
17827	14784
17827	14795
17827	14796
17827	14797
17827	14798
17827	14799
17827	14800
17827	14801
17827	14802
17827	14803
17827	14804
17827	14805
17827	14806
17827	14807
17827	14808
17827	14809
17827	14810
17827	14811
17827	14812
17827	14813
17827	14814
17827	14825
17827	14826
17827	14827
17827	14828
17827	14829
17827	14830
17827	14831
17827	14832
17827	14834
17827	14837
17827	14845
17827	14846
17827	14847
17827	14848
17827	14849
17827	14850
17827	14851
17827	14852
17827	14853
17827	14854
17827	14855
17827	14856
17827	14857
17827	14858
17827	14859
17827	14860
17827	14861
17827	14862
17827	14863
17827	14864
17827	14924
17827	14925
17827	14926
17827	14927
17827	14928
17827	14929
17827	14930
17827	14931
17827	14932
17827	14933
17827	14934
17827	14935
17827	14936
17827	14937
17827	14938
17827	14939
17827	14940
17827	14941
17827	14942
17827	14943
17827	14944
17827	14945
17827	14946
17827	14947
17827	14948
17827	14949
17827	14950
17827	14951
17827	14952
17827	14953
17827	14954
17827	14955
17827	14956
17827	14957
17827	14958
17827	14959
17827	14960
17827	14961
17827	14962
17827	14963
17827	14964
17827	14965
17827	14966
17827	14967
17827	14968
17827	14969
17827	14970
17827	14971
17827	14972
17827	14973
17827	14974
17827	14975
17827	14976
17827	14977
17827	14978
17827	14979
17827	14980
17827	14981
17827	14982
17827	14983
17827	14984
17827	14985
17827	14986
17827	14987
17827	14988
17827	14989
17827	14990
17827	14991
17827	14992
17827	15003
17827	15004
17827	15005
17827	15006
17827	15007
17827	15008
17827	15009
17827	15010
17827	15011
17827	15012
17827	15033
17827	15034
17827	15035
17827	15036
17827	15037
17827	15038
17827	15039
17827	15040
17827	15042
17827	15045
17827	15057
17827	15060
17827	15063
17827	15066
17827	15067
17827	15068
17827	15069
17827	15070
17827	15071
17827	15072
17827	17066
17827	17067
17827	17068
17827	17069
17827	17070
17827	17071
17827	17072
17827	17073
17827	17074
17827	17075
17827	17076
17827	17077
17827	17078
17827	17079
17827	17080
17827	17081
17827	17082
17827	17083
17827	17084
17827	17085
17827	17086
17827	17087
17827	17088
17827	17089
17827	17090
17827	17091
17827	17092
17827	17093
17827	17094
17827	17095
17827	17096
17827	17097
17827	17098
17827	17099
17827	17100
17827	17101
17827	17102
17827	17103
17827	17104
17827	17105
17828	2014
17828	2015
17828	2016
17828	2017
17828	2018
17828	2019
17828	2020
17828	2021
17828	2022
17828	2023
17828	2024
17828	2025
17828	2026
17828	2027
17828	2028
17828	2029
17828	2030
17828	2031
17828	2032
17828	2033
17828	2034
17828	2035
17828	2036
17828	2037
17828	2038
17828	2039
17828	2040
17828	2041
17828	2042
17828	2043
17828	2044
17828	2045
17828	2046
17828	2047
17828	2048
17828	2049
17828	2050
17828	2051
17828	2052
17828	2053
17828	2054
17828	2055
17828	2056
17828	2057
17828	2058
17828	2059
17828	2060
17828	2061
17828	2062
17828	2063
17828	2064
17828	2065
17828	2066
17828	2067
17828	2068
17828	2069
17828	2070
17828	2071
17828	2072
17828	2073
17828	3424
17828	3425
17828	3426
17828	3427
17828	3428
17828	3429
17828	3430
17828	3431
17828	3432
17828	3433
17828	3434
17828	3435
17828	3436
17828	3437
17828	3438
17828	3439
17828	3440
17828	3441
17828	3442
17828	3443
17828	3444
17828	3445
17828	3446
17828	3447
17828	3448
17828	3449
17828	3450
17828	3451
17828	3452
17828	3453
17828	3454
17828	3455
17828	3456
17828	3457
17828	3458
17828	3459
17828	3460
17828	3461
17828	3462
17828	3463
17828	3464
17828	3465
17828	3466
17828	3467
17828	3468
17828	3469
17828	3470
17828	3471
17828	3472
17828	3473
17828	3474
17828	3475
17828	3476
17828	3477
17828	3478
17828	3479
17828	3480
17828	3481
17828	3482
17828	3483
17828	3484
17828	3485
17828	3486
17828	3487
17828	3488
17828	3489
17828	3490
17828	3491
17828	3492
17828	3493
17828	3494
17828	3495
17828	3496
17828	3497
17828	3498
17828	3499
17828	3500
17828	3501
17828	3502
17828	3503
17828	3504
17828	3505
17828	3506
17828	3507
17828	3508
17828	3509
17828	3510
17828	3511
17828	3512
17828	3513
17828	3514
17828	3515
17828	3516
17828	3517
17828	3518
17828	3519
17828	3520
17828	3521
17828	3522
17828	3523
17828	3524
17828	3525
17828	3526
17828	3527
17828	3528
17828	3529
17828	3530
17828	3531
17828	3532
17828	3533
17828	3534
17828	3535
17828	3536
17828	3537
17828	3538
17828	3539
17828	3540
17828	3541
17828	3542
17828	3543
17828	3689
17828	3691
17828	5112
17828	5113
17828	5114
17828	5115
17828	5116
17828	5117
17828	5118
17828	5119
17828	5120
17828	5121
17828	5122
17828	5123
17828	5124
17828	5125
17828	5126
17828	5127
17828	5128
17828	5129
17828	5130
17828	5131
17828	5132
17828	5133
17828	5134
17828	5135
17828	5136
17828	5137
17828	5138
17828	5139
17828	5140
17828	5141
17828	6899
17828	6900
17828	6901
17828	6902
17828	6903
17828	6904
17828	6905
17828	6906
17828	6907
17828	6908
17828	6909
17828	6910
17828	6911
17828	6912
17828	6913
17828	6914
17828	6915
17828	6916
17828	6917
17828	6918
17828	6919
17828	6920
17828	6921
17828	6922
17828	6923
17828	6924
17828	6925
17828	6926
17828	6927
17828	6928
17828	11790
17828	11791
17828	11792
17828	11793
17828	11794
17828	11795
17828	11796
17828	11797
17828	11798
17828	11799
17828	11800
17828	11801
17828	11802
17828	11803
17828	11804
17828	11805
17828	11806
17828	11807
17828	11808
17828	11809
17828	11810
17828	11811
17828	11812
17828	11813
17828	11814
17828	11815
17828	11816
17828	11817
17828	11818
17828	11819
17828	11820
17828	11821
17828	11822
17828	11823
17828	11824
17828	11825
17828	11826
17828	11827
17828	11828
17828	11829
17828	11830
17828	11858
17828	11859
17828	11860
17828	11861
17828	11862
17828	11863
17828	11864
17828	11865
17828	11866
17828	11867
17828	11918
17828	11919
17828	11920
17828	11921
17828	11922
17828	11923
17828	11924
17828	11925
17828	11926
17828	11927
17828	11928
17828	11929
17828	11930
17828	11931
17828	11932
17828	11933
17828	11934
17828	11935
17828	11936
17828	11937
17828	11938
17828	11939
17828	11940
17828	11941
17828	11942
17828	11943
17828	11944
17828	11945
17828	11946
17828	11947
17828	11948
17828	11949
17828	11950
17828	11951
17828	11952
17828	11953
17828	11954
17828	11955
17828	11956
17828	11957
17828	11968
17828	11969
17828	11970
17828	11971
17828	11972
17828	11973
17828	11974
17828	11975
17828	11976
17828	11977
17828	11998
17828	11999
17828	12000
17828	12001
17828	12002
17828	12003
17828	12004
17828	12005
17828	12006
17828	12007
17828	12018
17828	12019
17828	12020
17828	12021
17828	12022
17828	12023
17828	12024
17828	12025
17828	12026
17828	12027
17828	12038
17828	12039
17828	12040
17828	12041
17828	12042
17828	12043
17828	12044
17828	12045
17828	12046
17828	12047
17828	12056
17828	12058
17828	12060
17828	12061
17828	12062
17828	12063
17828	12064
17828	12065
17828	12066
17828	12067
17828	12108
17828	12109
17828	12110
17828	12111
17828	12112
17828	12113
17828	12114
17828	12115
17828	12116
17828	12117
17828	12118
17828	12119
17828	12120
17828	12121
17828	12122
17828	12123
17828	12124
17828	12125
17828	12126
17828	12127
17828	12128
17828	12129
17828	12130
17828	12131
17828	12132
17828	12133
17828	12134
17828	12135
17828	12136
17828	12137
17828	12138
17828	12139
17828	12140
17828	12141
17828	12142
17828	12143
17828	12144
17828	12145
17828	12146
17828	12147
17828	12148
17828	12149
17828	12150
17828	12151
17828	12152
17828	12153
17828	12154
17828	12155
17828	12156
17828	12157
17829	15954
17829	15955
17829	15956
17829	15957
17829	15958
17829	15959
17829	15960
17829	15961
17829	15962
17829	15963
17829	15964
17829	15965
17829	15966
17829	15967
17829	15968
17829	15969
17829	15970
17829	15971
17829	15972
17829	15973
17829	15974
17829	15975
17829	15976
17829	15977
17829	15978
17829	15979
17829	15980
17829	15981
17829	15982
17829	15983
17830	15984
17830	15985
17830	15986
17830	15987
17830	15988
17830	15989
17830	15990
17830	15991
17830	15992
17830	15993
17830	15994
17830	15995
17830	15996
17830	15997
17830	15998
17830	15999
17830	16000
17830	16001
17830	16002
17830	16003
17830	16004
17830	16005
17830	16006
17830	16007
17830	16008
17830	16009
17830	16010
17830	16011
17830	16012
17830	16013
17831	15924
17831	15925
17831	15926
17831	15927
17831	15928
17831	15929
17831	15930
17831	15931
17831	15932
17831	15933
17831	15934
17831	15935
17831	15936
17831	15937
17831	15938
17831	15939
17831	15940
17831	15941
17831	15942
17831	15943
17831	15944
17831	15945
17831	15946
17831	15947
17831	15948
17831	15949
17831	15950
17831	15951
17831	15952
17831	15953
17831	15988
17832	10048
17832	10049
17832	10050
17832	10051
17832	10052
17832	10053
17832	10054
17832	10055
17832	10056
17832	10057
17832	10058
17832	10059
17832	10060
17832	10061
17832	10062
17832	10063
17832	10064
17832	10065
17832	10066
17832	10067
17832	10068
17832	10069
17832	10070
17832	10071
17832	10072
17832	10073
17832	10074
17832	10075
17832	10076
17832	10077
17832	10078
17832	10079
17832	10080
17832	10081
17832	10082
17832	10083
17832	10084
17832	10085
17832	10086
17832	10087
17832	10088
17832	10089
17832	10090
17832	10091
17832	10092
17832	10093
17832	10094
17832	10095
17832	10096
17832	10097
17832	10098
17832	10099
17832	10100
17832	10101
17832	10102
17832	10103
17832	10104
17832	10105
17832	10106
17832	10107
17832	10108
17832	10109
17832	10110
17832	10111
17832	10112
17832	10113
17832	10114
17832	10115
17832	10116
17832	10117
17832	10118
17832	10119
17832	10120
17832	10121
17832	10122
17832	10123
17832	10124
17832	10125
17832	10126
17832	10127
17832	10128
17832	10129
17832	10130
17832	10131
17832	10132
17832	10133
17832	10134
17832	10135
17832	10136
17832	10137
17832	10138
17832	10139
17832	10140
17832	10141
17832	10142
17832	10143
17832	10144
17832	10145
17832	10146
17832	10147
17832	10148
17832	10149
17832	10150
17832	10151
17832	10152
17832	10153
17832	10154
17832	10155
17832	10156
17832	10157
17832	10158
17832	10159
17832	10160
17832	10161
17832	10162
17832	10163
17832	10164
17832	10165
17832	10166
17832	10167
17833	14051
17833	14052
17833	14053
17833	14054
17833	14055
17833	14056
17833	14057
17833	14058
17833	14059
17833	14060
17834	3163
17834	3164
17834	3165
17834	3166
17834	3167
17834	3168
17834	3169
17834	3170
17834	3171
17834	3172
17834	3173
17834	3174
17834	3175
17834	3176
17834	3177
17834	3178
17834	3179
17834	3180
17834	3181
17834	3182
17834	3183
17834	3184
17834	3185
17834	3186
17834	3187
17834	3188
17834	3189
17834	3190
17834	3191
17834	3192
17834	3193
17834	3194
17834	3195
17834	3196
17834	3197
17834	3198
17834	3199
17834	3200
17834	3201
17834	3202
17834	3203
17834	3204
17834	14011
17834	14012
17834	14013
17834	14014
17834	14015
17834	14016
17834	14017
17834	14018
17834	14019
17834	14020
17834	14021
17834	14022
17834	14023
17834	14024
17834	14025
17834	14026
17834	14027
17834	14028
17834	14029
17834	14030
17834	15570
17834	15571
17834	15572
17834	15573
17834	15574
17834	15575
17834	15576
17834	15577
17834	15578
17834	15579
17834	15580
17834	15581
17834	15582
17834	15583
17834	15584
17834	15585
17834	15586
17834	15587
17834	15588
17834	15589
17835	9695
17835	9696
17835	9697
17835	9698
17835	9699
17835	9700
17835	9701
17835	9702
17835	9703
17835	9704
17835	9705
17835	9706
17835	9707
17835	9708
17835	9709
17835	9710
17835	9711
17835	9712
17835	9713
17835	9714
17835	9715
17835	9716
17835	9717
17835	9718
17835	9719
17835	9720
17835	9721
17835	9722
17835	9723
17835	9724
17835	9725
17835	9726
17835	9727
17835	9728
17835	9729
17835	9730
17835	9731
17835	9732
17835	9733
17835	9734
17835	9735
17835	9736
17835	9737
17835	9738
17835	9739
17835	9740
17835	9741
17835	9742
17835	9743
17835	9744
17835	9745
17835	9746
17835	9747
17835	9748
17835	9749
17835	9750
17835	9751
17835	9752
17835	9753
17835	9754
17835	9755
17835	9756
17835	9757
17835	9758
17835	9759
17835	9760
17835	9761
17835	9762
17835	9763
17835	9764
17835	9765
17835	9766
17835	9767
17835	9768
17835	9769
17835	9770
17835	9771
17835	9772
17835	9773
17835	9774
17835	9775
17835	9776
17835	9777
17835	9778
17835	9779
17835	9780
17835	9781
17835	9782
17835	9783
17835	9784
17835	9785
17835	9786
17835	9787
17835	9788
17835	9789
17835	9790
17835	9791
17835	9792
17835	9793
17835	9794
17835	9795
17835	9796
17835	9797
17835	9798
17835	9799
17835	9800
17835	9801
17835	9802
17835	9803
17835	9804
17835	9805
17835	9806
17835	9807
17835	9808
17835	9809
17835	9810
17835	9811
17835	9812
17835	9813
17835	9814
17835	9815
17835	9816
17835	9817
17835	9818
17835	9819
17835	9820
17835	9821
17835	9822
17835	9823
17835	9824
17835	9825
17835	9826
17835	9827
17835	9828
17835	9829
17835	9830
17835	9831
17835	9832
17835	9833
17835	9834
17835	9835
17835	9836
17835	9837
17835	9838
17835	9839
17835	9840
17835	9841
17835	9842
17835	9843
17835	9844
17835	9845
17835	9846
17835	9847
17835	9848
17835	9849
17835	9850
17835	9851
17835	9852
17835	9853
17835	9854
17835	9855
17835	9856
17835	9857
17835	9858
17835	9859
17835	9860
17835	9861
17835	9862
17835	9863
17835	9864
17835	9865
17835	9866
17835	9867
17835	9868
17835	9869
17835	9870
17835	9871
17835	9872
17835	9873
17835	9874
17835	9875
17835	9876
17835	9877
17835	9878
17835	9879
17835	9880
17835	9881
17835	9882
17835	9883
17835	9884
17835	9885
17835	9886
17835	9887
17835	9888
17835	9889
17835	9890
17835	9891
17835	9892
17835	9893
17835	9894
17835	9895
17835	9896
17835	9897
17835	9898
17835	9899
17835	9900
17835	9901
17835	9902
17835	9903
17835	9904
17835	9905
17835	9906
17835	9907
17835	9908
17835	9909
17835	9910
17835	9911
17835	9912
17835	9913
17835	9914
17835	9915
17835	9916
17835	9917
17835	9918
17835	9919
17835	9920
17835	9921
17835	9922
17835	9923
17835	9924
17835	9925
17835	9926
17835	9927
17835	14041
17835	14042
17835	14043
17835	14044
17835	14045
17835	14046
17835	14047
17835	14048
17835	14049
17835	14050
17835	15610
17835	15611
17835	15612
17835	15613
17835	15614
17835	15615
17835	15616
17835	15617
17835	15618
17835	15619
17836	14031
17836	14032
17836	14033
17836	14034
17836	14035
17836	14036
17836	14037
17836	14038
17836	14039
17836	14040
17836	15590
17836	15591
17836	15592
17836	15593
17836	15594
17836	15595
17836	15596
17836	15597
17836	15598
17836	15599
17836	15600
17836	15601
17836	15602
17836	15603
17836	15604
17836	15605
17836	15606
17836	15607
17836	15608
17836	15609
17837	14884
17837	14885
17837	14886
17837	14887
17837	14888
17837	14889
17837	14890
17837	14891
17837	14892
17837	14893
17837	14894
17837	14895
17837	14896
17837	14897
17837	14898
17837	14899
17837	14900
17837	14901
17837	14902
17837	14903
17837	14904
17837	14905
17837	14906
17837	14907
17837	14908
17837	14909
17837	14910
17837	14911
17837	14912
17837	14913
17837	14914
17837	14915
17837	14916
17837	14917
17837	14918
17837	14919
17837	14920
17837	14921
17837	14922
17837	14923
17838	9375
17838	9376
17838	9377
17838	9378
17838	9379
17838	9380
17838	9381
17838	9382
17838	9383
17838	9384
17838	9385
17838	9386
17838	9387
17838	9388
17838	9389
17838	9390
17838	9391
17838	9392
17838	9393
17838	9394
17838	9395
17838	9396
17838	9397
17838	9398
17838	9399
17838	9400
17838	9401
17838	9402
17838	9403
17838	9404
17838	14785
17838	14786
17838	14787
17838	14788
17838	14789
17838	14790
17838	14791
17838	14792
17838	14793
17838	14794
17838	14815
17838	14816
17838	14817
17838	14818
17838	14819
17838	14820
17838	14821
17838	14822
17838	14823
17838	14824
17838	14833
17838	14835
17838	14836
17838	14838
17838	14839
17838	14840
17838	14841
17838	14842
17838	14843
17838	14844
17838	14865
17838	14866
17838	14867
17838	14868
17838	14869
17838	14870
17838	14871
17838	14872
17838	14873
17838	14874
17838	14875
17838	14876
17838	14877
17838	14878
17838	14879
17838	14880
17838	14881
17838	14882
17838	14883
17839	9665
17839	9666
17839	9667
17839	9668
17839	9669
17839	9670
17839	9671
17839	9672
17839	9673
17839	9674
17839	9675
17839	9676
17839	9677
17839	9678
17839	9679
17839	9680
17839	9681
17839	9682
17839	9683
17839	9684
17839	9685
17839	9686
17839	9687
17839	9688
17839	9689
17839	9690
17839	9691
17839	9692
17839	9693
17839	9694
17839	14448
17839	14449
17839	14450
17839	14451
17839	14452
17839	14453
17839	14454
17839	14455
17839	14456
17839	14457
17839	14458
17839	14459
17839	14460
17839	14461
17839	14462
17839	14463
17839	14464
17839	14465
17839	14466
17839	14467
17839	14468
17839	14469
17839	14470
17839	14471
17839	14472
17839	14473
17839	14474
17839	14475
17839	14476
17839	14477
17839	15770
17839	15771
17839	15772
17839	15773
17839	15774
17839	15775
17839	15776
17839	15777
17839	15778
17839	15779
17840	9405
17840	9406
17840	9407
17840	9408
17840	9409
17840	9410
17840	9411
17840	9412
17840	9413
17840	9414
17840	9415
17840	9416
17840	9417
17840	9418
17840	9419
17840	9420
17840	9421
17840	9422
17840	9423
17840	9424
17840	9425
17840	9426
17840	9427
17840	9428
17840	9429
17840	9430
17840	9431
17840	9432
17840	9433
17840	9434
17840	14478
17840	14479
17840	14480
17840	14481
17840	14482
17840	14483
17840	14484
17840	14485
17840	14486
17840	14487
17840	14488
17840	14489
17840	14490
17840	14491
17840	14492
17840	14493
17840	14494
17840	14495
17840	14496
17840	14497
17840	14498
17840	14499
17840	14500
17840	14501
17840	14502
17840	14503
17840	14504
17840	14505
17840	14506
17840	14507
17840	14518
17840	14519
17840	14520
17840	14521
17840	14522
17840	14523
17840	14524
17840	14525
17840	14526
17840	14527
17840	14528
17840	14529
17840	14530
17840	14531
17840	14532
17840	14533
17840	14534
17840	14535
17840	14536
17840	14557
17840	14558
17840	14559
17840	14560
17840	14561
17840	14562
17840	14563
17840	14564
17840	14565
17840	14566
17841	9928
17841	9929
17841	9930
17841	9931
17841	9932
17841	9933
17841	9934
17841	9935
17841	9936
17841	9937
17841	9938
17841	9939
17841	9940
17841	9941
17841	9942
17841	9943
17841	9944
17841	9945
17841	9946
17841	9947
17841	9948
17841	9949
17841	9950
17841	9951
17841	9952
17841	9953
17841	9954
17841	9955
17841	9956
17841	9957
17841	9958
17841	9959
17841	9960
17841	9961
17841	9962
17841	9963
17841	9964
17841	9965
17841	9966
17841	9967
17841	9968
17841	9969
17841	9970
17841	9971
17841	9972
17841	9973
17841	9974
17841	9975
17841	9976
17841	9977
17841	9978
17841	9979
17841	9980
17841	9981
17841	9982
17841	9983
17841	9984
17841	9985
17841	9986
17841	9987
17841	9988
17841	9989
17841	9990
17841	9991
17841	9992
17841	9993
17841	9994
17841	9995
17841	9996
17841	9997
17841	9998
17841	9999
17841	10000
17841	10001
17841	10002
17841	10003
17841	10004
17841	10005
17841	10006
17841	10007
17841	10008
17841	10009
17841	10010
17841	10011
17841	10012
17841	10013
17841	10014
17841	10015
17841	10016
17841	10017
17841	10018
17841	10019
17841	10020
17841	10021
17841	10022
17841	10023
17841	10024
17841	10025
17841	10026
17841	10027
17841	10028
17841	10029
17841	10030
17841	10031
17841	10032
17841	10033
17841	10034
17841	10035
17841	10036
17841	10037
17841	10038
17841	10039
17841	10040
17841	10041
17841	10042
17841	10043
17841	10044
17841	10045
17841	10046
17841	10047
17842	4591
17842	4592
17842	4593
17842	4594
17842	4595
17842	4596
17842	4597
17842	4598
17842	4599
17842	4600
17842	4601
17842	4602
17842	4603
17842	4604
17842	4605
17842	4606
17842	4607
17842	4608
17842	4609
17842	4610
17842	4611
17842	4612
17842	4613
17842	4614
17842	4615
17842	4616
17842	4617
17842	4618
17842	4619
17842	4620
17842	8219
17842	8220
17842	8221
17842	8222
17842	8223
17842	8224
17842	8225
17842	8226
17842	8227
17842	8228
17842	8229
17842	8230
17842	8231
17842	8232
17842	8233
17842	8234
17842	8235
17842	8236
17842	8237
17842	8238
17842	8239
17842	8240
17842	8241
17842	8242
17842	8243
17842	8244
17842	8245
17842	8246
17842	8247
17842	8248
17842	8249
17842	8250
17842	8251
17842	8252
17842	8253
17842	8254
17842	8255
17842	8256
17842	8257
17842	8258
17842	8259
17842	8260
17842	8261
17842	8262
17842	8263
17842	8264
17842	8265
17842	8266
17842	8267
17842	8268
17842	8269
17842	8270
17842	8271
17842	8272
17842	8273
17842	8274
17842	8275
17842	8276
17842	8277
17842	8278
17842	8279
17842	8280
17842	8281
17842	8282
17842	8283
17842	8284
17842	8285
17842	8286
17842	8287
17842	8288
17842	8289
17842	8290
17842	8291
17842	8292
17842	8293
17842	8294
17842	8295
17842	8296
17842	8297
17842	8298
17842	8299
17842	8300
17842	8301
17842	8302
17842	8303
17842	8304
17842	8305
17842	8306
17842	8307
17842	8308
17842	10778
17842	10779
17842	10780
17842	10781
17842	10782
17842	10783
17842	10784
17842	10785
17842	10786
17842	10787
17842	10788
17842	10789
17842	10790
17842	10791
17842	10792
17842	10793
17842	10794
17842	10795
17842	10796
17842	10797
17842	10798
17842	10799
17842	10800
17842	10801
17842	10802
17842	10803
17842	10804
17842	10805
17842	10806
17842	10807
17842	11032
17842	11033
17842	11034
17842	11035
17842	11036
17842	11037
17842	11038
17842	11039
17842	11040
17842	11041
17842	11042
17842	11043
17842	11044
17842	11045
17842	11046
17842	11047
17842	11048
17842	11049
17842	11050
17842	11051
17842	11113
17842	11114
17842	11115
17842	11116
17842	11117
17842	11118
17842	11119
17843	4444
17843	4445
17843	4446
17843	4447
17843	4448
17843	4449
17843	4450
17843	4451
17843	4452
17843	4453
17843	4454
17843	4455
17843	4456
17843	4457
17843	4458
17843	4459
17843	4460
17843	4461
17843	4462
17843	4463
17843	4464
17843	4465
17843	4466
17843	4467
17843	4468
17843	4469
17843	4470
17843	4471
17843	4472
17843	4473
17843	4474
17843	4475
17843	4476
17843	4477
17843	4478
17843	4479
17843	4480
17843	4481
17843	4482
17843	4483
17843	4484
17843	4485
17843	4486
17843	4487
17843	4488
17843	4489
17843	4490
17843	4491
17843	4492
17843	4493
17843	4494
17843	4495
17843	4496
17843	4497
17843	4498
17843	4499
17843	4500
17843	4501
17843	4502
17843	4503
17843	4504
17843	4505
17843	4506
17843	4507
17843	4508
17843	4509
17843	4510
17843	4511
17843	4512
17843	4513
17843	4514
17843	4515
17843	4516
17843	4517
17843	4518
17843	4519
17843	4520
17843	4521
17843	4522
17843	4523
17843	4524
17843	4525
17843	4526
17843	4527
17843	4528
17843	4529
17843	4530
17843	4531
17843	4532
17843	4533
17843	4534
17843	4535
17843	4536
17843	4537
17843	4538
17843	4539
17843	4540
17843	4541
17843	4542
17843	4543
17843	4544
17843	4545
17843	4546
17843	4547
17843	4548
17843	4549
17843	4550
17843	4551
17843	4552
17843	4553
17843	4554
17843	4555
17843	4556
17843	4557
17843	4558
17843	4559
17843	4560
17843	4561
17843	4562
17843	4563
17843	4564
17843	4565
17843	4566
17843	4567
17843	4568
17843	4569
17843	4570
17843	4571
17843	4572
17843	4573
17843	4574
17843	4575
17843	4576
17843	4577
17843	4578
17843	4579
17843	4580
17843	4581
17843	4582
17843	4583
17843	4584
17843	4585
17843	4586
17843	4587
17843	4588
17843	4589
17843	4590
17843	10819
17843	10821
17843	10822
17843	10823
17843	10824
17843	10825
17843	10826
17843	10827
17843	10828
17843	10829
17843	11063
17843	11064
17843	11065
17843	11066
17843	11067
17843	11068
17843	11069
17843	11070
17843	11071
17843	11072
17843	11080
17843	11084
17843	11085
17843	11086
17843	11087
17843	11088
17843	11089
17843	11090
17843	11091
17843	11092
17844	30
17844	31
17844	32
17844	33
17844	34
17844	35
17844	36
17844	37
17844	38
17844	39
17844	40
17844	41
17844	42
17844	43
17844	44
17844	45
17844	46
17844	47
17844	48
17844	49
17844	50
17844	51
17844	52
17844	53
17844	54
17844	55
17844	56
17844	57
17844	58
17844	59
17844	60
17844	61
17844	62
17844	63
17844	64
17844	65
17844	66
17844	67
17844	68
17844	69
17844	70
17844	71
17844	72
17844	73
17844	74
17844	75
17844	76
17844	77
17844	78
17844	79
17844	80
17844	81
17844	82
17844	83
17844	84
17844	85
17844	86
17844	87
17844	88
17844	89
17844	90
17844	91
17844	92
17844	93
17844	94
17844	95
17844	96
17844	97
17844	98
17844	99
17844	100
17844	101
17844	102
17844	103
17844	104
17844	105
17844	106
17844	107
17844	108
17844	109
17844	110
17844	111
17844	112
17844	113
17844	114
17844	115
17844	116
17844	117
17844	118
17844	119
17844	120
17844	121
17844	122
17844	123
17844	124
17844	125
17844	126
17844	127
17844	128
17844	129
17844	130
17844	131
17844	132
17844	133
17844	134
17844	135
17844	136
17844	137
17844	138
17844	139
17844	140
17844	141
17844	142
17844	143
17844	144
17844	145
17844	146
17844	147
17844	148
17844	149
17844	150
17844	151
17844	152
17844	153
17844	154
17844	155
17844	156
17844	157
17844	158
17844	159
17844	160
17844	161
17844	162
17844	163
17844	164
17844	165
17844	166
17844	167
17844	168
17844	169
17844	170
17844	171
17844	172
17844	173
17844	174
17844	175
17844	176
17844	177
17844	178
17844	179
17844	180
17844	181
17844	182
17844	183
17844	184
17844	185
17844	186
17844	187
17844	188
17844	189
17844	190
17844	191
17844	192
17844	193
17844	194
17844	195
17844	196
17844	197
17844	198
17844	199
17844	200
17844	201
17844	202
17844	203
17844	204
17844	205
17844	206
17844	207
17844	208
17844	209
17844	210
17844	211
17844	212
17844	213
17844	214
17844	215
17844	216
17844	217
17844	218
17844	219
17844	220
17844	221
17844	222
17844	223
17844	224
17844	225
17844	226
17844	227
17844	228
17844	229
17844	230
17844	231
17844	232
17844	233
17844	234
17844	235
17844	236
17844	237
17844	238
17844	239
17844	12716
17844	12717
17844	12718
17844	12719
17844	12720
17844	12721
17844	12722
17844	12723
17844	12724
17844	12725
17844	12726
17844	12727
17844	12728
17844	12729
17844	12730
17844	12731
17844	12732
17844	12733
17844	12734
17844	12735
17844	12736
17844	12737
17844	12738
17844	12739
17844	12740
17844	12741
17844	12742
17844	12743
17844	12744
17844	12745
17844	12746
17844	12747
17844	12748
17844	12749
17844	12750
17844	12751
17844	12752
17844	12753
17844	12754
17844	12755
17844	12766
17844	12767
17844	12768
17844	12769
17844	12770
17844	12771
17844	12772
17844	12773
17844	12774
17844	12775
17844	12786
17844	12787
17844	12789
17844	12791
17844	12793
17844	12795
17844	12797
17844	12799
17844	12800
17844	12802
17844	12816
17844	12817
17844	12818
17844	12819
17844	12820
17844	12821
17844	12822
17844	12823
17844	12824
17844	12825
17844	12846
17844	12847
17844	12848
17844	12849
17844	12850
17844	12851
17844	12852
17844	12853
17844	12854
17844	12855
17844	12856
17844	12857
17844	12858
17844	12859
17844	12860
17844	12861
17844	12862
17844	12863
17844	12864
17844	12865
17844	12866
17844	12867
17844	12868
17844	12869
17844	12870
17844	12871
17844	12872
17844	12873
17844	12874
17844	12875
17844	12935
17844	12936
17844	12937
17844	12938
17844	12939
17844	12940
17844	12941
17844	12942
17844	12943
17844	12944
17844	12953
17844	12955
17844	12957
17844	12958
17844	12959
17844	12960
17844	12961
17844	12962
17844	12963
17844	12964
17844	12975
17844	12976
17844	12977
17844	12978
17844	12979
17844	12980
17844	12981
17844	12982
17844	12983
17844	12984
17844	12994
17844	12995
17844	12996
17844	12997
17844	12998
17844	12999
17844	13000
17844	13001
17844	13002
17844	13003
17844	13010
17844	13014
17844	13015
17844	13026
17844	13027
17844	13028
17844	13029
17844	13030
17844	13031
17844	13032
17844	13033
17844	13034
17844	13035
17844	13036
17844	13037
17844	13038
17844	13039
17844	13040
17844	13041
17844	13042
17844	13043
17844	13044
17844	13045
17844	13052
17844	13053
17844	13054
17844	13055
17844	13056
17844	13057
17844	13058
17844	13059
17844	13060
17844	13061
17844	13075
17844	13076
17844	13077
17844	13078
17844	13079
17844	13080
17844	13081
17844	13082
17844	13083
17844	13084
17844	13086
17844	13087
17844	13088
17844	13089
17844	13090
17844	13091
17844	13092
17844	13093
17844	13094
17844	13095
17844	13096
17844	13097
17844	13098
17844	13099
17844	13100
17844	13101
17844	13102
17844	13103
17844	13104
17844	13105
17844	13106
17844	13107
17844	13108
17844	13109
17844	13110
17844	13111
17844	13112
17844	13113
17844	13114
17844	13115
17844	13116
17844	13117
17844	13118
17844	13119
17844	13120
17844	13121
17844	13122
17844	13123
17844	13124
17844	13125
17844	13126
17844	13127
17844	13128
17844	13129
17844	13130
17844	13131
17844	13132
17844	13133
17844	13134
17844	13135
17844	13136
17844	13137
17844	13138
17844	13139
17844	13140
17844	13141
17844	13142
17844	13143
17844	13144
17844	13145
17844	13146
17844	13147
17844	13148
17844	13149
17844	13151
17844	13152
17844	13154
17844	13155
17844	13157
17844	13158
17844	13166
17844	13167
17844	13168
17844	13169
17844	13170
17844	13171
17844	13172
17844	13173
17844	13174
17844	13175
17844	13186
17844	13187
17844	13188
17844	13189
17844	13190
17844	13191
17844	13192
17844	13193
17844	13194
17844	13195
17844	13206
17844	13207
17844	13208
17844	13209
17844	13210
17844	13211
17844	13212
17844	13213
17844	13214
17844	13215
17844	13226
17844	13227
17844	13228
17844	13229
17844	13231
17844	13232
17844	13234
17844	13235
17844	13237
17844	13238
17844	13286
17844	13287
17844	13288
17844	13289
17844	13290
17844	13291
17844	13292
17844	13293
17844	13294
17844	13295
17844	13296
17844	13297
17844	13298
17844	13299
17844	13300
17844	13301
17844	13302
17844	13303
17844	13304
17844	13305
17844	13306
17844	13307
17844	13308
17844	13309
17844	13310
17844	13311
17844	13312
17844	13313
17844	13314
17844	13315
17844	13316
17844	13317
17844	13318
17844	13319
17844	13320
17844	13321
17844	13322
17844	13323
17844	13324
17844	13325
17844	13326
17844	13327
17844	13328
17844	13329
17844	13330
17844	13331
17844	13332
17844	13333
17844	13334
17844	13335
17844	13336
17844	13337
17844	13338
17844	13339
17844	13340
17844	13341
17844	13342
17844	13343
17844	13344
17844	13345
17844	13346
17844	13347
17844	13348
17844	13349
17844	13350
17844	13351
17844	13352
17844	13353
17844	13354
17844	13355
17844	13356
17844	13357
17844	13358
17844	13359
17844	13360
17844	13361
17844	13362
17844	13363
17844	13364
17844	13365
17844	13366
17844	13367
17844	13368
17844	13369
17844	13370
17844	13371
17844	13372
17844	13373
17844	13374
17844	13375
17844	13376
17844	13377
17844	13378
17844	13379
17844	13380
17844	13381
17844	13382
17844	13383
17844	13384
17844	13385
17844	13476
17844	13477
17844	13478
17844	13479
17844	13480
17844	13481
17844	13482
17844	13483
17844	13484
17844	13485
17844	13486
17844	13487
17844	13488
17844	13489
17844	13490
17844	13491
17844	13492
17844	13493
17844	13494
17844	13495
17844	13496
17844	13497
17844	13498
17844	13499
17844	13500
17844	13501
17844	13502
17844	13503
17844	13504
17844	13505
17844	13506
17844	13507
17844	13508
17844	13509
17844	13510
17844	13511
17844	13512
17844	13513
17844	13514
17844	13515
17844	13516
17844	13517
17844	13518
17844	13519
17844	13520
17844	13521
17844	13522
17844	13523
17844	13524
17844	13525
17844	13526
17844	13527
17844	13528
17844	13529
17844	13530
17844	13531
17844	13532
17844	13533
17844	13534
17844	13535
17844	13536
17844	13537
17844	13538
17844	13539
17844	13540
17844	13541
17844	13542
17844	13543
17844	13544
17844	13545
17844	13546
17844	13547
17844	13548
17844	13549
17844	13550
17844	13551
17844	13552
17844	13553
17844	13554
17844	13555
17844	13556
17844	13557
17844	13558
17844	13559
17844	13560
17844	13561
17844	13562
17844	13563
17844	13564
17844	13565
17844	13566
17844	13567
17844	13568
17844	13569
17844	13570
17844	13571
17844	13572
17844	13573
17844	13574
17844	16889
17844	16890
17844	16891
17844	16892
17844	16893
17844	16894
17844	16895
17844	16896
17844	16897
17844	16898
17844	16899
17844	16900
17844	16901
17844	16902
17844	16903
17844	16904
17844	16905
17844	16906
17844	16907
17844	16937
17844	16938
17844	16939
17844	16940
17844	16941
17844	16942
17844	16943
17844	16944
17844	16945
17844	16946
17844	16947
17844	16948
17844	16949
17844	16950
17844	16951
17844	16952
17844	16953
17844	16954
17844	16955
17844	16956
17844	16957
17844	16958
17844	16959
17844	16960
17844	16961
17844	16962
17844	16963
17844	16964
17844	16965
17844	16966
17844	16967
17844	16968
17844	16969
17844	16970
17844	16971
17844	16972
17844	16973
17844	16974
17844	16975
17844	16976
17844	16977
17844	16978
17844	16979
17844	16980
17844	16981
17844	16982
17844	16983
17844	16984
17844	16985
17844	16986
17844	16987
17844	16988
17844	16989
17844	16990
17844	16991
17844	16992
17844	16993
17844	16994
17844	16995
17844	16996
17844	16997
17844	16998
17844	16999
17844	17000
17844	17001
17844	17002
17844	17003
17844	17004
17844	17005
17844	17006
17844	17007
17844	17008
17844	17009
17844	17010
17844	17011
17844	17012
17844	17013
17844	17014
17844	17015
17844	17436
17844	17437
17844	17438
17844	17439
17844	17440
17844	17441
17844	17442
17844	17443
17844	17444
17844	17445
17844	17446
17844	17447
17844	17448
17844	17449
17844	17450
17844	17451
17844	17452
17844	17453
17844	17454
17844	17455
17844	17456
17844	17457
17844	17458
17844	17459
17844	17460
17844	17461
17844	17462
17844	17463
17844	17464
17844	17465
17844	17466
17844	17467
17844	17468
17844	17469
17844	17470
17844	17471
17844	17472
17844	17473
17844	17474
17844	17475
17844	17476
17844	17477
17844	17478
17844	17479
17844	17480
17844	17481
17844	17482
17844	17483
17844	17484
17844	17485
17844	17486
17844	17487
17844	17488
17844	17489
17844	17490
17844	17491
17844	17492
17844	17493
17844	17494
17844	17495
17844	17496
17844	17497
17844	17498
17844	17499
17844	17500
17844	17501
17844	17502
17844	17503
17844	17504
17844	17505
17844	17506
17844	17507
17844	17508
17844	17509
17844	17510
17844	17511
17844	17512
17844	17513
17844	17514
17844	17515
17844	17516
17844	17517
17844	17518
17844	17519
17844	17520
17844	17521
17844	17522
17844	17523
17844	17524
17844	17525
17844	17526
17844	17527
17844	17528
17844	17529
17844	17530
17844	17531
17844	17532
17844	17533
17844	17534
17844	17535
17844	17536
17844	17537
17844	17538
17844	17539
17844	17540
17844	17541
17844	17542
17844	17543
17844	17544
17844	17545
17844	17546
17844	17547
17844	17548
17844	17549
17844	17550
17844	17551
17844	17552
17844	17553
17844	17554
17844	17555
17844	17556
17844	17557
17844	17558
17844	17559
17844	17560
17844	17561
17844	17562
17844	17563
17844	17564
17844	17565
17844	17566
17844	17567
17844	17568
17844	17569
17844	17570
17844	17571
17844	17572
17844	17573
17844	17574
17844	17575
17844	17576
17844	17577
17844	17578
17844	17579
17844	17580
17844	17581
17844	17582
17844	17583
17844	17584
17844	17585
17844	17586
17844	17587
17844	17588
17844	17589
17844	17590
17844	17591
17844	17592
17844	17593
17844	17594
17844	17595
17844	17596
17844	17597
17844	17598
17844	17599
17844	17600
17844	17601
17844	17602
17844	17603
17844	17604
17844	17605
17844	17606
17844	17607
17844	17608
17844	17609
17844	17610
17844	17611
17844	17612
17844	17613
17844	17614
17844	17615
17844	17616
17844	17617
17844	17618
17844	17619
17844	17620
17844	17621
17844	17622
17844	17623
17844	17624
17844	17625
17844	17626
17844	17627
17844	17628
17844	17629
17844	17630
17844	17631
17844	17632
17844	17633
17844	17634
17844	17635
17844	17636
17844	17637
17844	17638
17844	17639
17844	17640
17844	17641
17844	17642
17844	17643
17844	17644
17844	17645
17844	17646
17844	17647
17844	17648
17844	17649
17844	17650
17844	17651
17844	17652
17844	17653
17844	17654
17844	17655
17844	17656
17844	17657
17844	17658
17844	17659
17844	17660
17844	17661
17844	17662
17844	17663
17844	17664
17844	17665
17844	17666
17844	17667
17844	17668
17844	17669
17844	17670
17844	17671
17844	17672
17844	17673
17844	17674
17844	17675
17845	240
17845	241
17845	242
17845	243
17845	244
17845	245
17845	246
17845	247
17845	248
17845	249
17845	250
17845	251
17845	252
17845	253
17845	254
17845	255
17845	256
17845	257
17845	258
17845	259
17845	260
17845	261
17845	262
17845	263
17845	264
17845	265
17845	266
17845	267
17845	268
17845	269
17845	270
17845	271
17845	272
17845	273
17845	274
17845	275
17845	276
17845	277
17845	278
17845	279
17845	280
17845	281
17845	282
17845	283
17845	284
17845	285
17845	286
17845	287
17845	288
17845	289
17845	298
17845	299
17845	300
17845	301
17845	302
17845	303
17845	304
17845	305
17845	306
17845	307
17845	308
17845	309
17845	310
17845	311
17845	312
17845	313
17845	314
17845	315
17845	316
17845	317
17845	319
17845	320
17845	321
17845	322
17845	323
17845	324
17845	325
17845	326
17845	327
17845	328
17845	329
17845	330
17845	331
17845	332
17845	333
17845	334
17845	335
17845	336
17845	337
17845	338
17845	339
17845	340
17845	341
17845	342
17845	343
17845	344
17845	345
17845	346
17845	347
17845	348
17845	349
17845	350
17845	351
17845	352
17845	353
17845	354
17845	355
17845	356
17845	357
17845	358
17845	359
17845	360
17845	361
17845	362
17845	363
17845	364
17845	365
17845	366
17845	367
17845	368
17845	369
17845	370
17845	371
17845	372
17845	373
17845	374
17845	375
17845	376
17845	377
17845	378
17845	379
17845	380
17845	381
17845	382
17845	383
17845	384
17845	385
17845	386
17845	387
17845	388
17845	389
17845	390
17845	391
17845	393
17845	394
17845	395
17845	396
17845	397
17845	398
17845	399
17845	400
17845	401
17845	402
17845	403
17845	404
17845	405
17845	406
17845	407
17845	408
17845	409
17845	410
17845	411
17845	412
17845	413
17845	414
17845	415
17845	416
17845	417
17845	418
17845	419
17845	420
17845	421
17845	422
17845	423
17845	424
17845	425
17845	426
17845	427
17845	428
17845	429
17845	430
17845	431
17845	432
17845	433
17845	434
17845	435
17845	436
17845	437
17845	438
17845	439
17845	450
17845	451
17845	452
17845	454
17845	455
17845	456
17845	457
17845	458
17845	459
17845	460
17845	461
17845	462
17845	463
17845	464
17845	465
17845	466
17845	467
17845	468
17845	469
17845	470
17845	471
17845	472
17845	473
17845	474
17845	475
17845	476
17845	477
17845	478
17845	479
17845	480
17845	481
17845	482
17845	483
17845	484
17845	485
17845	486
17845	487
17845	488
17845	489
17845	490
17845	491
17845	492
17845	493
17845	494
17845	495
17845	496
17845	497
17845	498
17845	499
17845	500
17845	501
17845	502
17845	503
17845	504
17845	505
17845	506
17845	507
17845	508
17845	509
17845	510
17845	511
17845	512
17845	513
17845	514
17845	515
17845	516
17845	517
17845	518
17845	519
17845	520
17845	521
17845	522
17845	523
17845	524
17845	525
17845	526
17845	527
17845	528
17845	529
17845	530
17845	531
17845	532
17845	533
17845	534
17845	535
17845	536
17845	537
17845	538
17845	539
17845	540
17845	541
17845	542
17845	543
17845	544
17845	545
17845	546
17845	547
17845	548
17845	549
17845	550
17845	3205
17845	3206
17845	3207
17845	3208
17845	3209
17845	3210
17845	3211
17845	3212
17845	3213
17845	3214
17845	3215
17845	3216
17845	3217
17845	3218
17845	3219
17845	3220
17845	3221
17845	3222
17845	3223
17845	3224
17845	3225
17845	3226
17845	3227
17845	3228
17845	3229
17845	3230
17845	3231
17845	3232
17845	3233
17845	3234
17845	3235
17845	3236
17845	3237
17845	3238
17845	3239
17845	3240
17845	3241
17845	3242
17845	3243
17845	3244
17845	3245
17845	3246
17845	3247
17845	3248
17845	3249
17845	3250
17845	3251
17845	3252
17845	3253
17845	3254
17845	3255
17845	3256
17845	3257
17845	3258
17845	3259
17845	3260
17845	3261
17845	3262
17845	3263
17845	3264
17845	3265
17845	3266
17845	3267
17845	3268
17845	3269
17845	3270
17845	3271
17845	3272
17845	3273
17845	3274
17845	3275
17845	3276
17845	3277
17845	3278
17845	3279
17845	3280
17845	3281
17845	3282
17845	3283
17845	3284
17845	3285
17845	3286
17845	3287
17845	3288
17845	3289
17845	3290
17845	3291
17845	3292
17845	3293
17845	3294
17845	3295
17845	3296
17845	3297
17845	3298
17845	3299
17845	3300
17845	3301
17845	3302
17845	3303
17845	3304
17845	3305
17845	3306
17845	3307
17845	3308
17845	3309
17845	3310
17845	3311
17845	3312
17845	3313
17845	3314
17845	3315
17845	3316
17845	3317
17845	3318
17845	3319
17845	3320
17845	3321
17845	3322
17845	3323
17845	3324
17845	3325
17845	3326
17845	3327
17845	3328
17845	3329
17845	3330
17845	3331
17845	3332
17845	3333
17846	1813
17846	1814
17846	1815
17846	1816
17846	1817
17846	1818
17846	1819
17846	1820
17846	1821
17846	1822
17846	1823
17846	1824
17846	1825
17846	1826
17846	1827
17846	1828
17846	1829
17846	1830
17846	1831
17846	1832
17846	1833
17846	1834
17846	1835
17846	1836
17846	1837
17846	1838
17846	1839
17846	1840
17846	1841
17846	1842
17846	1843
17846	1844
17846	1845
17846	1846
17846	1847
17846	1848
17846	1849
17846	1850
17846	1851
17846	1852
17846	1853
17846	1854
17846	1855
17846	1856
17846	1857
17846	1858
17846	1859
17846	1860
17846	1861
17846	1862
17846	1863
17846	1864
17846	1865
17846	1866
17846	1867
17846	1868
17846	1869
17846	1870
17846	1871
17846	1872
17846	1873
17846	1874
17846	1875
17846	1876
17846	1877
17846	1878
17846	1879
17846	1880
17846	1881
17846	1882
17846	1883
17846	1884
17846	1885
17846	1886
17846	1887
17846	1888
17846	1889
17846	1890
17846	1891
17846	1892
17846	1893
17846	1894
17846	1895
17846	1896
17846	1897
17846	1898
17846	1899
17846	1900
17846	1901
17846	1902
17847	1205
17847	1206
17847	1207
17847	1208
17847	1209
17847	1210
17847	1211
17847	1212
17847	1213
17847	1214
17847	1215
17847	1216
17847	15780
17847	15781
17847	15782
17847	15783
17847	15784
17847	15785
17847	15786
17847	15787
17847	15788
17847	15789
17847	15790
17847	15791
17847	15792
17847	15793
17847	15794
17847	15795
17847	15796
17847	15797
17847	15798
17847	15799
17848	10541
17849	3034
17849	3035
17849	3036
17849	3037
17849	3038
17849	3039
17849	3040
17849	3041
17849	3042
17849	3043
17849	3044
17849	3045
17849	3046
17849	3047
17849	3048
17849	3049
17849	3050
17849	3051
17849	3052
17849	3053
17849	3054
17849	3055
17849	3056
17849	3057
17849	3058
17849	3059
17849	3060
17849	3061
17849	3062
17849	3063
17849	3064
17849	3065
17849	3066
17849	3067
17849	3068
17849	3069
17849	3070
17849	3071
17849	3072
17849	3073
17849	3074
17849	3075
17849	3076
17849	3077
17849	3078
17849	3079
17849	3080
17849	3081
17849	3082
17849	3083
17849	3084
17849	3085
17849	3086
17849	3087
17849	3088
17849	3089
17849	3090
17849	3091
17849	3092
17849	3093
17849	3094
17849	3095
17849	3096
17849	3097
17849	3098
17849	3099
17849	3100
17849	3101
17849	3102
17849	3103
17849	3104
17849	3105
17849	3106
17849	3107
17849	3108
17849	3109
17849	3110
17849	3111
17849	3112
17849	3113
17849	3114
17849	3115
17849	3116
17849	3117
17849	3118
17849	5532
17849	5533
17849	5534
17849	5535
17849	5536
17849	5537
17849	5538
17849	5539
17849	5540
17849	5541
17849	5542
17849	5543
17849	5544
17849	5545
17849	5546
17849	5547
17849	5548
17849	5549
17849	5550
17849	5551
17849	5552
17849	5553
17849	5554
17849	5555
17849	5556
17849	5557
17849	5558
17849	5559
17849	5560
17849	5561
17850	4344
17850	4345
17850	4346
17850	4347
17850	4348
17850	4349
17850	4350
17850	4351
17850	4352
17850	4353
17850	4354
17850	4355
17850	4356
17850	4357
17850	4358
17850	4359
17850	4360
17850	4361
17850	4362
17850	4363
17850	4364
17850	4365
17850	4366
17850	4367
17850	4368
17850	4369
17850	4370
17850	4371
17850	4372
17850	4373
17850	4374
17850	4375
17850	4376
17850	4377
17850	4378
17850	4379
17850	4380
17850	4381
17850	4382
17850	4383
17850	4384
17850	4385
17850	4386
17850	4387
17850	4388
17850	4389
17850	4390
17850	4391
17850	4392
17850	4393
17850	4394
17850	4395
17850	4396
17850	4397
17850	4398
17850	4399
17850	4400
17850	4401
17850	4402
17850	4403
17850	5829
17850	5830
17850	5831
17850	5832
17850	5833
17850	5834
17850	5835
17850	5836
17850	5837
17850	5838
17850	5839
17850	5840
17850	5841
17850	5842
17850	5843
17850	5844
17850	5845
17850	5846
17850	5847
17850	5848
17850	5849
17850	5850
17850	5851
17850	5852
17850	5853
17850	5854
17850	5855
17850	5856
17850	5857
17850	5858
17850	5859
17850	5860
17850	5861
17850	5862
17850	5863
17850	5864
17850	5865
17850	5866
17850	5867
17850	5868
17850	5869
17850	5870
17850	5871
17850	5872
17850	5873
17850	5874
17850	5875
17850	5876
17850	5877
17850	5878
17850	5879
17850	5880
17850	5881
17850	5882
17850	5883
17850	5884
17850	5885
17850	5886
17850	5887
17850	5888
17850	5889
17850	5890
17850	5891
17850	5892
17850	5893
17850	5894
17850	5895
17850	5896
17850	5897
17850	5898
17850	5899
17850	5900
17850	5901
17850	5902
17850	5903
17850	5904
17850	5905
17850	5906
17850	5907
17850	5908
17850	5909
17850	5910
17850	5911
17850	5912
17850	5913
17850	5914
17850	5915
17850	5916
17850	5917
17850	5918
17850	5919
17850	5920
17850	5921
17850	5922
17850	5923
17850	5924
17850	5925
17850	5926
17850	5927
17850	5928
17850	5929
17850	5930
17850	5931
17850	5932
17850	5933
17850	5934
17850	5935
17850	5936
17850	5937
17850	5938
17850	5940
17850	5941
17850	5942
17850	5943
17850	5944
17850	5945
17850	5946
17850	5947
17850	5948
17850	5949
17850	5950
17850	5951
17850	5952
17850	5953
17850	5954
17850	5955
17850	5956
17850	5957
17850	5958
17850	5959
17850	5960
17850	5961
17850	5962
17850	5963
17850	5964
17850	5965
17850	5966
17850	5967
17850	5968
17850	5969
17850	5970
17850	5971
17850	5972
17850	5973
17850	5974
17850	5975
17850	5976
17850	5977
17850	5978
17850	5979
17850	5980
17850	5981
17850	5982
17850	5983
17850	5984
17850	5985
17850	5986
17850	5987
17850	5988
17850	5989
17850	5990
17850	5991
17850	5992
17850	5993
17850	5994
17850	5995
17850	5996
17850	5997
17850	5998
17850	5999
17850	6000
17850	6001
17850	6002
17850	6003
17850	6004
17850	6005
17850	6006
17850	6007
17850	6008
17850	6009
17850	6010
17850	6011
17850	6012
17850	6013
17850	6014
17850	6015
17850	6016
17850	6017
17850	6018
17850	6019
17850	6020
17850	6021
17850	6022
17850	6023
17850	6024
17850	6025
17850	6026
17850	6027
17850	6028
17850	6029
17851	1217
17851	1218
17851	1219
17851	1220
17851	1221
17851	1222
17851	1223
17851	1224
17851	1225
17851	1226
17851	1227
17851	1228
17851	1229
17851	1230
17851	1231
17851	1232
17851	1233
17851	3004
17851	3005
17851	3006
17851	3007
17851	3008
17851	3009
17851	3010
17851	3011
17851	3012
17851	3013
17851	3014
17852	6929
17852	6930
17852	6931
17852	6932
17852	6933
17852	6934
17852	6935
17852	6936
17852	6937
17852	6938
17852	6939
17852	6940
17852	6941
17852	6942
17852	6943
17852	6944
17852	6945
17852	6946
17852	6947
17852	6948
17852	6949
17852	6950
17852	6951
17852	6952
17852	6953
17852	6954
17852	6955
17852	6956
17852	6957
17852	6958
17852	6959
17852	6960
17852	6961
17852	6962
17852	6963
17852	6964
17852	6965
17852	6966
17852	6967
17852	6968
17852	6973
17852	6974
17852	6975
17852	6976
17852	6977
17852	6978
17852	6979
17852	6980
17852	6981
17852	6982
17852	6983
17852	6984
17852	6985
17852	6986
17852	6987
17852	6988
17852	6993
17852	6994
17852	6995
17852	6996
17852	6997
17852	6998
17852	6999
17852	7000
17852	7001
17852	7002
17852	7003
17852	7004
17852	7005
17852	7006
17852	7007
17852	7008
17852	7009
17852	7010
17852	7011
17852	7012
17852	7013
17852	7014
17852	7015
17852	7016
17852	7017
17852	7018
17852	7019
17852	7020
17852	7021
17852	7022
17852	7023
17852	7024
17852	7025
17852	7026
17852	7027
17852	7028
17852	7029
17852	7030
17852	7031
17852	7032
17852	7033
17852	7034
17852	7035
17852	7036
17852	7037
17852	7038
17852	7039
17852	7040
17852	7041
17852	7042
17852	7043
17852	7044
17853	2730
17853	2731
17853	2732
17853	2733
17853	2734
17853	2735
17853	2736
17853	2737
17854	1410
17854	1411
17854	1412
17854	1413
17854	1414
17854	1415
17854	1416
17854	1417
17854	1418
17854	1419
17854	1420
17854	1421
17854	1422
17854	1423
17854	1424
17854	1425
17854	1426
17854	1427
17854	1428
17854	1429
17854	1430
17854	1431
17854	1432
17854	1433
17854	1434
17854	1435
17854	1436
17854	1437
17854	1438
17854	1439
17854	1440
17854	1441
17854	1442
17854	1443
17854	1444
17854	1445
17854	1446
17854	1447
17854	1448
17854	1449
17854	1450
17854	1451
17854	1452
17854	1453
17854	1454
17854	1455
17854	1456
17854	1457
17854	1458
17854	1459
17854	1460
17854	1461
17854	1462
17855	2729
17855	2738
17855	2739
17855	2740
17855	2741
17856	2949
17856	2950
17856	2951
17856	2952
17856	2953
17856	2954
17856	2955
17856	2956
17856	2957
17856	2958
17856	2959
17856	2960
17856	2961
17856	2962
17856	2963
17856	2964
17856	2965
17856	2966
17857	10416
17857	10449
17857	10451
17857	10470
17857	10471
17858	1473
17858	1474
17858	1475
17858	1476
17858	1477
17858	1478
17858	1479
17858	1480
17858	1481
17858	1482
17858	1483
17858	1484
17858	1485
17858	1486
17858	1487
17858	1488
17858	1489
17858	1490
17858	1491
17858	1492
17858	1493
17858	1494
17858	1495
17858	1496
17858	1497
17858	1498
17858	1499
17858	1500
17858	1501
17858	1502
17858	1503
17858	1504
17858	1505
17858	1506
17858	1507
17858	1508
17858	1509
17858	1510
17858	1511
17858	1512
17858	1513
17858	1514
17858	1515
17858	1516
17858	1517
17858	1518
17858	1519
17858	1520
17858	2807
17858	2808
17858	2809
17858	2810
17858	2811
17858	2812
17858	2813
17858	2814
17858	2815
17858	2816
17858	2817
17858	2818
17858	2819
17858	2820
17858	2821
17858	2822
17858	2823
17858	2824
17858	2825
17858	2826
17858	2827
17858	2828
17858	2829
17858	2830
17858	2831
17858	2832
17858	2833
17858	2834
17858	2835
17858	2836
17858	2837
17858	2838
17858	2839
17858	2840
17858	2841
17858	2842
17858	2843
17858	2844
17858	2845
17858	2846
17858	2847
17858	2848
17858	2849
17858	2850
17858	2851
17858	2852
17858	2853
17858	2854
17858	2855
17858	2856
17858	2857
17858	2858
17858	2859
17858	2860
17858	2861
17858	2862
17858	2863
17858	2864
17858	2865
17858	2866
17858	2867
17858	2868
17858	2869
17858	2870
17858	2871
17858	2872
17858	2873
17858	2874
17858	2875
17858	2876
17858	2877
17858	2878
17858	2879
17858	2880
17858	2881
17858	2882
17858	2883
17858	2884
17858	2885
17858	2886
17858	2887
17858	2888
17858	2889
17858	2890
17858	2891
17858	2892
17858	2893
17858	2894
17858	2895
17858	2896
17858	2897
17858	2898
17858	2899
17858	2900
17858	2901
17858	2902
17858	2903
17858	2904
17858	2905
17858	2906
17858	2907
17858	2908
17858	2909
17858	2910
17858	2911
17858	2912
17858	2913
17858	2914
17858	2915
17858	2916
17858	2917
17858	2918
17858	2919
17858	2920
17858	2921
17858	2922
17858	2923
17858	2924
17858	2925
17858	2926
17858	2927
17858	2928
17858	2929
17858	2930
17858	2931
17858	2932
17858	2933
17858	2934
17858	2935
17858	2936
17858	2937
17858	2938
17858	2939
17858	2940
17858	2941
17858	2942
17858	2943
17858	2944
17858	2945
17858	2946
17858	2947
17858	2948
17859	2997
17859	2998
17859	2999
17859	3000
17859	3001
17859	3002
17859	3003
17860	1245
17860	1246
17860	1247
17860	1248
17860	1249
17860	1250
17860	1251
17860	1252
17860	1253
17860	1254
17860	1255
17860	1256
17860	1257
17860	1258
17860	1259
17860	1260
17860	1261
17860	1262
17860	1263
17860	1264
17860	1265
17860	1266
17860	1267
17860	1268
17860	1269
17860	1270
17860	1271
17860	1272
17860	1273
17860	1274
17860	1275
17860	1276
17860	1277
17860	1278
17860	1279
17860	1280
17860	1281
17860	1282
17860	1283
17860	1284
17860	1285
17860	1286
17860	1287
17860	1288
17860	1289
17860	1290
17860	1291
17860	1292
17860	1293
17860	1294
17860	1295
17860	1296
17860	1297
17860	1338
17860	1340
17860	1341
17860	1342
17860	1346
17860	1348
17860	1350
17860	1352
17860	1353
17860	1355
17860	1359
17860	1361
17860	1363
17860	1364
17860	1365
17860	1367
17860	1371
17860	1373
17860	1375
17860	1377
17861	3119
17861	3120
17861	3121
17861	3122
17861	3123
17861	3124
17861	3125
17861	3126
17861	3127
17861	3128
17861	3129
17861	3130
17861	3131
17861	3132
17861	3133
17861	3134
17861	3135
17861	3136
17861	3137
17861	3138
17861	3139
17861	3140
17861	3141
17861	3142
17861	3143
17861	3144
17861	3145
17861	3146
17861	3147
17861	3148
17861	3149
17862	963
17862	964
17862	965
17862	966
17862	967
17862	968
17862	969
17862	970
17862	971
17862	972
17862	973
17862	974
17862	975
17862	976
17862	977
17862	978
17862	979
17862	980
17862	981
17862	982
17862	983
17862	984
17862	985
17862	986
17862	987
17862	988
17862	989
17862	990
17862	991
17862	992
17862	993
17862	994
17862	995
17862	996
17862	2967
17862	2968
17862	2969
17862	2970
17862	2971
17862	2972
17862	2973
17862	2974
17862	2975
17862	2976
17862	2977
17862	2978
17862	2979
17862	2980
17862	2981
17862	2982
17862	2983
17862	2984
17862	2985
17862	2986
17862	2987
17862	2988
17862	2989
17862	2990
17862	2991
17862	2992
17862	2993
17862	2994
17862	2995
17862	2996
17863	10504
17864	681
17864	682
17864	683
17864	684
17864	685
17864	686
17864	687
17864	688
17864	689
17864	690
17864	691
17864	692
17864	693
17864	694
17864	695
17864	696
17864	697
17864	698
17864	699
17864	700
17864	701
17864	702
17864	703
17864	704
17864	705
17864	706
17864	707
17864	708
17864	709
17864	710
17864	711
17864	712
17864	713
17864	714
17864	715
17864	716
17864	717
17864	718
17864	719
17864	720
17864	721
17864	722
17864	723
17864	724
17864	725
17864	726
17864	727
17864	728
17864	729
17864	730
17864	731
17864	732
17864	733
17864	734
17864	735
17864	736
17864	737
17864	738
17864	739
17864	740
17864	741
17864	742
17864	743
17864	744
17864	745
17864	746
17864	747
17864	748
17864	749
17864	750
17864	751
17864	752
17864	753
17864	754
17864	755
17864	756
17864	757
17864	758
17864	759
17864	760
17864	761
17864	762
17864	763
17864	764
17864	765
17864	766
17864	767
17864	768
17864	769
17864	770
17864	771
17864	772
17864	773
17864	774
17864	775
17864	776
17864	777
17864	778
17864	779
17864	780
17864	781
17864	782
17864	783
17864	784
17864	785
17864	786
17864	787
17864	788
17864	789
17864	790
17864	791
17864	792
17864	793
17864	794
17864	795
17864	796
17864	797
17864	798
17864	799
17864	800
17864	801
17864	802
17864	803
17864	804
17864	805
17864	806
17864	807
17864	808
17864	809
17864	810
17864	811
17864	812
17864	813
17864	814
17864	815
17864	816
17864	817
17864	818
17864	819
17864	820
17864	821
17864	822
17864	823
17864	824
17864	825
17864	826
17864	827
17864	828
17864	829
17864	830
17864	831
17864	832
17864	833
17864	834
17864	835
17864	836
17864	837
17864	838
17864	839
17864	840
17864	841
17864	842
17864	843
17864	844
17864	845
17864	846
17864	847
17864	848
17864	849
17864	850
17864	851
17864	852
17864	853
17864	854
17864	855
17864	856
17864	857
17864	858
17864	859
17864	860
17864	861
17864	862
17864	863
17864	864
17864	865
17864	866
17864	867
17864	868
17864	869
17864	870
17864	871
17864	872
17864	873
17864	874
17864	875
17864	876
17864	877
17864	878
17864	879
17864	880
17864	881
17864	882
17864	883
17864	884
17864	885
17864	886
17864	887
17864	888
17864	889
17864	890
17864	891
17864	892
17864	893
17864	894
17864	895
17864	896
17864	897
17864	898
17864	899
17864	900
17864	901
17864	902
17864	903
17864	904
17864	905
17864	906
17864	907
17864	908
17864	909
17864	910
17864	911
17864	912
17864	913
17864	914
17864	915
17864	916
17864	917
17864	918
17864	919
17864	920
17864	921
17864	922
17864	923
17864	924
17864	925
17864	926
17864	927
17864	928
17864	929
17864	930
17864	931
17864	932
17864	933
17864	934
17864	935
17864	936
17864	937
17864	938
17864	939
17864	940
17864	941
17864	942
17864	943
17864	944
17864	945
17864	946
17864	947
17864	948
17864	949
17864	950
17864	951
17864	952
17864	953
17864	954
17864	955
17864	956
17864	957
17864	958
17864	959
17864	960
17864	961
17864	962
17865	5562
17865	5563
17865	5564
17865	5565
17865	5566
17865	5567
17865	5568
17865	5569
17865	5570
17865	5571
17865	5572
17865	5573
17865	5574
17865	5575
17865	5576
17865	5577
17865	5578
17865	5579
17865	5580
17865	5581
17865	5582
17865	5583
17865	5584
17865	5585
17865	5586
17865	5587
17865	5588
17865	5589
17865	5590
17865	5591
17865	5592
17865	5593
17865	5594
17865	5595
17865	5596
17865	5597
17865	5598
17865	5599
17865	5600
17865	5601
17865	5602
17865	5603
17865	5604
17865	5605
17865	5606
17865	5607
17865	5608
17865	5609
17865	5610
17865	5611
17865	5612
17865	5613
17865	5614
17865	5615
17865	5616
17865	5617
17865	5618
17865	5619
17865	5620
17865	5621
17865	5622
17865	5623
17865	5624
17865	5625
17865	5626
17865	5627
17865	5628
17865	5629
17865	5630
17865	5631
17865	5632
17865	5633
17865	5634
17865	5635
17865	5636
17865	5637
17865	5638
17865	5639
17865	5640
17865	5641
17865	5642
17865	5643
17865	5644
17865	5645
17865	5646
17865	5647
17865	5648
17865	5649
17865	5650
17865	5651
17865	5652
17865	5653
17865	5654
17865	5655
17865	5656
17865	5657
17865	5658
17865	5659
17865	5660
17865	5661
17865	5662
17865	5663
17865	5664
17865	5665
17865	5666
17865	5667
17865	5668
17865	5669
17865	5670
17865	5671
17865	5672
17865	5673
17865	5674
17865	5675
17865	5676
17865	5677
17865	5678
17865	5679
17865	5680
17865	5681
17865	5682
17865	5683
17865	5684
17865	5685
17865	5686
17865	5687
17865	5688
17865	5689
17865	5690
17865	5691
17865	5692
17865	5693
17865	5694
17865	5695
17865	5696
17865	5697
17865	5698
17865	5699
17865	5700
17865	5701
17865	5702
17865	5703
17865	5704
17865	5705
17865	5706
17865	5707
17865	5708
17865	5709
17865	5710
17865	5711
17865	5712
17865	5713
17865	5714
17865	5715
17865	5716
17865	5717
17865	5718
17865	5719
17865	5720
17865	5721
17865	5722
17865	5723
17865	5724
17865	5725
17865	5726
17865	5727
17865	5728
17865	5729
17865	5730
17865	5731
17865	5732
17865	5733
17865	5734
17865	5735
17865	5736
17865	5737
17865	5738
17865	5739
17865	5740
17865	5741
17865	5742
17865	5743
17865	5744
17865	5745
17865	5746
17865	5747
17865	5748
17865	5749
17865	5750
17865	5751
17865	5752
17865	5753
17865	5754
17865	5755
17865	5756
17865	5757
17865	5758
17865	5759
17865	5760
17865	5761
17865	5762
17865	5763
17865	5764
17865	5765
17865	5766
17865	5767
17865	5768
17865	5769
17865	5770
17865	5771
17865	5772
17865	5773
17865	5774
17865	5775
17865	5776
17865	5777
17865	5778
17865	5779
17865	5780
17865	5781
17865	5782
17865	5783
17865	5784
17865	5785
17865	5786
17865	5787
17865	5788
17865	5789
17865	5790
17865	5791
17865	5792
17865	5793
17865	5794
17865	5795
17865	5796
17865	5797
17865	5798
17865	5799
17865	5800
17865	5801
17865	5802
17865	5803
17865	5804
17865	5805
17865	5806
17865	5807
17865	5808
17865	5809
17865	5810
17865	5811
17865	5812
17865	5813
17865	5814
17865	5815
17865	5816
17865	5817
17865	5818
17865	5819
17865	5820
17865	5821
17865	5822
17865	5823
17865	5824
17865	5825
17865	5826
17865	5827
17865	5828
17865	6510
17865	6511
17865	6512
17865	6513
17865	6514
17865	6515
17865	6516
17865	6517
17865	6518
17865	6519
17865	6520
17865	6521
17865	6522
17865	6523
17865	6524
17865	6525
17865	6526
17865	6527
17865	6528
17865	6529
17865	6530
17865	6531
17865	6532
17865	6533
17865	6534
17865	6535
17865	6536
17865	6537
17865	6538
17865	6539
17866	2708
17866	2709
17866	2710
17866	2711
17866	2712
17866	2713
17866	2714
17866	2715
17866	2716
17866	2717
17866	2718
17866	2719
17866	2720
17866	2721
17866	2722
17866	2723
17866	2724
17866	2725
17866	2726
17866	2727
17866	2728
17866	2742
17866	2743
17866	2744
17866	2745
17866	2746
17866	2747
17866	2748
17866	2749
17866	2750
17866	2751
17866	2752
17866	2753
17866	2754
17866	2755
17866	2756
17866	2757
17866	2758
17866	2759
17866	2760
17866	2761
17866	2762
17866	2763
17866	2764
17866	2765
17866	2766
17866	2767
17866	2768
17866	2769
17866	2770
17866	2771
17866	2772
17866	2773
17866	2774
17866	2775
17866	2776
17866	2777
17866	2778
17866	2779
17866	2780
17866	2781
17866	2782
17866	2783
17866	2784
17866	2785
17866	2786
17866	2787
17866	2788
17866	2789
17866	2790
17866	2791
17866	2792
17866	2793
17866	2794
17866	2795
17866	2796
17866	2797
17866	2798
17866	2799
17866	2800
17866	2801
17866	2802
17866	2803
17866	2804
17866	2805
17867	6030
17867	6031
17867	6032
17867	6033
17867	6034
17867	6035
17867	6036
17867	6037
17867	6038
17867	6039
17867	6040
17867	6041
17867	6042
17867	6043
17867	6044
17867	6045
17867	6046
17867	6047
17867	6048
17867	6049
17867	6050
17867	6051
17867	6052
17867	6053
17867	6054
17867	6055
17867	6056
17867	6057
17867	6058
17867	6059
17867	6060
17867	6061
17867	6062
17867	6063
17867	6064
17867	6065
17867	6066
17867	6067
17867	6068
17867	6069
17867	6070
17867	6071
17867	6072
17867	6073
17867	6074
17867	6075
17867	6076
17867	6077
17867	6078
17867	6079
17867	6080
17867	6081
17867	6082
17867	6083
17867	6084
17867	6085
17867	6086
17867	6087
17867	6088
17867	6089
17867	6090
17867	6091
17867	6092
17867	6093
17867	6094
17867	6095
17867	6096
17867	6097
17867	6098
17867	6099
17867	6100
17867	6101
17867	6102
17867	6103
17867	6104
17867	6105
17867	6106
17867	6107
17867	6108
17867	6109
17867	6110
17867	6111
17867	6112
17867	6113
17867	6114
17867	6115
17867	6116
17867	6117
17867	6118
17867	6119
17867	6120
17867	6121
17867	6122
17867	6123
17867	6124
17867	6125
17867	6126
17867	6127
17867	6128
17867	6129
17867	6130
17867	6131
17867	6132
17867	6133
17867	6134
17867	6135
17867	6136
17867	6137
17867	6138
17867	6139
17867	6140
17867	6141
17867	6142
17867	6143
17867	6144
17867	6145
17867	6146
17867	6147
17867	6148
17867	6149
17867	6150
17867	6151
17867	6152
17867	6153
17867	6154
17867	6155
17867	6156
17867	6157
17867	6158
17867	6159
17867	6160
17867	6161
17867	6162
17867	6163
17867	6164
17867	6165
17867	6166
17867	6167
17867	6168
17867	6169
17867	6170
17867	6171
17867	6172
17867	6173
17867	6174
17867	6175
17867	6176
17867	6177
17867	6178
17867	6179
17867	6180
17867	6181
17867	6182
17867	6183
17867	6184
17867	6185
17867	6186
17867	6187
17867	6188
17867	6189
17867	6190
17867	6191
17867	6192
17867	6193
17867	6194
17867	6195
17867	6196
17867	6197
17867	6198
17867	6199
17867	6200
17867	6201
17867	6202
17867	6203
17867	6204
17867	6205
17867	6206
17867	6207
17867	6208
17867	6209
17867	6210
17867	6211
17867	6212
17867	6213
17867	6214
17867	6215
17867	6216
17867	6217
17867	6218
17867	6219
17867	6220
17867	6221
17867	6222
17867	6223
17867	6224
17867	6225
17867	6226
17867	6227
17867	6228
17867	6229
17867	6230
17867	6231
17867	6232
17867	6233
17867	6234
17867	6235
17867	6236
17867	6237
17867	6238
17867	6239
17867	6240
17867	6241
17867	6242
17867	6243
17867	6244
17867	6245
17867	6246
17867	6247
17867	6248
17867	6249
17867	6250
17867	6251
17867	6252
17867	6253
17867	6254
17867	6255
17867	6256
17867	6257
17867	6258
17867	6259
17867	6260
17867	6261
17867	6262
17867	6263
17867	6264
17867	6265
17867	6266
17867	6267
17867	6268
17867	6269
17867	6270
17867	6271
17867	6272
17867	6273
17867	6274
17867	6275
17867	6276
17867	6277
17867	6278
17867	6279
17867	6280
17867	6281
17867	6282
17867	6283
17867	6284
17867	6285
17867	6286
17867	6287
17867	6288
17867	6289
17867	6290
17867	6291
17867	6292
17867	6293
17867	6294
17867	6295
17867	6296
17867	6297
17867	6298
17867	6299
17867	6300
17867	6301
17867	6302
17867	6303
17867	6304
17867	6305
17867	6306
17867	6307
17867	6308
17867	6309
17867	6310
17867	6311
17867	6312
17867	6313
17867	6314
17867	6315
17867	6316
17867	6317
17867	6318
17867	6319
17867	6320
17867	6321
17867	6322
17867	6323
17867	6324
17867	6325
17867	6326
17867	6327
17867	6328
17867	6329
17867	6330
17867	6331
17867	6332
17867	6333
17867	6334
17867	6335
17867	6336
17867	6337
17867	6338
17867	6339
17867	6340
17867	6341
17867	6342
17867	6343
17867	6344
17867	6345
17867	6346
17867	6347
17867	6348
17867	6349
17867	6350
17867	6351
17867	6352
17867	8190
17867	8191
17867	8192
17867	8193
17867	8194
17867	8195
17867	8196
17867	8197
17867	8198
17867	8199
17867	8200
17867	8201
17867	8202
17867	8203
17867	8204
17867	8205
17867	8206
17867	8207
17867	8208
17867	8209
17867	8210
17867	8211
17867	8212
17867	8213
17867	8214
17867	8215
17867	8216
17867	8217
17867	8218
17868	1298
17868	1299
17868	1300
17868	1301
17868	1302
17868	1303
17868	1304
17868	1305
17868	1306
17868	1307
17868	1308
17868	1309
17868	1310
17868	1311
17868	1312
17868	1313
17868	1314
17868	1315
17868	1316
17868	1317
17868	1318
17868	1319
17868	1320
17868	1321
17868	1322
17868	1323
17868	1324
17868	1325
17868	1326
17868	1327
17868	1328
17868	1329
17868	1330
17868	1331
17868	1332
17868	1333
17868	1334
17868	1335
17868	1336
17868	1337
17868	1339
17868	1343
17868	1344
17868	1345
17868	1347
17868	1349
17868	1351
17868	1354
17868	1356
17868	1357
17868	1358
17868	1360
17868	1362
17868	1366
17868	1368
17868	1369
17868	1370
17868	1372
17868	1374
17868	1376
