1	26
1	27
1	38
1	90
2	1
2	2
2	3
2	6
2	7
2	9
2	10
2	11
2	12
2	14
2	21
2	30
2	31
2	32
2	33
2	37
2	38
2	39
2	40
2	45
2	47
2	48
2	50
2	56
2	57
2	79
2	80
2	81
2	82
2	83
2	87
2	97
2	98
3	2
3	5
3	6
3	7
3	8
3	9
3	10
3	11
3	12
3	15
3	23
3	31
3	32
3	33
3	34
3	35
3	36
3	38
3	39
3	42
3	43
3	44
3	45
3	46
3	47
3	48
3	49
3	50
3	52
3	54
3	55
3	56
3	57
3	79
3	80
3	82
3	83
3	97
3	98
4	38
4	39
4	43
4	56
4	69
4	71
4	80
4	81
4	82
4	83
4	98
5	38
5	39
5	43
5	46
5	56
5	69
5	71
5	80
5	81
5	82
5	83
5	98
5	99
6	39
6	43
6	46
6	56
6	80
6	82
6	83
6	99
7	38
7	39
7	43
7	46
7	56
7	69
7	81
7	82
7	83
7	97
7	98
8	38
8	39
8	43
8	46
8	56
8	71
8	81
8	82
8	83
9	38
9	39
9	46
9	56
9	66
9	69
9	71
9	80
9	81
9	82
9	83
9	97
9	98
9	99
10	38
10	39
10	43
10	46
10	56
10	69
10	71
10	80
10	81
10	82
10	83
10	97
10	98
10	99
11	38
11	43
11	56
11	69
11	80
11	81
11	82
11	83
11	97
11	98
11	99
12	38
12	39
12	43
12	46
12	56
12	69
12	80
12	82
12	83
12	97
12	98
13	38
13	39
13	43
13	56
13	69
13	80
13	81
13	82
13	83
13	98
14	38
14	46
14	56
14	64
14	69
14	82
14	98
14	100
15	18
15	38
15	39
15	43
15	46
15	56
15	81
15	82
15	83
15	97
15	98
15	99
16	39
16	43
16	46
16	56
16	69
16	71
16	80
16	81
16	82
16	83
16	98
16	99
17	38
17	39
17	43
17	46
17	56
17	69
17	71
17	80
17	81
17	82
17	83
17	97
17	98
17	99
18	39
18	43
18	46
18	56
18	69
18	71
18	80
18	81
18	82
18	83
18	97
18	98
18	99
19	38
19	39
19	43
19	46
19	56
19	80
19	81
19	82
19	83
19	97
20	39
20	43
20	46
20	56
20	69
20	71
20	80
20	81
20	82
20	97
20	98
20	99
21	38
21	39
21	43
21	56
21	69
21	71
21	80
21	81
21	82
21	97
21	98
21	99
22	38
22	39
22	43
22	46
22	56
22	69
22	71
22	80
22	81
22	82
22	83
22	97
22	98
23	80
23	83
23	90
23	99
23	120
24	4
24	33
24	34
24	37
24	38
24	39
24	43
24	46
24	47
24	48
24	49
24	56
24	57
24	60
24	62
24	63
24	64
24	67
24	69
24	71
24	76
24	77
24	80
24	81
24	82
24	97
24	98
24	99
24	100
24	107
24	120
24	122
25	4
25	31
25	33
25	34
25	38
25	46
25	48
25	49
25	56
25	60
25	64
25	71
25	76
25	77
25	81
25	82
25	97
25	98
25	99
25	100
25	107
25	120
25	122
26	4
26	31
26	32
26	33
26	34
26	37
26	38
26	39
26	40
26	43
26	45
26	46
26	47
26	48
26	49
26	50
26	56
26	57
26	60
26	64
26	69
26	71
26	76
26	77
26	80
26	82
26	83
26	97
26	98
26	99
26	100
26	107
26	120
26	122
27	4
27	33
27	34
27	37
27	38
27	39
27	43
27	45
27	46
27	47
27	49
27	56
27	57
27	64
27	69
27	71
27	76
27	77
27	80
27	82
27	83
27	97
27	98
27	99
27	100
27	122
28	6
28	7
28	8
28	9
28	10
28	11
28	15
28	33
28	34
28	41
28	45
28	50
28	66
28	81
28	97
29	2
29	23
29	31
29	33
29	34
29	35
29	36
29	37
29	38
29	39
29	40
29	42
29	43
29	45
29	46
29	47
29	48
29	49
29	50
29	51
29	52
29	53
29	54
29	55
29	56
29	57
29	79
29	80
29	81
29	82
29	83
29	97
29	98
29	99
30	1
30	2
30	3
30	4
30	5
30	6
30	7
30	8
30	9
30	10
30	11
30	12
30	14
30	15
30	16
30	17
30	18
30	19
30	21
30	22
30	23
30	24
30	25
30	26
30	27
30	28
30	30
30	31
30	32
30	33
30	34
30	35
30	36
30	37
30	38
30	39
30	40
30	41
30	42
30	43
30	45
30	46
30	47
30	48
30	49
30	50
30	51
30	52
30	53
30	54
30	55
30	56
30	57
30	58
30	59
30	60
30	61
30	64
30	68
30	79
30	80
30	81
30	82
30	83
30	84
30	85
30	86
30	87
30	92
30	93
30	95
30	96
30	97
30	98
30	99
30	100
30	102
30	104
30	105
30	107
30	120
30	122
31	18
31	31
31	37
31	38
31	39
31	43
31	45
31	46
31	48
31	56
31	79
31	80
31	81
31	82
31	83
31	99
32	1
32	2
32	4
32	7
32	10
32	11
32	12
32	18
32	19
32	21
32	22
32	23
32	31
32	33
32	34
32	35
32	36
32	37
32	38
32	39
32	40
32	42
32	43
32	44
32	45
32	46
32	47
32	48
32	49
32	50
32	52
32	53
32	54
32	55
32	56
32	57
32	67
32	68
32	79
32	80
32	81
32	82
32	83
32	97
32	98
32	118
32	122
33	4
33	7
33	11
33	12
33	15
33	18
33	19
33	21
33	22
33	23
33	26
33	27
33	28
33	30
33	31
33	33
33	34
33	35
33	36
33	37
33	38
33	39
33	40
33	41
33	42
33	43
33	44
33	45
33	46
33	47
33	48
33	49
33	50
33	51
33	52
33	53
33	54
33	55
33	56
33	67
33	79
33	80
33	81
33	82
33	83
33	87
33	88
33	89
33	90
33	92
33	93
33	97
33	98
33	112
33	118
33	122
34	2
34	7
34	9
34	10
34	11
34	12
34	13
34	14
34	15
34	16
34	17
34	18
34	19
34	21
34	23
34	26
34	27
34	30
34	31
34	33
34	34
34	35
34	36
34	37
34	38
34	39
34	40
34	42
34	43
34	44
34	45
34	46
34	47
34	48
34	49
34	50
34	51
34	52
34	53
34	54
34	55
34	56
34	57
34	67
34	68
34	79
34	80
34	81
34	82
34	83
34	85
34	86
34	93
34	97
34	98
34	99
35	1
35	2
35	7
35	9
35	10
35	11
35	13
35	14
35	17
35	21
35	22
35	23
35	28
35	30
35	31
35	33
35	34
35	35
35	36
35	37
35	38
35	39
35	40
35	42
35	43
35	45
35	46
35	47
35	48
35	49
35	50
35	51
35	52
35	53
35	54
35	55
35	56
35	57
35	59
35	60
35	61
35	79
35	80
35	81
35	82
35	83
35	93
35	95
35	97
35	98
35	99
35	100
35	104
35	120
36	6
36	7
36	9
36	12
36	13
36	14
36	23
36	31
36	33
36	34
36	35
36	36
36	37
36	38
36	39
36	42
36	43
36	45
36	46
36	47
36	48
36	49
36	50
36	52
36	53
36	54
36	55
36	56
36	57
36	79
36	80
36	81
36	82
36	83
36	97
36	98
37	1
37	2
37	3
37	5
37	6
37	7
37	8
37	9
37	10
37	11
37	12
37	15
37	18
37	31
37	32
37	37
37	38
37	41
37	43
37	45
37	46
37	49
37	50
37	52
37	58
37	59
37	64
37	66
37	80
37	81
37	82
37	83
37	99
37	100
37	104
37	107
38	1
38	2
38	3
38	4
38	5
38	7
38	8
38	9
38	10
38	11
38	12
38	15
38	16
38	17
38	19
38	21
38	22
38	23
38	25
38	26
38	27
38	28
38	31
38	32
38	33
38	34
38	35
38	36
38	37
38	38
38	39
38	40
38	42
38	43
38	44
38	45
38	46
38	47
38	48
38	49
38	50
38	51
38	52
38	53
38	54
38	55
38	56
38	57
38	58
38	59
38	61
38	64
38	66
38	68
38	79
38	80
38	81
38	82
38	83
38	86
38	87
38	93
38	95
38	97
38	98
38	99
38	100
38	104
38	105
38	122
39	8
39	18
39	19
39	21
39	22
39	23
39	28
39	31
39	33
39	34
39	35
39	36
39	37
39	38
39	39
39	40
39	42
39	43
39	44
39	45
39	46
39	47
39	48
39	49
39	50
39	51
39	52
39	53
39	54
39	56
39	57
39	67
39	68
39	79
39	80
39	81
39	82
39	83
39	97
39	98
40	2
40	13
40	14
40	18
40	21
40	22
40	23
40	28
40	31
40	33
40	34
40	35
40	36
40	37
40	38
40	39
40	40
40	42
40	43
40	44
40	45
40	46
40	47
40	48
40	49
40	50
40	51
40	52
40	53
40	54
40	55
40	56
40	57
40	59
40	67
40	68
40	79
40	80
40	81
40	82
40	83
40	97
40	98
41	6
41	7
41	9
41	10
41	37
41	38
41	43
41	46
41	56
41	80
41	81
41	82
41	83
42	4
42	7
42	8
42	11
42	12
42	15
42	18
42	19
42	21
42	22
42	23
42	30
42	31
42	33
42	34
42	35
42	36
42	37
42	38
42	39
42	40
42	41
42	42
42	43
42	44
42	45
42	46
42	47
42	48
42	49
42	50
42	51
42	52
42	53
42	54
42	55
42	56
42	57
42	62
42	63
42	67
42	68
42	80
42	81
42	82
42	83
42	93
42	97
42	98
42	107
42	120
42	122
43	7
43	8
43	11
43	12
43	15
43	18
43	22
43	23
43	31
43	33
43	34
43	35
43	36
43	37
43	38
43	39
43	41
43	42
43	43
43	45
43	46
43	47
43	48
43	49
43	50
43	51
43	52
43	53
43	54
43	55
43	56
43	57
43	79
43	80
43	81
43	82
43	83
43	93
43	97
43	98
43	120
44	2
44	6
44	9
44	17
44	18
44	19
44	22
44	23
44	31
44	32
44	33
44	37
44	38
44	39
44	43
44	45
44	46
44	48
44	50
44	52
44	54
44	56
44	57
44	79
44	80
44	81
44	82
44	83
45	1
45	3
45	5
45	6
45	7
45	8
45	9
45	10
45	11
45	12
45	15
45	21
45	22
45	23
45	26
45	27
45	28
45	30
45	31
45	33
45	34
45	35
45	36
45	37
45	38
45	39
45	40
45	41
45	42
45	43
45	44
45	45
45	46
45	47
45	48
45	49
45	50
45	52
45	53
45	54
45	55
45	56
45	57
45	59
45	79
45	80
45	81
45	82
45	83
45	84
45	92
45	93
45	94
45	97
45	99
45	120
46	3
46	7
46	8
46	9
46	10
46	11
46	12
46	13
46	14
46	15
46	18
46	23
46	26
46	27
46	28
46	31
46	33
46	34
46	35
46	37
46	38
46	39
46	40
46	41
46	43
46	44
46	45
46	46
46	47
46	48
46	49
46	50
46	52
46	53
46	56
46	57
46	58
46	59
46	79
46	80
46	81
46	82
46	83
46	93
46	94
46	95
46	97
46	99
47	1
47	2
47	3
47	7
47	8
47	9
47	10
47	11
47	12
47	15
47	16
47	17
47	18
47	19
47	21
47	22
47	23
47	24
47	25
47	26
47	27
47	28
47	30
47	31
47	32
47	33
47	34
47	35
47	36
47	37
47	38
47	39
47	40
47	41
47	42
47	43
47	45
47	46
47	47
47	48
47	49
47	50
47	51
47	52
47	53
47	54
47	55
47	56
47	57
47	58
47	59
47	61
47	62
47	63
47	64
47	67
47	68
47	79
47	80
47	81
47	82
47	83
47	84
47	85
47	86
47	87
47	89
47	90
47	92
47	93
47	94
47	95
47	96
47	97
47	98
47	99
47	100
47	102
47	104
47	105
47	107
47	120
48	8
48	37
48	38
48	43
48	80
48	81
48	82
48	83
49	31
49	33
49	34
49	39
49	43
49	45
49	48
49	56
49	60
49	69
49	70
49	71
49	75
49	76
49	77
49	80
49	82
49	83
49	97
49	98
49	99
50	31
50	32
50	33
50	34
50	38
50	39
50	40
50	43
50	45
50	46
50	48
50	49
50	50
50	56
50	60
50	69
50	70
50	71
50	75
50	76
50	77
50	81
50	82
50	83
50	97
50	98
50	99
51	7
51	11
51	12
51	18
51	33
51	34
51	35
51	37
51	38
51	43
51	80
51	81
51	82
51	83
52	1
52	2
52	6
52	7
52	10
52	11
52	12
52	21
52	23
52	25
52	27
52	30
52	31
52	33
52	34
52	35
52	37
52	38
52	42
52	45
52	46
52	47
52	50
52	54
52	56
52	57
52	58
52	79
52	80
52	81
52	82
52	83
52	95
52	97
52	98
53	7
53	12
53	13
53	14
53	15
53	18
53	21
53	22
53	30
53	33
53	34
53	35
53	37
53	38
53	40
53	41
53	43
53	47
53	56
53	80
53	81
53	82
53	83
53	86
53	97
53	120
54	31
54	32
54	33
54	34
54	38
54	39
54	40
54	43
54	45
54	46
54	48
54	50
54	56
54	70
54	71
54	75
54	76
54	77
54	81
54	82
54	83
54	98
54	99
55	31
55	33
55	34
55	38
55	39
55	43
55	46
55	48
55	49
55	56
55	60
55	69
55	71
55	75
55	76
55	77
55	80
55	82
55	83
55	97
55	98
55	99
56	33
56	34
56	46
56	56
56	99
57	38
57	46
57	56
57	80
57	82
58	2
58	18
58	32
58	37
58	38
58	43
58	50
58	80
58	81
58	82
58	83
59	2
59	6
59	7
59	8
59	9
59	11
59	12
59	15
59	18
59	20
59	21
59	22
59	23
59	27
59	28
59	30
59	31
59	33
59	34
59	35
59	36
59	37
59	38
59	40
59	42
59	43
59	45
59	46
59	47
59	48
59	49
59	50
59	51
59	52
59	53
59	54
59	55
59	56
59	57
59	68
59	79
59	80
59	81
59	82
59	83
59	98
59	103
60	7
60	10
60	16
60	18
60	31
60	33
60	34
60	35
60	36
60	37
60	38
60	39
60	42
60	43
60	45
60	46
60	47
60	53
60	56
60	57
60	79
60	80
60	81
60	82
60	83
60	97
61	1
61	2
61	3
61	6
61	7
61	9
61	10
61	11
61	12
61	18
61	21
61	23
61	25
61	27
61	31
61	32
61	33
61	34
61	35
61	36
61	37
61	38
61	39
61	40
61	42
61	43
61	44
61	45
61	47
61	48
61	49
61	50
61	51
61	52
61	53
61	54
61	55
61	56
61	57
61	79
61	80
61	81
61	82
61	83
61	93
61	97
61	98
61	99
61	120
62	1
62	7
62	10
62	11
62	12
62	15
62	18
62	22
62	23
62	30
62	31
62	33
62	34
62	35
62	36
62	37
62	38
62	39
62	40
62	41
62	42
62	43
62	44
62	45
62	46
62	47
62	48
62	49
62	50
62	51
62	52
62	53
62	54
62	55
62	56
62	57
62	79
62	80
62	81
62	82
62	83
62	93
62	97
62	98
62	99
63	3
63	6
63	7
63	9
63	11
63	12
63	14
63	18
63	31
63	33
63	34
63	38
63	43
63	46
63	56
63	80
63	81
63	82
63	83
64	1
64	2
64	3
64	5
64	6
64	7
64	8
64	9
64	10
64	11
64	12
64	18
64	22
64	23
64	31
64	32
64	33
64	34
64	35
64	37
64	38
64	40
64	43
64	45
64	46
64	47
64	50
64	53
64	56
64	59
64	64
64	67
64	80
64	81
64	82
64	83
64	97
64	98
64	100
65	2
65	6
65	8
65	12
65	18
65	25
65	28
65	30
65	37
65	38
65	43
65	45
65	46
65	51
65	56
65	59
65	80
65	81
65	82
65	83
66	9
66	10
66	18
66	31
66	33
66	35
66	37
66	38
66	39
66	40
66	43
66	46
66	47
66	56
66	79
66	80
66	81
66	82
66	83
66	97
67	4
67	31
67	33
67	34
67	37
67	38
67	43
67	46
67	47
67	48
67	49
67	56
67	57
67	60
67	64
67	69
67	71
67	77
67	81
67	82
67	83
67	97
67	98
67	99
67	100
67	107
67	120
67	122
68	4
68	31
68	32
68	33
68	34
68	37
68	39
68	40
68	43
68	46
68	47
68	48
68	49
68	50
68	56
68	57
68	60
68	62
68	63
68	64
68	67
68	69
68	71
68	75
68	77
68	80
68	81
68	82
68	83
68	98
68	99
68	100
68	107
68	120
68	122
69	4
69	31
69	37
69	38
69	43
69	46
69	47
69	49
69	56
69	57
69	69
69	71
69	77
69	80
69	81
69	82
69	83
69	98
69	99
69	120
69	122
70	33
70	34
70	37
70	38
70	39
70	43
70	46
70	47
70	56
70	57
70	69
70	71
70	81
70	82
70	83
70	97
70	98
70	99
70	100
70	107
71	4
71	31
71	33
71	34
71	37
71	38
71	39
71	43
71	45
71	47
71	48
71	49
71	56
71	57
71	60
71	62
71	63
71	64
71	67
71	71
71	75
71	76
71	77
71	81
71	82
71	83
71	97
71	98
71	99
71	100
71	107
71	120
71	122
72	31
72	33
72	34
72	38
72	43
72	48
72	49
72	56
72	64
72	71
72	76
72	80
72	82
72	83
72	97
72	98
72	99
72	100
72	107
72	120
73	33
73	34
73	37
73	38
73	39
73	46
73	47
73	49
73	56
73	57
73	64
73	71
73	80
73	82
73	83
73	97
73	98
73	99
73	100
74	57
74	59
74	94
74	97
74	100
74	102
74	105
75	6
75	7
75	9
75	11
75	15
75	18
75	19
75	20
75	31
75	33
75	34
75	38
75	41
75	45
75	46
75	48
75	50
75	56
75	59
75	60
75	80
75	83
75	97
75	98
75	99
75	105
75	120
76	6
76	7
76	9
76	11
76	12
76	15
76	18
76	19
76	20
76	31
76	34
76	38
76	41
76	45
76	46
76	50
76	56
76	59
76	60
76	79
76	80
76	83
76	97
76	98
76	99
76	105
76	120
77	6
77	7
77	9
77	11
77	12
77	15
77	18
77	19
77	20
77	31
77	33
77	34
77	38
77	41
77	45
77	46
77	50
77	56
77	59
77	60
77	80
77	83
77	97
77	98
77	99
77	105
77	120
78	6
78	7
78	9
78	11
78	12
78	15
78	19
78	20
78	31
78	38
78	41
78	45
78	46
78	47
78	50
78	56
78	60
78	84
78	85
78	98
78	99
78	120
79	6
79	7
79	9
79	11
79	15
79	18
79	19
79	20
79	38
79	41
79	46
79	50
79	56
79	59
79	83
79	97
79	98
79	99
79	105
80	6
80	7
80	9
80	11
80	12
80	15
80	31
80	33
80	34
80	38
80	41
80	45
80	46
80	50
80	56
80	59
80	60
80	80
80	83
80	84
80	85
80	97
80	98
80	99
80	105
80	120
81	7
81	15
81	31
81	38
81	41
81	46
81	50
81	56
81	59
81	60
81	80
81	83
81	97
81	98
81	99
81	105
81	120
82	6
82	7
82	9
82	11
82	12
82	15
82	31
82	38
82	41
82	46
82	50
82	56
82	59
82	60
82	80
82	84
82	85
82	86
82	97
82	99
82	105
82	120
83	6
83	9
83	12
83	31
83	38
83	46
83	50
83	56
83	59
83	60
83	97
83	98
83	99
83	105
83	120
84	6
84	7
84	9
84	11
84	12
84	15
84	18
84	19
84	20
84	31
84	33
84	34
84	38
84	41
84	45
84	46
84	50
84	56
84	59
84	60
84	83
84	85
84	97
84	98
84	99
84	105
84	120
85	6
85	7
85	9
85	11
85	12
85	15
85	18
85	19
85	31
85	33
85	34
85	38
85	41
85	45
85	46
85	50
85	56
85	59
85	60
85	79
85	83
85	85
85	97
85	99
85	105
85	120
86	6
86	7
86	9
86	15
86	19
86	20
86	31
86	38
86	41
86	45
86	46
86	50
86	56
86	59
86	60
86	81
86	83
86	84
86	97
86	98
86	99
86	105
86	120
87	7
87	15
87	18
87	19
87	31
87	38
87	41
87	45
87	46
87	50
87	56
87	59
87	60
87	83
87	97
87	99
87	105
87	120
88	6
88	7
88	9
88	11
88	15
88	19
88	20
88	31
88	33
88	34
88	38
88	41
88	46
88	50
88	56
88	59
88	60
88	79
88	83
88	85
88	97
88	98
88	99
88	105
88	120
89	6
89	7
89	9
89	11
89	12
89	15
89	19
89	20
89	31
89	34
89	38
89	41
89	45
89	46
89	50
89	56
89	60
89	80
89	83
89	97
89	98
89	99
89	120
90	4
90	31
90	33
90	34
90	37
90	38
90	39
90	45
90	46
90	47
90	48
90	56
90	57
90	62
90	63
90	64
90	67
90	71
90	77
90	80
90	81
90	82
90	83
90	97
90	98
90	99
90	100
90	107
90	122
91	4
91	33
91	34
91	37
91	38
91	39
91	47
91	49
91	56
91	57
91	60
91	62
91	63
91	66
91	67
91	69
91	71
91	80
91	81
91	82
91	83
91	97
91	98
91	99
91	100
91	107
91	120
91	122
92	33
92	34
92	37
92	38
92	39
92	46
92	47
92	56
92	57
92	64
92	71
92	75
92	81
92	82
92	83
92	97
92	98
92	99
92	100
92	120
93	4
93	31
93	33
93	34
93	37
93	38
93	39
93	43
93	46
93	47
93	49
93	56
93	57
93	60
93	62
93	63
93	64
93	67
93	71
93	76
93	77
93	81
93	82
93	83
93	97
93	98
93	99
93	100
93	107
93	120
93	122
94	31
94	32
94	33
94	34
94	38
94	39
94	40
94	43
94	49
94	50
94	56
94	60
94	70
94	71
94	76
94	77
94	81
94	82
94	83
94	97
94	98
94	99
95	4
95	31
95	33
95	34
95	37
95	38
95	46
95	47
95	56
95	57
95	69
95	71
95	76
95	81
95	82
95	97
95	98
95	99
95	122
96	33
96	34
96	38
96	39
96	43
96	46
96	56
96	60
96	71
96	80
96	82
96	83
96	97
96	98
96	99
97	4
97	31
97	33
97	34
97	37
97	38
97	39
97	46
97	47
97	48
97	49
97	56
97	57
97	60
97	64
97	71
97	77
97	82
97	83
97	98
97	99
97	100
97	107
97	120
97	122
98	4
98	31
98	33
98	34
98	37
98	38
98	39
98	43
98	47
98	48
98	49
98	56
98	57
98	60
98	64
98	69
98	71
98	76
98	77
98	80
98	81
98	82
98	83
98	98
98	99
98	100
98	107
98	120
98	122
99	4
99	31
99	32
99	33
99	34
99	37
99	39
99	40
99	43
99	45
99	46
99	47
99	48
99	49
99	50
99	56
99	57
99	64
99	71
99	75
99	76
99	80
99	81
99	82
99	83
99	97
99	98
99	99
99	100
99	107
99	120
99	122
100	4
100	31
100	33
100	34
100	37
100	38
100	43
100	46
100	47
100	48
100	49
100	56
100	57
100	60
100	64
100	69
100	76
100	77
100	80
100	82
100	83
100	98
100	99
100	100
100	107
100	120
100	122
101	31
101	33
101	34
101	38
101	39
101	43
101	46
101	48
101	56
101	60
101	69
101	70
101	71
101	75
101	77
101	80
101	82
101	83
101	98
101	99
102	4
102	31
102	33
102	34
102	37
102	39
102	43
102	46
102	47
102	48
102	49
102	56
102	57
102	60
102	64
102	69
102	71
102	76
102	77
102	81
102	82
102	83
102	97
102	98
102	99
102	100
102	107
102	120
102	122
103	4
103	31
103	33
103	34
103	37
103	38
103	39
103	43
103	46
103	47
103	49
103	56
103	57
103	60
103	64
103	71
103	76
103	80
103	82
103	83
103	98
103	99
103	100
103	107
103	120
103	122
104	18
104	31
104	32
104	33
104	34
104	38
104	39
104	40
104	43
104	45
104	46
104	48
104	49
104	50
104	56
104	71
104	75
104	76
104	77
104	82
104	83
104	98
104	99
105	4
105	31
105	33
105	34
105	37
105	39
105	40
105	43
105	45
105	46
105	47
105	48
105	49
105	50
105	56
105	57
105	64
105	71
105	75
105	76
105	77
105	81
105	82
105	83
105	98
105	99
105	100
105	107
105	120
105	122
106	4
106	31
106	33
106	34
106	37
106	39
106	46
106	47
106	49
106	56
106	57
106	60
106	62
106	63
106	64
106	67
106	71
106	80
106	81
106	82
106	83
106	98
106	99
106	100
106	107
106	120
106	122
107	4
107	31
107	33
107	34
107	37
107	38
107	39
107	43
107	45
107	46
107	47
107	49
107	56
107	57
107	60
107	62
107	63
107	64
107	67
107	69
107	71
107	76
107	81
107	82
107	83
107	98
107	99
107	100
107	107
107	120
107	122
108	4
108	31
108	32
108	33
108	34
108	37
108	38
108	39
108	40
108	45
108	46
108	47
108	48
108	49
108	50
108	56
108	57
108	60
108	62
108	63
108	64
108	67
108	69
108	71
108	76
108	77
108	80
108	82
108	83
108	97
108	98
108	99
108	100
108	107
108	120
108	122
109	33
109	34
109	37
109	39
109	43
109	46
109	47
109	56
109	57
109	69
109	71
109	76
109	81
109	82
109	83
109	97
109	98
109	99
109	100
110	33
110	34
110	38
110	46
110	56
110	64
110	69
110	71
110	80
110	82
110	97
110	98
110	99
110	100
111	1
111	2
111	3
111	5
111	6
111	7
111	8
111	9
111	10
111	11
111	12
111	13
111	14
111	15
111	23
111	25
111	31
111	32
111	33
111	37
111	38
111	41
111	43
111	45
111	46
111	47
111	50
111	52
111	56
111	64
111	80
111	81
111	82
111	83
111	100
111	104
111	120
112	4
112	31
112	34
112	37
112	38
112	39
112	46
112	47
112	56
112	57
112	60
112	69
112	71
112	76
112	81
112	82
112	83
112	98
112	99
112	100
112	107
112	120
112	122
113	4
113	31
113	33
113	34
113	37
113	38
113	39
113	43
113	46
113	47
113	48
113	49
113	56
113	57
113	60
113	69
113	71
113	76
113	77
113	80
113	81
113	82
113	83
113	97
113	98
113	99
113	100
113	107
113	120
113	122
114	31
114	33
114	34
114	37
114	38
114	39
114	43
114	46
114	47
114	49
114	56
114	57
114	60
114	62
114	63
114	64
114	67
114	69
114	71
114	75
114	76
114	81
114	82
114	83
114	97
114	98
114	99
114	100
114	107
114	120
115	33
115	34
115	37
115	38
115	39
115	43
115	46
115	47
115	49
115	56
115	57
115	60
115	64
115	69
115	71
115	80
115	81
115	82
115	83
115	98
115	99
115	100
115	107
115	120
116	4
116	31
116	33
116	34
116	37
116	46
116	47
116	48
116	49
116	56
116	57
116	64
116	69
116	71
116	75
116	76
116	77
116	81
116	82
116	97
116	98
116	99
116	100
116	107
116	122
117	4
117	31
117	33
117	34
117	37
117	43
117	45
117	46
117	47
117	48
117	49
117	56
117	57
117	60
117	71
117	75
117	76
117	80
117	81
117	82
117	98
117	99
117	100
117	107
117	120
117	122
118	38
118	56
118	69
118	71
118	81
118	82
118	97
118	98
119	38
119	39
119	43
119	46
119	56
119	69
119	71
119	80
119	81
119	82
119	83
119	97
119	98
120	4
120	31
120	33
120	34
120	37
120	38
120	39
120	43
120	46
120	47
120	48
120	49
120	56
120	57
120	60
120	64
120	69
120	71
120	76
120	80
120	81
120	82
120	83
120	98
120	99
120	100
120	107
120	120
120	122
121	33
121	34
121	38
121	39
121	43
121	46
121	56
121	60
121	69
121	70
121	71
121	80
121	81
121	82
121	83
121	97
121	98
121	99
122	19
122	21
122	22
122	28
122	67
122	68
123	31
123	33
123	34
123	37
123	39
123	43
123	46
123	47
123	49
123	56
123	57
123	60
123	62
123	63
123	64
123	67
123	69
123	71
123	76
123	77
123	80
123	81
123	82
123	83
123	98
123	99
123	100
123	107
123	120
124	39
124	43
124	46
124	56
124	80
124	81
124	82
124	83
124	98
125	2
125	7
125	8
125	11
125	12
125	28
125	32
125	37
125	45
125	46
125	49
125	50
125	56
125	80
125	98
126	1
126	2
126	3
126	4
126	5
126	6
126	7
126	8
126	9
126	10
126	11
126	12
126	13
126	14
126	15
126	16
126	17
126	18
126	19
126	21
126	22
126	24
126	25
126	26
126	27
126	28
126	30
126	31
126	32
126	33
126	34
126	38
126	39
126	41
126	43
126	45
126	46
126	48
126	49
126	50
126	52
126	56
126	58
126	59
126	61
126	64
126	67
126	68
126	79
126	80
126	81
126	82
126	83
126	90
126	92
126	93
126	94
126	95
126	96
126	97
126	98
126	99
126	100
126	102
126	104
126	105
126	107
126	120
126	122
127	1
127	2
127	3
127	4
127	5
127	6
127	7
127	8
127	9
127	10
127	11
127	12
127	13
127	14
127	15
127	16
127	17
127	18
127	19
127	21
127	22
127	23
127	24
127	25
127	26
127	27
127	28
127	30
127	31
127	32
127	33
127	34
127	39
127	41
127	43
127	45
127	46
127	48
127	49
127	50
127	56
127	57
127	58
127	59
127	60
127	64
127	67
127	79
127	80
127	81
127	82
127	83
127	87
127	90
127	93
127	94
127	95
127	96
127	97
127	98
127	99
127	100
127	104
127	105
127	107
127	120
127	122
128	1
128	2
128	3
128	4
128	5
128	6
128	7
128	8
128	9
128	10
128	11
128	12
128	13
128	14
128	15
128	16
128	17
128	18
128	19
128	21
128	22
128	23
128	24
128	25
128	26
128	27
128	30
128	31
128	32
128	33
128	34
128	38
128	39
128	43
128	45
128	46
128	49
128	50
128	52
128	56
128	57
128	58
128	59
128	60
128	61
128	64
128	68
128	79
128	80
128	81
128	82
128	83
128	87
128	90
128	93
128	94
128	95
128	96
128	97
128	98
128	99
128	100
128	105
128	112
128	120
128	122
129	1
129	2
129	3
129	4
129	5
129	6
129	7
129	8
129	9
129	10
129	11
129	12
129	13
129	14
129	15
129	16
129	17
129	19
129	21
129	22
129	23
129	24
129	25
129	26
129	27
129	28
129	30
129	31
129	32
129	33
129	34
129	38
129	39
129	43
129	45
129	46
129	48
129	49
129	50
129	52
129	56
129	57
129	58
129	59
129	61
129	62
129	63
129	64
129	67
129	68
129	79
129	80
129	81
129	82
129	83
129	87
129	92
129	93
129	94
129	95
129	97
129	98
129	99
129	100
129	102
129	104
129	105
129	107
129	120
129	122
130	1
130	2
130	3
130	4
130	5
130	6
130	7
130	8
130	9
130	10
130	11
130	12
130	13
130	14
130	15
130	16
130	17
130	18
130	19
130	21
130	22
130	23
130	25
130	26
130	27
130	28
130	30
130	31
130	32
130	33
130	34
130	38
130	39
130	41
130	43
130	45
130	46
130	48
130	49
130	50
130	52
130	56
130	57
130	58
130	59
130	60
130	61
130	64
130	67
130	68
130	79
130	80
130	81
130	82
130	83
130	87
130	89
130	90
130	93
130	94
130	95
130	96
130	97
130	98
130	99
130	100
130	104
130	105
130	107
130	120
130	122
131	1
131	2
131	3
131	4
131	5
131	6
131	7
131	8
131	9
131	10
131	11
131	12
131	13
131	14
131	15
131	16
131	17
131	19
131	20
131	21
131	22
131	23
131	24
131	25
131	26
131	27
131	30
131	31
131	32
131	33
131	34
131	39
131	41
131	43
131	45
131	46
131	48
131	49
131	50
131	52
131	56
131	57
131	58
131	59
131	60
131	61
131	64
131	67
131	68
131	79
131	80
131	81
131	82
131	83
131	87
131	90
131	91
131	92
131	93
131	94
131	95
131	96
131	97
131	98
131	99
131	100
131	104
131	105
131	120
131	122
132	1
132	2
132	3
132	4
132	5
132	6
132	7
132	8
132	9
132	10
132	11
132	12
132	13
132	14
132	15
132	16
132	17
132	18
132	19
132	21
132	22
132	23
132	24
132	25
132	26
132	27
132	28
132	30
132	31
132	32
132	33
132	34
132	38
132	39
132	41
132	43
132	45
132	46
132	48
132	49
132	50
132	52
132	56
132	57
132	58
132	59
132	60
132	61
132	62
132	63
132	64
132	67
132	68
132	79
132	80
132	81
132	82
132	83
132	87
132	90
132	92
132	93
132	94
132	95
132	96
132	97
132	98
132	99
132	100
132	104
132	105
132	107
132	120
132	122
133	1
133	2
133	3
133	4
133	5
133	6
133	7
133	8
133	9
133	10
133	11
133	12
133	13
133	14
133	15
133	16
133	17
133	18
133	19
133	21
133	22
133	23
133	24
133	25
133	26
133	27
133	28
133	30
133	31
133	32
133	33
133	34
133	38
133	39
133	41
133	43
133	45
133	46
133	48
133	49
133	50
133	56
133	58
133	59
133	60
133	61
133	62
133	63
133	64
133	67
133	79
133	80
133	81
133	82
133	83
133	87
133	90
133	92
133	93
133	94
133	95
133	96
133	97
133	98
133	99
133	100
133	104
133	105
133	107
133	112
133	120
133	122
134	38
134	39
134	43
134	56
134	81
134	82
134	83
134	98
135	1
135	2
135	3
135	4
135	5
135	6
135	7
135	8
135	9
135	10
135	11
135	12
135	13
135	14
135	15
135	16
135	17
135	18
135	19
135	21
135	22
135	23
135	24
135	25
135	26
135	27
135	28
135	30
135	31
135	32
135	33
135	34
135	38
135	39
135	43
135	45
135	46
135	48
135	49
135	50
135	52
135	56
135	57
135	58
135	59
135	60
135	61
135	62
135	63
135	64
135	67
135	68
135	79
135	80
135	81
135	82
135	83
135	87
135	90
135	93
135	94
135	95
135	96
135	97
135	98
135	99
135	100
135	104
135	105
135	107
135	118
135	120
135	122
136	1
136	2
136	3
136	4
136	5
136	6
136	7
136	8
136	9
136	10
136	11
136	12
136	13
136	14
136	15
136	16
136	17
136	18
136	21
136	22
136	23
136	24
136	25
136	26
136	27
136	28
136	30
136	31
136	32
136	33
136	34
136	38
136	39
136	41
136	43
136	45
136	46
136	48
136	49
136	50
136	52
136	56
136	57
136	58
136	59
136	60
136	61
136	64
136	68
136	79
136	80
136	81
136	82
136	83
136	87
136	89
136	90
136	92
136	93
136	94
136	95
136	96
136	97
136	98
136	99
136	100
136	102
136	103
136	104
136	105
136	107
136	120
136	122
137	1
137	2
137	3
137	4
137	5
137	6
137	7
137	8
137	9
137	10
137	11
137	12
137	13
137	14
137	15
137	16
137	17
137	18
137	19
137	21
137	22
137	23
137	24
137	25
137	26
137	27
137	28
137	30
137	31
137	32
137	33
137	34
137	38
137	39
137	41
137	43
137	45
137	46
137	48
137	49
137	50
137	52
137	56
137	57
137	58
137	59
137	60
137	61
137	64
137	67
137	79
137	80
137	81
137	82
137	83
137	87
137	91
137	92
137	93
137	94
137	95
137	96
137	97
137	98
137	99
137	100
137	104
137	105
137	107
137	112
137	120
137	122
138	1
138	2
138	3
138	4
138	5
138	6
138	7
138	8
138	9
138	10
138	11
138	12
138	13
138	14
138	15
138	16
138	17
138	18
138	19
138	21
138	22
138	23
138	24
138	25
138	26
138	27
138	28
138	30
138	31
138	32
138	33
138	34
138	38
138	39
138	41
138	43
138	45
138	46
138	48
138	49
138	50
138	52
138	56
138	57
138	58
138	59
138	60
138	61
138	64
138	67
138	68
138	79
138	80
138	81
138	82
138	83
138	87
138	90
138	93
138	94
138	95
138	96
138	97
138	98
138	99
138	100
138	102
138	104
138	105
138	107
138	120
138	122
139	1
139	2
139	3
139	4
139	5
139	6
139	7
139	8
139	9
139	10
139	11
139	12
139	13
139	14
139	15
139	18
139	21
139	23
139	24
139	25
139	26
139	27
139	30
139	31
139	32
139	33
139	34
139	38
139	39
139	43
139	45
139	46
139	48
139	49
139	50
139	52
139	56
139	57
139	58
139	59
139	60
139	61
139	62
139	63
139	64
139	67
139	68
139	79
139	80
139	81
139	82
139	83
139	87
139	89
139	90
139	93
139	94
139	95
139	96
139	97
139	98
139	99
139	100
139	102
139	104
139	105
139	107
139	120
139	122
140	1
140	2
140	3
140	4
140	5
140	6
140	7
140	8
140	9
140	10
140	11
140	12
140	13
140	14
140	15
140	16
140	17
140	18
140	19
140	21
140	22
140	23
140	24
140	25
140	26
140	27
140	28
140	30
140	31
140	32
140	33
140	34
140	38
140	39
140	43
140	45
140	46
140	48
140	49
140	50
140	52
140	56
140	57
140	58
140	59
140	60
140	61
140	64
140	68
140	79
140	80
140	81
140	82
140	83
140	87
140	90
140	91
140	92
140	93
140	94
140	95
140	96
140	97
140	98
140	99
140	100
140	104
140	105
140	107
140	118
140	120
140	122
141	1
141	2
141	3
141	4
141	5
141	6
141	7
141	8
141	9
141	10
141	11
141	12
141	13
141	14
141	15
141	16
141	18
141	19
141	21
141	22
141	23
141	24
141	25
141	26
141	27
141	30
141	31
141	32
141	33
141	34
141	38
141	39
141	43
141	45
141	46
141	48
141	49
141	50
141	56
141	57
141	58
141	59
141	60
141	61
141	62
141	63
141	64
141	67
141	79
141	80
141	81
141	82
141	83
141	87
141	90
141	92
141	93
141	94
141	95
141	97
141	98
141	99
141	100
141	104
141	105
141	107
141	120
141	122
142	1
142	2
142	3
142	4
142	5
142	6
142	7
142	8
142	9
142	10
142	11
142	12
142	13
142	14
142	15
142	16
142	19
142	20
142	21
142	23
142	24
142	25
142	26
142	27
142	30
142	31
142	32
142	33
142	34
142	38
142	39
142	41
142	43
142	45
142	46
142	48
142	49
142	50
142	52
142	56
142	57
142	59
142	60
142	61
142	64
142	68
142	79
142	80
142	81
142	82
142	83
142	87
142	89
142	90
142	92
142	93
142	94
142	95
142	96
142	97
142	98
142	99
142	100
142	104
142	105
142	107
142	120
142	122
143	1
143	2
143	3
143	4
143	5
143	6
143	7
143	8
143	9
143	10
143	11
143	12
143	13
143	14
143	15
143	16
143	18
143	19
143	21
143	22
143	23
143	24
143	26
143	27
143	28
143	30
143	31
143	33
143	34
143	39
143	41
143	43
143	45
143	46
143	48
143	49
143	50
143	52
143	56
143	57
143	58
143	59
143	60
143	61
143	62
143	63
143	67
143	68
143	79
143	80
143	81
143	82
143	83
143	87
143	90
143	93
143	94
143	96
143	98
143	99
143	100
143	105
143	107
143	120
143	122
144	1
144	2
144	3
144	4
144	5
144	6
144	7
144	8
144	9
144	10
144	11
144	12
144	13
144	14
144	15
144	18
144	19
144	21
144	22
144	24
144	25
144	26
144	27
144	28
144	30
144	31
144	32
144	33
144	34
144	38
144	39
144	41
144	43
144	45
144	46
144	48
144	49
144	50
144	52
144	56
144	57
144	59
144	61
144	64
144	67
144	68
144	79
144	80
144	81
144	82
144	83
144	87
144	89
144	90
144	93
144	94
144	95
144	97
144	98
144	99
144	100
144	105
144	107
144	118
144	120
144	122
145	1
145	2
145	3
145	4
145	5
145	6
145	7
145	8
145	9
145	10
145	11
145	12
145	13
145	14
145	15
145	16
145	17
145	18
145	19
145	21
145	22
145	23
145	24
145	25
145	26
145	27
145	28
145	30
145	31
145	32
145	33
145	34
145	38
145	39
145	41
145	43
145	45
145	46
145	48
145	49
145	50
145	52
145	56
145	57
145	59
145	60
145	61
145	64
145	67
145	68
145	79
145	80
145	81
145	82
145	83
145	87
145	90
145	92
145	93
145	94
145	95
145	96
145	97
145	98
145	99
145	100
145	104
145	105
145	107
145	120
145	122
146	1
146	2
146	3
146	4
146	5
146	6
146	7
146	8
146	9
146	10
146	11
146	12
146	13
146	14
146	15
146	16
146	17
146	18
146	19
146	21
146	22
146	23
146	25
146	26
146	27
146	28
146	30
146	31
146	32
146	33
146	34
146	38
146	39
146	43
146	45
146	46
146	48
146	49
146	50
146	56
146	57
146	59
146	60
146	61
146	64
146	68
146	79
146	80
146	81
146	82
146	83
146	87
146	88
146	90
146	93
146	94
146	95
146	96
146	97
146	98
146	99
146	100
146	104
146	105
146	107
146	120
146	122
147	1
147	2
147	3
147	4
147	5
147	6
147	7
147	8
147	9
147	10
147	11
147	12
147	13
147	14
147	15
147	16
147	17
147	18
147	19
147	21
147	24
147	25
147	26
147	27
147	30
147	31
147	32
147	33
147	34
147	39
147	41
147	43
147	45
147	46
147	48
147	49
147	50
147	52
147	56
147	57
147	58
147	59
147	60
147	61
147	64
147	68
147	79
147	80
147	81
147	82
147	83
147	87
147	89
147	90
147	92
147	93
147	94
147	95
147	96
147	97
147	98
147	99
147	100
147	104
147	105
147	120
147	122
148	31
148	32
148	33
148	34
148	37
148	38
148	40
148	43
148	45
148	46
148	47
148	48
148	49
148	50
148	56
148	57
148	64
148	69
148	71
148	75
148	76
148	77
148	81
148	82
148	83
148	97
148	98
148	99
148	100
148	120
149	1
149	2
149	3
149	4
149	5
149	6
149	7
149	8
149	9
149	10
149	11
149	12
149	13
149	14
149	15
149	16
149	18
149	19
149	21
149	22
149	23
149	24
149	25
149	26
149	27
149	28
149	30
149	31
149	32
149	33
149	34
149	38
149	39
149	43
149	45
149	46
149	48
149	49
149	50
149	52
149	56
149	57
149	59
149	60
149	61
149	64
149	68
149	79
149	80
149	81
149	82
149	83
149	87
149	90
149	91
149	92
149	93
149	94
149	95
149	96
149	98
149	99
149	100
149	104
149	105
149	107
149	120
149	122
150	1
150	2
150	3
150	4
150	5
150	6
150	7
150	8
150	9
150	10
150	11
150	12
150	13
150	14
150	15
150	16
150	17
150	18
150	19
150	21
150	23
150	24
150	25
150	26
150	27
150	28
150	30
150	31
150	32
150	33
150	34
150	38
150	39
150	41
150	43
150	45
150	46
150	48
150	49
150	50
150	56
150	57
150	58
150	59
150	60
150	61
150	64
150	67
150	68
150	79
150	80
150	81
150	82
150	83
150	87
150	88
150	89
150	90
150	91
150	93
150	94
150	95
150	96
150	97
150	98
150	99
150	100
150	102
150	104
150	105
150	107
150	120
150	122
151	1
151	2
151	3
151	4
151	5
151	6
151	7
151	8
151	9
151	10
151	11
151	12
151	13
151	14
151	15
151	16
151	17
151	18
151	19
151	20
151	21
151	22
151	23
151	24
151	25
151	26
151	27
151	28
151	30
151	31
151	32
151	33
151	34
151	38
151	39
151	41
151	43
151	45
151	46
151	48
151	49
151	50
151	52
151	56
151	57
151	58
151	59
151	60
151	61
151	62
151	63
151	64
151	67
151	68
151	79
151	80
151	81
151	82
151	83
151	87
151	90
151	93
151	94
151	96
151	97
151	98
151	99
151	100
151	102
151	104
151	105
151	107
151	120
151	122
152	1
152	2
152	3
152	4
152	5
152	6
152	7
152	8
152	9
152	10
152	11
152	12
152	13
152	14
152	15
152	16
152	17
152	18
152	21
152	22
152	23
152	24
152	25
152	26
152	27
152	28
152	30
152	31
152	32
152	33
152	34
152	39
152	43
152	45
152	46
152	48
152	49
152	50
152	52
152	56
152	57
152	58
152	59
152	60
152	61
152	62
152	63
152	64
152	67
152	68
152	79
152	80
152	81
152	82
152	83
152	87
152	89
152	90
152	92
152	93
152	94
152	96
152	97
152	98
152	99
152	100
152	104
152	105
152	107
152	120
152	122
153	1
153	2
153	3
153	4
153	5
153	6
153	7
153	8
153	9
153	10
153	11
153	12
153	13
153	14
153	15
153	16
153	17
153	19
153	21
153	22
153	23
153	24
153	25
153	26
153	27
153	28
153	30
153	31
153	32
153	33
153	34
153	39
153	41
153	43
153	45
153	46
153	48
153	49
153	50
153	52
153	56
153	57
153	58
153	59
153	60
153	61
153	62
153	63
153	64
153	67
153	68
153	79
153	80
153	81
153	82
153	83
153	87
153	90
153	92
153	93
153	94
153	95
153	96
153	97
153	98
153	99
153	100
153	104
153	105
153	107
153	120
153	122
154	1
154	2
154	3
154	4
154	5
154	6
154	7
154	8
154	9
154	10
154	11
154	12
154	13
154	14
154	15
154	17
154	18
154	19
154	21
154	22
154	23
154	24
154	25
154	26
154	27
154	28
154	30
154	31
154	32
154	33
154	34
154	39
154	41
154	43
154	45
154	46
154	48
154	49
154	50
154	56
154	58
154	59
154	60
154	61
154	64
154	67
154	68
154	79
154	80
154	81
154	82
154	83
154	90
154	92
154	93
154	94
154	95
154	96
154	97
154	98
154	99
154	100
154	104
154	105
154	120
154	122
155	1
155	2
155	3
155	4
155	5
155	6
155	7
155	8
155	9
155	10
155	11
155	12
155	13
155	14
155	15
155	16
155	17
155	18
155	19
155	21
155	22
155	23
155	24
155	25
155	26
155	27
155	28
155	30
155	31
155	32
155	33
155	34
155	38
155	39
155	41
155	43
155	45
155	46
155	48
155	49
155	50
155	52
155	56
155	57
155	58
155	59
155	60
155	61
155	64
155	68
155	79
155	80
155	81
155	82
155	83
155	90
155	93
155	94
155	95
155	96
155	97
155	98
155	99
155	100
155	104
155	105
155	107
155	120
155	122
156	33
156	34
156	38
156	39
156	43
156	56
156	69
156	70
156	71
156	82
156	83
156	98
156	99
157	1
157	2
157	3
157	4
157	5
157	6
157	7
157	8
157	9
157	10
157	11
157	12
157	13
157	14
157	15
157	16
157	17
157	18
157	19
157	21
157	22
157	23
157	24
157	25
157	26
157	27
157	28
157	30
157	31
157	32
157	33
157	34
157	38
157	39
157	41
157	43
157	45
157	46
157	48
157	49
157	50
157	52
157	56
157	57
157	58
157	59
157	60
157	61
157	64
157	68
157	79
157	80
157	81
157	82
157	83
157	90
157	91
157	92
157	93
157	94
157	95
157	96
157	97
157	98
157	99
157	100
157	102
157	104
157	105
157	107
157	112
157	120
157	122
158	1
158	2
158	3
158	4
158	5
158	6
158	7
158	8
158	9
158	10
158	11
158	12
158	13
158	14
158	15
158	16
158	17
158	18
158	19
158	21
158	24
158	25
158	26
158	27
158	28
158	30
158	31
158	32
158	33
158	34
158	38
158	39
158	41
158	43
158	45
158	46
158	48
158	49
158	50
158	52
158	56
158	58
158	59
158	60
158	61
158	64
158	68
158	79
158	80
158	81
158	82
158	83
158	87
158	90
158	93
158	94
158	95
158	96
158	97
158	98
158	99
158	100
158	105
158	107
158	120
158	122
159	1
159	2
159	3
159	4
159	5
159	6
159	7
159	8
159	9
159	10
159	11
159	12
159	13
159	14
159	15
159	18
159	20
159	21
159	22
159	23
159	24
159	25
159	26
159	27
159	28
159	30
159	31
159	32
159	33
159	34
159	38
159	39
159	41
159	43
159	45
159	46
159	48
159	49
159	50
159	52
159	56
159	58
159	59
159	60
159	61
159	64
159	68
159	79
159	80
159	81
159	82
159	83
159	87
159	89
159	90
159	92
159	93
159	94
159	96
159	97
159	98
159	99
159	100
159	104
159	105
159	107
159	120
159	122
160	1
160	2
160	3
160	4
160	5
160	6
160	7
160	8
160	9
160	10
160	11
160	12
160	13
160	14
160	15
160	16
160	17
160	18
160	19
160	21
160	23
160	24
160	25
160	26
160	27
160	28
160	30
160	31
160	32
160	33
160	34
160	38
160	39
160	41
160	43
160	45
160	46
160	49
160	50
160	52
160	56
160	58
160	59
160	61
160	64
160	68
160	79
160	80
160	81
160	82
160	83
160	87
160	89
160	90
160	92
160	93
160	94
160	95
160	96
160	97
160	98
160	99
160	100
160	104
160	105
160	107
160	120
160	122
161	1
161	2
161	3
161	4
161	5
161	6
161	7
161	8
161	9
161	10
161	11
161	12
161	13
161	14
161	15
161	16
161	17
161	18
161	19
161	21
161	22
161	23
161	24
161	25
161	26
161	27
161	28
161	30
161	31
161	32
161	33
161	34
161	38
161	39
161	41
161	43
161	45
161	46
161	48
161	49
161	50
161	56
161	58
161	59
161	60
161	64
161	67
161	68
161	79
161	80
161	81
161	82
161	83
161	87
161	89
161	92
161	93
161	94
161	95
161	96
161	97
161	98
161	99
161	100
161	104
161	105
161	107
161	112
161	120
161	122
162	4
162	31
162	33
162	34
162	38
162	39
162	43
162	46
162	49
162	56
162	69
162	71
162	80
162	81
162	82
162	83
162	98
162	99
162	100
162	122
163	1
163	2
163	3
163	4
163	5
163	6
163	7
163	8
163	9
163	10
163	11
163	12
163	13
163	14
163	15
163	16
163	17
163	18
163	19
163	20
163	21
163	23
163	24
163	25
163	26
163	27
163	30
163	31
163	32
163	33
163	34
163	38
163	39
163	41
163	43
163	45
163	46
163	48
163	49
163	50
163	52
163	56
163	58
163	59
163	60
163	61
163	62
163	63
163	64
163	67
163	68
163	79
163	80
163	81
163	82
163	83
163	87
163	90
163	92
163	93
163	94
163	95
163	96
163	97
163	98
163	99
163	100
163	104
163	105
163	107
163	122
164	1
164	2
164	3
164	4
164	5
164	6
164	7
164	8
164	9
164	10
164	11
164	12
164	13
164	14
164	15
164	16
164	17
164	18
164	19
164	21
164	24
164	25
164	26
164	27
164	28
164	30
164	31
164	32
164	33
164	34
164	38
164	39
164	41
164	43
164	45
164	46
164	48
164	49
164	50
164	52
164	56
164	57
164	59
164	61
164	64
164	67
164	68
164	79
164	80
164	81
164	82
164	83
164	87
164	90
164	92
164	93
164	94
164	96
164	97
164	98
164	99
164	100
164	104
164	105
164	107
164	120
164	122
165	1
165	2
165	3
165	4
165	5
165	6
165	7
165	8
165	9
165	10
165	11
165	12
165	13
165	14
165	15
165	16
165	17
165	19
165	20
165	21
165	22
165	23
165	24
165	25
165	26
165	27
165	28
165	30
165	31
165	32
165	33
165	34
165	38
165	39
165	41
165	43
165	45
165	46
165	48
165	49
165	50
165	52
165	56
165	57
165	58
165	59
165	60
165	61
165	64
165	67
165	68
165	79
165	80
165	81
165	82
165	83
165	90
165	92
165	93
165	94
165	95
165	97
165	98
165	99
165	100
165	104
165	105
165	112
165	120
165	122
166	1
166	2
166	3
166	4
166	5
166	6
166	7
166	8
166	9
166	10
166	11
166	12
166	13
166	14
166	15
166	16
166	17
166	18
166	19
166	21
166	22
166	23
166	24
166	26
166	27
166	28
166	29
166	30
166	31
166	32
166	33
166	34
166	38
166	39
166	41
166	43
166	45
166	46
166	48
166	49
166	50
166	52
166	56
166	57
166	58
166	59
166	60
166	64
166	68
166	79
166	80
166	81
166	82
166	83
166	87
166	90
166	91
166	93
166	94
166	97
166	98
166	99
166	100
166	104
166	105
166	107
166	118
166	120
166	122
167	1
167	2
167	3
167	4
167	5
167	6
167	7
167	8
167	9
167	10
167	11
167	12
167	13
167	14
167	15
167	16
167	17
167	18
167	19
167	21
167	22
167	24
167	26
167	27
167	30
167	31
167	32
167	33
167	34
167	38
167	39
167	43
167	45
167	46
167	49
167	50
167	52
167	56
167	57
167	58
167	59
167	61
167	67
167	68
167	79
167	80
167	81
167	82
167	83
167	87
167	90
167	92
167	93
167	94
167	95
167	97
167	98
167	99
167	100
167	104
167	105
167	107
167	120
167	122
168	1
168	2
168	3
168	4
168	5
168	6
168	7
168	8
168	9
168	10
168	11
168	12
168	13
168	14
168	15
168	18
168	21
168	22
168	23
168	24
168	25
168	26
168	27
168	28
168	30
168	31
168	32
168	33
168	34
168	38
168	39
168	43
168	45
168	46
168	48
168	49
168	50
168	52
168	56
168	58
168	59
168	60
168	61
168	64
168	68
168	79
168	80
168	81
168	82
168	83
168	88
168	89
168	90
168	92
168	93
168	94
168	95
168	96
168	97
168	98
168	99
168	100
168	105
168	107
168	120
168	122
169	1
169	2
169	3
169	4
169	5
169	6
169	7
169	8
169	9
169	10
169	11
169	12
169	13
169	14
169	15
169	16
169	17
169	18
169	19
169	21
169	23
169	24
169	25
169	26
169	27
169	28
169	30
169	31
169	32
169	33
169	34
169	39
169	43
169	45
169	46
169	48
169	49
169	50
169	52
169	56
169	57
169	58
169	59
169	61
169	64
169	68
169	79
169	81
169	82
169	83
169	90
169	91
169	93
169	94
169	95
169	96
169	97
169	98
169	99
169	100
169	104
169	105
169	107
169	120
169	122
170	38
170	46
170	56
170	69
170	71
170	80
170	82
170	97
171	1
171	2
171	3
171	4
171	5
171	6
171	7
171	8
171	9
171	10
171	11
171	12
171	13
171	14
171	15
171	16
171	17
171	18
171	19
171	21
171	22
171	23
171	24
171	25
171	26
171	27
171	30
171	31
171	32
171	33
171	34
171	38
171	39
171	41
171	43
171	45
171	46
171	48
171	49
171	50
171	52
171	56
171	57
171	58
171	59
171	61
171	64
171	67
171	79
171	80
171	81
171	82
171	83
171	87
171	89
171	90
171	92
171	93
171	94
171	95
171	96
171	97
171	98
171	99
171	100
171	102
171	104
171	105
171	107
171	112
171	120
171	122
172	33
172	34
172	38
172	39
172	43
172	46
172	56
172	60
172	69
172	70
172	81
172	82
172	83
172	97
172	98
172	99
173	7
173	14
173	15
173	31
173	38
173	48
173	49
173	57
173	81
173	82
174	14
174	15
174	31
174	38
174	57
174	81
174	82
174	83
174	115
175	1
175	5
175	6
175	7
175	10
175	11
175	12
175	13
175	14
175	15
175	31
175	33
175	34
175	35
175	36
175	38
175	40
175	43
175	45
175	46
175	47
175	48
175	49
175	50
175	52
175	56
175	57
175	67
175	80
175	81
175	82
175	83
175	97
175	98
176	13
176	14
176	15
176	31
176	33
176	34
176	35
176	36
176	38
176	47
176	48
176	49
176	50
176	52
176	57
176	82
176	83
176	97
176	98
176	115
176	123
177	1
177	5
177	6
177	7
177	10
177	12
177	13
177	14
177	15
177	31
177	33
177	34
177	35
177	36
177	38
177	40
177	43
177	45
177	46
177	47
177	48
177	49
177	50
177	52
177	56
177	57
177	80
177	81
177	82
177	83
177	97
177	98
177	99
178	7
178	13
178	14
178	15
178	31
178	33
178	34
178	35
178	38
178	43
178	46
178	47
178	48
178	49
178	50
178	56
178	57
178	81
178	82
178	83
178	97
178	98
178	99
178	119
179	15
179	31
179	33
179	34
179	38
179	40
179	47
179	48
179	52
179	56
179	57
179	80
179	82
179	83
180	31
180	33
180	34
180	35
180	36
180	38
180	43
180	45
180	46
180	47
180	48
180	49
180	50
180	52
180	56
180	57
180	81
180	82
180	83
180	97
180	98
181	1
181	5
181	6
181	7
181	10
181	11
181	13
181	14
181	15
181	31
181	33
181	34
181	35
181	36
181	38
181	40
181	43
181	45
181	47
181	48
181	49
181	50
181	52
181	56
181	57
181	81
181	82
181	83
181	97
181	98
181	99
181	115
181	119
182	1
182	5
182	6
182	7
182	10
182	11
182	14
182	15
182	33
182	34
182	35
182	36
182	38
182	40
182	43
182	45
182	46
182	47
182	48
182	49
182	50
182	52
182	56
182	57
182	81
182	82
182	83
182	97
182	98
182	99
183	1
183	2
183	3
183	5
183	6
183	7
183	8
183	9
183	10
183	11
183	12
183	13
183	14
183	15
183	16
183	17
183	18
183	19
183	21
183	23
183	24
183	25
183	26
183	27
183	28
183	30
183	31
183	32
183	33
183	34
183	35
183	38
183	39
183	41
183	42
183	43
183	45
183	46
183	48
183	49
183	50
183	52
183	57
183	58
183	59
183	60
183	61
183	62
183	63
183	64
183	67
183	68
183	80
183	81
183	82
183	83
183	84
183	87
183	90
183	91
183	92
183	93
183	94
183	95
183	96
183	97
183	99
183	100
183	102
183	104
183	105
183	107
183	112
183	120
184	1
184	2
184	3
184	5
184	6
184	7
184	8
184	9
184	10
184	11
184	12
184	13
184	14
184	15
184	16
184	17
184	18
184	19
184	21
184	22
184	24
184	25
184	26
184	27
184	28
184	30
184	31
184	32
184	33
184	34
184	35
184	38
184	39
184	41
184	42
184	43
184	45
184	46
184	48
184	49
184	50
184	52
184	56
184	57
184	58
184	59
184	60
184	61
184	64
184	67
184	68
184	79
184	80
184	81
184	82
184	83
184	86
184	87
184	88
184	90
184	93
184	94
184	95
184	97
184	98
184	99
184	100
184	104
184	105
184	107
184	120
185	1
185	2
185	3
185	5
185	6
185	7
185	8
185	9
185	10
185	11
185	12
185	13
185	14
185	15
185	23
185	24
185	25
185	26
185	27
185	30
185	31
185	32
185	33
185	34
185	35
185	38
185	39
185	42
185	43
185	45
185	46
185	48
185	49
185	50
185	52
185	57
185	58
185	59
185	60
185	61
185	64
185	80
185	81
185	82
185	83
185	87
185	89
185	90
185	92
185	93
185	94
185	95
185	96
185	97
185	98
185	99
185	100
185	104
185	105
185	107
185	120
186	1
186	2
186	3
186	5
186	6
186	7
186	8
186	9
186	10
186	11
186	12
186	13
186	14
186	15
186	16
186	17
186	18
186	19
186	20
186	21
186	22
186	23
186	24
186	25
186	26
186	27
186	28
186	30
186	31
186	32
186	33
186	34
186	35
186	38
186	39
186	41
186	42
186	43
186	45
186	46
186	48
186	49
186	50
186	52
186	54
186	56
186	57
186	58
186	59
186	60
186	61
186	64
186	67
186	68
186	79
186	80
186	81
186	82
186	83
186	86
186	87
186	90
186	93
186	94
186	95
186	96
186	97
186	99
186	100
186	102
186	104
186	105
186	107
186	120
187	1
187	2
187	3
187	5
187	6
187	7
187	8
187	9
187	10
187	11
187	12
187	13
187	14
187	15
187	16
187	17
187	18
187	19
187	20
187	21
187	22
187	23
187	24
187	25
187	26
187	27
187	28
187	30
187	31
187	32
187	33
187	34
187	35
187	38
187	39
187	42
187	43
187	45
187	46
187	48
187	49
187	50
187	52
187	56
187	57
187	58
187	59
187	60
187	61
187	64
187	67
187	68
187	79
187	80
187	81
187	82
187	83
187	84
187	85
187	86
187	87
187	89
187	90
187	93
187	94
187	95
187	96
187	97
187	99
187	100
187	102
187	104
187	105
187	107
187	120
188	1
188	2
188	3
188	5
188	6
188	7
188	8
188	9
188	10
188	11
188	12
188	13
188	14
188	15
188	16
188	17
188	18
188	19
188	20
188	21
188	22
188	23
188	24
188	25
188	26
188	27
188	28
188	30
188	31
188	32
188	33
188	34
188	35
188	38
188	39
188	42
188	43
188	45
188	46
188	48
188	49
188	50
188	52
188	56
188	57
188	58
188	59
188	60
188	61
188	62
188	63
188	64
188	67
188	68
188	79
188	80
188	81
188	82
188	83
188	84
188	87
188	89
188	90
188	93
188	94
188	95
188	96
188	97
188	99
188	100
188	104
188	105
188	120
189	2
189	25
189	31
189	33
189	34
189	45
189	48
189	49
189	52
189	61
190	2
190	25
190	31
190	32
190	33
190	34
190	45
190	48
190	49
190	52
190	61
191	2
191	25
191	31
191	33
191	34
191	45
191	49
191	52
192	2
192	25
192	31
192	32
192	33
192	34
192	45
192	48
192	49
192	52
192	61
193	2
193	25
193	31
193	32
193	33
193	34
193	45
193	48
193	49
193	52
193	61
194	2
194	25
194	31
194	32
194	33
194	34
194	45
194	48
194	49
194	52
194	61
195	2
195	25
195	31
195	32
195	33
195	34
195	45
195	48
195	49
195	52
195	61
196	2
196	25
196	31
196	32
196	33
196	34
196	45
196	48
196	49
196	52
196	61
197	2
197	25
197	31
197	32
197	33
197	34
197	45
197	48
197	49
197	52
197	61
198	2
198	25
198	31
198	32
198	33
198	34
198	45
198	48
198	49
198	61
199	2
199	25
199	31
199	32
199	33
199	34
199	48
199	49
199	52
199	61
200	2
200	25
200	31
200	32
200	33
200	34
200	45
200	48
200	49
200	52
200	61
201	2
201	25
201	31
201	32
201	33
201	34
201	45
201	48
201	49
201	52
201	61
202	2
202	25
202	31
202	32
202	33
202	34
202	45
202	48
202	49
202	52
202	61
203	2
203	25
203	31
203	32
203	33
203	34
203	45
203	48
203	49
203	52
203	61
204	2
204	25
204	31
204	32
204	33
204	34
204	45
204	48
204	49
204	52
204	61
205	2
205	25
205	31
205	32
205	33
205	34
205	45
205	49
206	2
206	25
206	31
206	32
206	33
206	34
206	45
206	48
206	49
206	52
206	61
207	2
207	25
207	31
207	33
207	34
207	45
207	48
207	49
207	52
207	61
208	2
208	25
208	31
208	32
208	33
208	34
208	45
208	48
208	49
208	52
208	61
209	2
209	25
209	31
209	32
209	33
209	34
209	48
209	49
209	52
209	61
210	2
210	25
210	32
210	33
210	34
210	45
210	49
211	2
211	25
211	31
211	32
211	33
211	34
211	45
211	48
211	49
211	52
211	61
212	2
212	25
212	31
212	32
212	33
212	34
212	45
212	49
213	2
213	25
213	31
213	32
213	33
213	34
213	45
213	48
213	49
213	52
213	61
214	2
214	25
214	31
214	32
214	33
214	34
214	45
214	48
214	49
214	52
214	61
215	2
215	25
215	31
215	32
215	33
215	34
215	45
215	48
215	49
215	52
215	61
216	2
216	25
216	31
216	32
216	33
216	34
216	45
216	49
216	52
217	2
217	25
217	31
217	33
217	34
217	45
217	48
217	49
217	52
217	61
218	2
218	25
218	31
218	32
218	33
218	34
218	45
218	48
218	49
218	52
218	61
219	2
219	25
219	31
219	32
219	33
219	34
219	49
219	52
220	2
220	25
220	31
220	32
220	33
220	34
220	45
220	49
220	52
221	2
221	25
221	31
221	32
221	33
221	34
221	45
221	49
221	52
222	2
222	25
222	32
222	33
222	34
222	45
222	49
223	2
223	25
223	31
223	32
223	33
223	34
223	49
224	2
224	25
224	32
224	33
224	34
224	45
224	49
225	2
225	25
225	31
225	32
225	33
225	34
225	45
225	48
225	49
225	52
225	61
226	31
226	33
226	34
226	48
227	2
227	25
227	31
227	32
227	33
227	34
227	45
227	48
227	49
227	52
228	2
228	25
228	31
228	32
228	33
228	34
228	45
228	49
228	61
229	2
229	25
229	31
229	32
229	33
229	34
229	45
229	49
229	52
230	2
230	25
230	33
230	34
230	45
231	2
231	25
231	31
231	32
231	33
231	34
231	45
231	48
231	49
231	52
232	2
232	25
232	31
232	32
232	33
232	34
232	45
232	49
232	52
233	2
233	25
233	31
233	32
233	33
233	34
233	45
233	48
233	49
233	52
233	61
234	2
234	25
234	31
234	32
234	33
234	34
234	48
234	49
234	52
234	61
235	33
235	34
236	2
236	25
236	33
236	34
236	45
237	1
237	2
237	5
237	6
237	7
237	9
237	10
237	11
237	12
237	14
237	15
237	23
237	24
237	26
237	27
237	28
237	30
237	31
237	33
237	34
237	35
237	38
237	39
237	42
237	43
237	45
237	46
237	48
237	49
237	50
237	52
237	56
237	57
237	58
237	59
237	60
237	61
237	64
237	79
237	80
237	81
237	82
237	83
237	87
237	89
237	90
237	92
237	93
237	97
237	99
237	100
237	104
237	105
237	107
237	120
238	1
238	2
238	3
238	5
238	6
238	7
238	8
238	10
238	11
238	12
238	13
238	14
238	15
238	22
238	23
238	24
238	25
238	26
238	27
238	28
238	30
238	31
238	32
238	33
238	34
238	35
238	38
238	39
238	41
238	42
238	43
238	45
238	46
238	48
238	49
238	50
238	52
238	57
238	58
238	59
238	62
238	63
238	64
238	67
238	79
238	80
238	81
238	82
238	83
238	87
238	89
238	90
238	93
238	97
238	98
238	99
238	100
238	104
238	105
238	107
238	120
239	38
239	46
239	56
239	80
239	81
239	82
239	98
240	1
240	2
240	3
240	5
240	6
240	7
240	8
240	9
240	10
240	11
240	12
240	13
240	14
240	15
240	16
240	17
240	18
240	19
240	21
240	22
240	23
240	24
240	25
240	26
240	27
240	28
240	30
240	31
240	32
240	33
240	34
240	35
240	38
240	39
240	41
240	42
240	43
240	45
240	46
240	48
240	49
240	50
240	52
240	58
240	59
240	60
240	61
240	64
240	67
240	68
240	80
240	81
240	82
240	83
240	84
240	87
240	89
240	90
240	93
240	94
240	95
240	96
240	97
240	98
240	99
240	100
240	102
240	103
240	104
240	105
240	107
240	118
240	120
241	7
241	13
241	14
241	15
241	31
241	38
241	48
241	49
241	57
241	81
241	82
241	83
241	119
242	1
242	5
242	6
242	7
242	10
242	11
242	12
242	13
242	14
242	15
242	31
242	33
242	34
242	35
242	38
242	40
242	43
242	45
242	47
242	48
242	49
242	50
242	52
242	57
242	80
242	81
242	82
242	83
242	97
242	98
243	1
243	5
243	6
243	7
243	9
243	10
243	11
243	12
243	14
243	15
243	31
243	33
243	34
243	35
243	36
243	43
243	45
243	46
243	47
243	48
243	49
243	50
243	56
243	57
243	80
243	81
243	82
243	83
243	97
243	98
243	99
243	119
244	13
244	14
244	15
244	33
244	34
244	38
244	46
244	56
244	57
244	81
244	82
244	83
244	119
245	1
245	6
245	7
245	9
245	10
245	11
245	12
245	13
245	14
245	15
245	31
245	33
245	34
245	35
245	36
245	38
245	40
245	43
245	45
245	47
245	48
245	49
245	50
245	52
245	57
245	67
245	80
245	82
245	83
245	97
245	98
245	99
245	102
245	113
245	115
245	119
245	123
246	1
246	7
246	9
246	10
246	13
246	14
246	15
246	31
246	33
246	34
246	35
246	36
246	38
246	40
246	43
246	45
246	47
246	48
246	49
246	50
246	52
246	56
246	57
246	80
246	81
246	82
246	83
246	97
246	98
246	119
247	1
247	6
247	7
247	9
247	10
247	13
247	14
247	15
247	31
247	33
247	34
247	35
247	36
247	38
247	40
247	43
247	45
247	47
247	48
247	49
247	50
247	52
247	56
247	57
247	81
247	82
247	83
247	97
247	98
247	99
247	113
248	1
248	2
248	3
248	5
248	6
248	7
248	8
248	9
248	10
248	11
248	12
248	13
248	14
248	15
248	16
248	17
248	18
248	19
248	21
248	23
248	24
248	25
248	27
248	28
248	30
248	31
248	32
248	33
248	34
248	35
248	38
248	39
248	42
248	43
248	45
248	46
248	48
248	49
248	50
248	52
248	56
248	57
248	58
248	59
248	60
248	64
248	67
248	68
248	79
248	80
248	81
248	82
248	83
248	84
248	87
248	88
248	89
248	90
248	91
248	92
248	93
248	94
248	95
248	96
248	97
248	99
248	100
248	104
248	105
248	120
249	31
249	38
249	48
249	57
249	81
249	82
249	83
250	1
250	6
250	7
250	9
250	10
250	11
250	12
250	13
250	14
250	15
250	31
250	33
250	34
250	35
250	36
250	38
250	40
250	43
250	45
250	46
250	47
250	48
250	49
250	50
250	52
250	56
250	57
250	67
250	81
250	82
250	83
250	97
250	98
250	113
250	115
250	119
251	3
251	5
251	7
251	8
251	10
251	21
251	31
251	33
251	34
251	35
251	38
251	39
251	42
251	43
251	45
251	48
251	49
251	50
251	52
251	57
251	64
251	80
251	81
251	82
251	83
251	94
251	95
251	96
251	97
251	99
251	100
252	5
252	6
252	9
252	10
252	13
252	14
252	15
252	31
252	33
252	34
252	35
252	36
252	38
252	43
252	45
252	46
252	47
252	48
252	49
252	50
252	52
252	56
252	57
252	80
252	81
252	82
252	83
252	97
252	98
252	99
252	102
252	113
252	115
252	119
252	123
253	38
253	39
253	43
253	46
253	56
253	69
253	71
253	80
253	81
253	82
253	97
253	98
254	1
254	2
254	3
254	5
254	6
254	7
254	8
254	9
254	10
254	11
254	12
254	13
254	14
254	15
254	16
254	17
254	18
254	19
254	23
254	24
254	25
254	26
254	27
254	28
254	30
254	31
254	32
254	33
254	34
254	35
254	38
254	41
254	42
254	43
254	45
254	46
254	48
254	49
254	50
254	52
254	57
254	58
254	59
254	61
254	64
254	80
254	81
254	82
254	83
254	84
254	85
254	86
254	87
254	88
254	89
254	90
254	91
254	92
254	93
254	94
254	95
254	96
254	97
254	99
254	100
254	102
254	104
254	105
254	107
254	120
255	31
255	33
255	34
255	35
255	38
255	39
255	42
255	43
255	49
255	64
255	80
255	81
255	82
255	83
255	97
255	99
255	100
256	1
256	2
256	3
256	5
256	6
256	7
256	8
256	9
256	10
256	11
256	12
256	13
256	14
256	15
256	23
256	24
256	25
256	26
256	27
256	28
256	30
256	31
256	32
256	33
256	34
256	35
256	38
256	39
256	41
256	42
256	43
256	45
256	46
256	48
256	49
256	50
256	52
256	56
256	57
256	58
256	59
256	60
256	61
256	64
256	67
256	79
256	80
256	81
256	82
256	83
256	87
256	89
256	90
256	91
256	93
256	94
256	95
256	96
256	97
256	98
256	99
256	100
256	104
256	105
256	107
256	120
257	1
257	2
257	3
257	5
257	6
257	7
257	8
257	9
257	10
257	11
257	12
257	13
257	14
257	15
257	16
257	17
257	18
257	19
257	20
257	21
257	22
257	23
257	24
257	25
257	26
257	27
257	28
257	30
257	31
257	32
257	33
257	34
257	35
257	38
257	39
257	41
257	42
257	43
257	45
257	46
257	48
257	49
257	50
257	52
257	56
257	57
257	58
257	59
257	60
257	62
257	63
257	64
257	67
257	68
257	79
257	80
257	81
257	82
257	83
257	84
257	85
257	86
257	87
257	90
257	92
257	93
257	94
257	95
257	96
257	98
257	99
257	100
257	102
257	104
257	105
257	107
257	118
257	120
258	1
258	2
258	3
258	5
258	6
258	7
258	8
258	9
258	10
258	11
258	12
258	13
258	14
258	15
258	16
258	17
258	18
258	19
258	21
258	22
258	23
258	24
258	26
258	27
258	28
258	30
258	31
258	32
258	33
258	34
258	35
258	38
258	39
258	41
258	42
258	43
258	45
258	46
258	48
258	49
258	50
258	52
258	56
258	58
258	59
258	60
258	62
258	63
258	64
258	67
258	68
258	79
258	80
258	81
258	82
258	83
258	84
258	85
258	86
258	87
258	90
258	92
258	93
258	94
258	95
258	96
258	97
258	98
258	99
258	100
258	104
258	105
258	107
258	120
259	1
259	2
259	3
259	5
259	6
259	7
259	8
259	9
259	10
259	11
259	12
259	13
259	14
259	15
259	16
259	17
259	18
259	21
259	22
259	23
259	24
259	25
259	26
259	27
259	28
259	30
259	31
259	32
259	33
259	34
259	35
259	38
259	39
259	42
259	43
259	45
259	46
259	48
259	49
259	50
259	52
259	56
259	57
259	58
259	59
259	60
259	61
259	64
259	67
259	68
259	79
259	80
259	81
259	82
259	83
259	86
259	87
259	90
259	91
259	92
259	93
259	94
259	95
259	96
259	97
259	99
259	100
259	104
259	105
259	107
259	120
260	1
260	2
260	3
260	5
260	6
260	7
260	8
260	9
260	10
260	11
260	12
260	13
260	14
260	15
260	16
260	17
260	19
260	21
260	22
260	23
260	24
260	25
260	26
260	27
260	28
260	30
260	31
260	32
260	33
260	34
260	35
260	38
260	39
260	41
260	42
260	43
260	45
260	46
260	48
260	49
260	50
260	52
260	54
260	56
260	57
260	58
260	59
260	60
260	61
260	64
260	67
260	68
260	79
260	80
260	81
260	82
260	83
260	84
260	85
260	86
260	87
260	89
260	90
260	93
260	94
260	95
260	96
260	97
260	98
260	99
260	100
260	104
260	105
260	107
260	120
261	1
261	2
261	3
261	5
261	6
261	7
261	8
261	9
261	10
261	11
261	12
261	13
261	14
261	15
261	16
261	17
261	18
261	19
261	20
261	21
261	22
261	23
261	24
261	25
261	26
261	27
261	28
261	30
261	31
261	32
261	33
261	35
261	38
261	39
261	41
261	42
261	43
261	45
261	46
261	48
261	49
261	50
261	52
261	56
261	57
261	58
261	59
261	60
261	61
261	62
261	63
261	64
261	67
261	79
261	80
261	81
261	82
261	83
261	84
261	85
261	86
261	87
261	89
261	90
261	91
261	92
261	93
261	94
261	95
261	96
261	97
261	99
261	100
261	104
261	105
261	107
261	118
261	120
262	1
262	2
262	3
262	5
262	6
262	7
262	8
262	9
262	10
262	11
262	12
262	13
262	14
262	15
262	16
262	17
262	18
262	19
262	20
262	21
262	22
262	23
262	24
262	25
262	26
262	27
262	28
262	30
262	31
262	32
262	33
262	34
262	35
262	38
262	39
262	41
262	42
262	43
262	45
262	46
262	48
262	49
262	50
262	52
262	56
262	57
262	58
262	59
262	60
262	61
262	64
262	67
262	68
262	79
262	80
262	81
262	82
262	83
262	84
262	85
262	86
262	87
262	90
262	91
262	93
262	94
262	95
262	96
262	97
262	99
262	100
262	104
262	105
262	107
262	120
263	1
263	2
263	3
263	5
263	6
263	7
263	8
263	9
263	10
263	11
263	12
263	13
263	14
263	15
263	16
263	17
263	18
263	19
263	20
263	21
263	22
263	23
263	24
263	25
263	26
263	27
263	28
263	30
263	31
263	32
263	33
263	34
263	35
263	38
263	39
263	41
263	42
263	43
263	45
263	46
263	48
263	49
263	50
263	52
263	54
263	56
263	57
263	58
263	59
263	61
263	64
263	67
263	68
263	79
263	80
263	81
263	82
263	83
263	84
263	85
263	86
263	87
263	88
263	92
263	93
263	94
263	95
263	96
263	98
263	99
263	100
263	104
263	105
263	107
263	118
263	120
264	1
264	2
264	3
264	5
264	6
264	7
264	8
264	9
264	10
264	11
264	12
264	13
264	14
264	15
264	16
264	17
264	18
264	19
264	20
264	21
264	22
264	23
264	24
264	25
264	26
264	27
264	28
264	30
264	31
264	32
264	33
264	34
264	35
264	38
264	39
264	41
264	42
264	43
264	45
264	46
264	48
264	49
264	50
264	52
264	54
264	56
264	57
264	58
264	59
264	60
264	61
264	62
264	63
264	64
264	67
264	79
264	80
264	81
264	82
264	83
264	86
264	87
264	88
264	90
264	91
264	93
264	94
264	95
264	96
264	97
264	99
264	100
264	104
264	105
264	107
264	120
265	1
265	2
265	3
265	5
265	6
265	7
265	8
265	9
265	10
265	11
265	12
265	13
265	14
265	15
265	16
265	17
265	18
265	19
265	21
265	22
265	23
265	24
265	25
265	26
265	27
265	28
265	30
265	31
265	32
265	33
265	34
265	35
265	38
265	39
265	41
265	42
265	43
265	45
265	46
265	48
265	49
265	50
265	52
265	56
265	59
265	61
265	64
265	67
265	68
265	79
265	80
265	81
265	82
265	83
265	87
265	92
265	93
265	94
265	95
265	96
265	97
265	98
265	99
265	100
265	103
265	104
265	105
265	107
265	120
266	1
266	2
266	3
266	5
266	6
266	7
266	8
266	9
266	10
266	11
266	12
266	13
266	14
266	15
266	16
266	17
266	18
266	19
266	21
266	23
266	24
266	25
266	26
266	27
266	28
266	30
266	31
266	32
266	33
266	34
266	35
266	38
266	39
266	41
266	42
266	43
266	45
266	46
266	48
266	49
266	50
266	52
266	56
266	57
266	58
266	59
266	60
266	64
266	67
266	79
266	80
266	81
266	82
266	83
266	85
266	86
266	87
266	89
266	90
266	92
266	93
266	94
266	95
266	96
266	97
266	98
266	99
266	100
266	104
266	105
266	107
266	120
267	38
267	46
267	56
267	69
267	80
267	82
267	98
268	1
268	2
268	3
268	5
268	6
268	7
268	8
268	9
268	10
268	11
268	12
268	13
268	14
268	15
268	18
268	21
268	22
268	24
268	25
268	26
268	27
268	28
268	30
268	31
268	32
268	33
268	34
268	35
268	38
268	39
268	41
268	42
268	43
268	45
268	46
268	48
268	49
268	50
268	52
268	56
268	58
268	59
268	60
268	61
268	62
268	63
268	64
268	67
268	68
268	79
268	80
268	81
268	82
268	83
268	87
268	89
268	90
268	91
268	92
268	93
268	94
268	96
268	97
268	98
268	99
268	100
268	102
268	104
268	105
268	107
268	120
269	1
269	2
269	3
269	5
269	6
269	7
269	8
269	9
269	10
269	11
269	12
269	13
269	14
269	15
269	16
269	17
269	18
269	19
269	21
269	22
269	23
269	24
269	25
269	26
269	27
269	28
269	30
269	31
269	32
269	33
269	34
269	35
269	38
269	39
269	41
269	42
269	43
269	45
269	46
269	48
269	49
269	50
269	52
269	56
269	57
269	58
269	59
269	60
269	61
269	62
269	63
269	64
269	67
269	68
269	79
269	80
269	81
269	82
269	83
269	84
269	85
269	86
269	87
269	88
269	90
269	92
269	93
269	94
269	95
269	96
269	97
269	99
269	100
269	104
269	105
269	107
269	118
269	120
270	1
270	2
270	3
270	4
270	5
270	6
270	7
270	8
270	9
270	10
270	11
270	12
270	13
270	14
270	15
270	16
270	17
270	18
270	19
270	21
270	22
270	23
270	24
270	25
270	26
270	27
270	28
270	30
270	31
270	32
270	33
270	34
270	38
270	39
270	43
270	45
270	46
270	48
270	49
270	50
270	52
270	56
270	58
270	59
270	60
270	61
270	64
270	67
270	68
270	79
270	80
270	81
270	82
270	83
270	87
270	88
270	89
270	90
270	91
270	93
270	94
270	95
270	96
270	97
270	98
270	99
270	100
270	102
270	104
270	105
270	107
270	120
270	122
271	1
271	2
271	3
271	5
271	6
271	7
271	8
271	9
271	10
271	11
271	12
271	13
271	14
271	15
271	17
271	18
271	19
271	21
271	22
271	23
271	24
271	25
271	26
271	27
271	29
271	30
271	31
271	32
271	33
271	34
271	35
271	38
271	39
271	41
271	42
271	43
271	45
271	46
271	48
271	49
271	50
271	52
271	56
271	57
271	58
271	59
271	60
271	61
271	62
271	63
271	64
271	67
271	79
271	80
271	81
271	82
271	83
271	84
271	85
271	86
271	87
271	89
271	90
271	92
271	93
271	94
271	95
271	96
271	97
271	99
271	100
271	104
271	105
271	107
271	120
272	33
272	34
272	35
272	42
272	43
272	48
272	50
272	57
272	80
272	81
272	82
272	83
272	97
273	1
273	2
273	3
273	5
273	6
273	7
273	8
273	9
273	10
273	11
273	12
273	13
273	14
273	15
273	16
273	17
273	18
273	19
273	20
273	21
273	22
273	23
273	24
273	25
273	26
273	27
273	28
273	30
273	31
273	32
273	33
273	34
273	35
273	38
273	39
273	41
273	42
273	43
273	45
273	46
273	48
273	49
273	50
273	52
273	56
273	57
273	59
273	60
273	61
273	62
273	63
273	64
273	67
273	68
273	79
273	80
273	81
273	82
273	83
273	84
273	85
273	86
273	87
273	90
273	91
273	93
273	94
273	95
273	96
273	97
273	99
273	100
273	104
273	105
273	107
273	120
274	1
274	2
274	3
274	5
274	6
274	7
274	8
274	9
274	10
274	11
274	12
274	13
274	14
274	15
274	16
274	17
274	18
274	19
274	21
274	22
274	24
274	25
274	26
274	27
274	28
274	30
274	31
274	32
274	33
274	34
274	35
274	38
274	39
274	41
274	42
274	43
274	45
274	46
274	48
274	49
274	50
274	52
274	56
274	57
274	58
274	59
274	60
274	61
274	64
274	68
274	79
274	80
274	81
274	82
274	83
274	84
274	85
274	86
274	87
274	89
274	90
274	92
274	93
274	94
274	95
274	96
274	97
274	98
274	99
274	100
274	104
274	105
274	107
274	120
275	1
275	2
275	3
275	5
275	6
275	7
275	8
275	9
275	10
275	11
275	12
275	13
275	14
275	15
275	16
275	18
275	19
275	20
275	21
275	22
275	23
275	24
275	25
275	26
275	27
275	28
275	30
275	31
275	32
275	33
275	34
275	35
275	38
275	39
275	41
275	42
275	43
275	45
275	46
275	48
275	49
275	50
275	52
275	56
275	57
275	58
275	59
275	60
275	61
275	64
275	67
275	68
275	79
275	80
275	81
275	82
275	83
275	84
275	85
275	86
275	87
275	90
275	91
275	93
275	94
275	95
275	96
275	97
275	98
275	99
275	100
275	104
275	105
275	107
275	120
276	1
276	2
276	3
276	5
276	6
276	7
276	8
276	9
276	10
276	11
276	12
276	13
276	14
276	15
276	16
276	17
276	18
276	19
276	21
276	22
276	24
276	25
276	26
276	27
276	28
276	30
276	31
276	32
276	33
276	34
276	35
276	38
276	39
276	41
276	42
276	43
276	45
276	46
276	48
276	49
276	50
276	52
276	54
276	56
276	57
276	58
276	59
276	60
276	61
276	64
276	68
276	79
276	80
276	81
276	82
276	83
276	87
276	89
276	90
276	93
276	94
276	95
276	96
276	97
276	99
276	100
276	104
276	105
276	107
276	118
276	120
277	31
277	33
277	34
277	38
277	39
277	43
277	46
277	48
277	56
277	60
277	69
277	71
277	76
277	77
277	80
277	82
277	97
277	98
277	99
278	1
278	2
278	3
278	5
278	6
278	7
278	8
278	9
278	10
278	11
278	12
278	13
278	14
278	15
278	16
278	17
278	19
278	21
278	22
278	23
278	24
278	25
278	26
278	27
278	28
278	30
278	31
278	32
278	33
278	34
278	35
278	38
278	39
278	42
278	43
278	45
278	46
278	48
278	49
278	50
278	52
278	56
278	57
278	59
278	60
278	61
278	64
278	67
278	68
278	79
278	80
278	81
278	82
278	83
278	84
278	87
278	88
278	92
278	93
278	94
278	95
278	97
278	99
278	100
278	104
278	105
278	107
278	120
279	1
279	2
279	3
279	5
279	6
279	7
279	8
279	9
279	10
279	11
279	12
279	13
279	14
279	15
279	16
279	17
279	18
279	19
279	20
279	21
279	22
279	23
279	24
279	25
279	26
279	27
279	28
279	30
279	31
279	32
279	33
279	34
279	35
279	38
279	39
279	41
279	42
279	43
279	45
279	46
279	48
279	49
279	50
279	52
279	56
279	57
279	58
279	59
279	60
279	61
279	62
279	63
279	64
279	67
279	68
279	79
279	80
279	81
279	82
279	83
279	84
279	85
279	86
279	87
279	89
279	90
279	93
279	94
279	95
279	96
279	97
279	99
279	100
279	105
279	107
279	120
280	1
280	2
280	3
280	4
280	5
280	6
280	7
280	8
280	9
280	10
280	11
280	12
280	13
280	14
280	15
280	16
280	17
280	18
280	19
280	21
280	22
280	23
280	24
280	25
280	26
280	27
280	28
280	30
280	31
280	32
280	33
280	34
280	38
280	39
280	43
280	45
280	46
280	48
280	49
280	50
280	52
280	56
280	58
280	59
280	60
280	61
280	62
280	63
280	64
280	67
280	79
280	80
280	81
280	82
280	83
280	87
280	90
280	92
280	93
280	95
280	96
280	97
280	98
280	99
280	100
280	102
280	104
280	105
280	107
280	118
280	120
280	122
281	1
281	2
281	3
281	5
281	6
281	7
281	8
281	9
281	10
281	12
281	13
281	14
281	15
281	16
281	17
281	18
281	19
281	21
281	22
281	24
281	25
281	26
281	27
281	28
281	30
281	31
281	32
281	33
281	34
281	35
281	38
281	39
281	41
281	42
281	43
281	45
281	46
281	48
281	49
281	50
281	52
281	56
281	57
281	58
281	59
281	60
281	61
281	62
281	63
281	64
281	67
281	68
281	79
281	80
281	81
281	82
281	83
281	84
281	85
281	86
281	87
281	88
281	89
281	90
281	92
281	93
281	95
281	97
281	98
281	99
281	100
281	104
281	105
281	107
281	120
282	5
282	6
282	7
282	8
282	10
282	11
282	12
282	13
282	14
282	15
282	23
282	24
282	26
282	27
282	28
282	30
282	31
282	33
282	34
282	35
282	38
282	41
282	42
282	43
282	45
282	46
282	48
282	49
282	50
282	52
282	57
282	59
282	61
282	64
282	80
282	81
282	82
282	83
282	87
282	90
282	92
282	93
282	94
282	95
282	96
282	97
282	99
282	100
282	104
282	105
282	107
282	120
283	1
283	2
283	3
283	5
283	6
283	7
283	8
283	9
283	10
283	11
283	12
283	13
283	14
283	15
283	16
283	17
283	18
283	19
283	21
283	22
283	24
283	25
283	26
283	27
283	28
283	30
283	31
283	32
283	33
283	34
283	35
283	38
283	39
283	42
283	43
283	45
283	46
283	48
283	49
283	50
283	56
283	57
283	58
283	59
283	60
283	62
283	63
283	64
283	67
283	68
283	79
283	80
283	81
283	82
283	83
283	86
283	87
283	90
283	91
283	92
283	93
283	94
283	95
283	96
283	97
283	99
283	100
283	104
283	105
283	107
283	120
284	1
284	2
284	3
284	5
284	6
284	7
284	8
284	9
284	10
284	11
284	12
284	13
284	14
284	15
284	23
284	24
284	25
284	26
284	27
284	28
284	30
284	31
284	32
284	33
284	34
284	35
284	38
284	39
284	41
284	42
284	43
284	45
284	46
284	48
284	49
284	50
284	52
284	57
284	58
284	59
284	60
284	61
284	62
284	63
284	64
284	67
284	79
284	80
284	81
284	82
284	83
284	87
284	89
284	90
284	93
284	94
284	95
284	96
284	97
284	98
284	99
284	100
284	102
284	104
284	105
284	107
284	120
285	1
285	2
285	3
285	5
285	6
285	7
285	8
285	9
285	10
285	11
285	12
285	13
285	14
285	15
285	16
285	17
285	19
285	21
285	22
285	23
285	24
285	25
285	26
285	27
285	28
285	30
285	31
285	32
285	33
285	34
285	35
285	38
285	39
285	41
285	42
285	43
285	45
285	46
285	48
285	49
285	50
285	52
285	56
285	57
285	58
285	59
285	60
285	61
285	64
285	67
285	68
285	79
285	80
285	81
285	82
285	83
285	86
285	87
285	89
285	90
285	93
285	94
285	95
285	96
285	97
285	99
285	100
285	104
285	105
285	120
286	1
286	2
286	3
286	5
286	6
286	7
286	8
286	9
286	10
286	11
286	12
286	13
286	14
286	15
286	16
286	17
286	18
286	19
286	21
286	22
286	23
286	24
286	25
286	26
286	27
286	28
286	30
286	31
286	32
286	33
286	34
286	35
286	38
286	39
286	41
286	42
286	43
286	45
286	46
286	48
286	49
286	50
286	52
286	56
286	57
286	58
286	59
286	60
286	61
286	64
286	67
286	68
286	79
286	80
286	81
286	82
286	83
286	84
286	85
286	86
286	90
286	91
286	92
286	93
286	94
286	95
286	96
286	97
286	99
286	100
286	102
286	104
286	105
286	107
286	120
287	1
287	2
287	3
287	5
287	6
287	7
287	8
287	9
287	10
287	11
287	12
287	13
287	14
287	15
287	16
287	17
287	18
287	19
287	21
287	23
287	24
287	25
287	26
287	27
287	28
287	30
287	31
287	32
287	33
287	34
287	35
287	38
287	39
287	41
287	42
287	43
287	45
287	46
287	48
287	49
287	50
287	52
287	54
287	55
287	56
287	57
287	58
287	59
287	60
287	61
287	62
287	63
287	67
287	68
287	79
287	80
287	81
287	82
287	83
287	84
287	85
287	86
287	87
287	89
287	90
287	92
287	93
287	94
287	95
287	96
287	97
287	99
287	100
287	104
287	105
287	107
287	120
288	1
288	2
288	3
288	5
288	6
288	7
288	8
288	9
288	10
288	11
288	12
288	13
288	14
288	15
288	16
288	17
288	18
288	19
288	21
288	22
288	23
288	24
288	25
288	26
288	27
288	28
288	30
288	31
288	32
288	33
288	34
288	35
288	38
288	39
288	42
288	43
288	45
288	46
288	48
288	49
288	50
288	52
288	56
288	57
288	58
288	59
288	60
288	61
288	62
288	63
288	64
288	67
288	68
288	79
288	80
288	81
288	82
288	83
288	84
288	85
288	87
288	88
288	90
288	91
288	93
288	94
288	95
288	96
288	97
288	98
288	99
288	100
288	104
288	105
288	107
288	120
289	1
289	2
289	3
289	5
289	6
289	7
289	8
289	9
289	10
289	11
289	12
289	13
289	14
289	15
289	16
289	18
289	19
289	21
289	23
289	24
289	25
289	26
289	27
289	30
289	31
289	32
289	33
289	34
289	35
289	38
289	39
289	41
289	42
289	43
289	45
289	46
289	49
289	50
289	52
289	56
289	57
289	58
289	59
289	60
289	61
289	64
289	68
289	79
289	80
289	81
289	82
289	83
289	84
289	85
289	86
289	87
289	89
289	90
289	91
289	92
289	93
289	94
289	95
289	96
289	97
289	98
289	99
289	100
289	102
289	103
289	104
289	105
289	107
289	120
290	2
290	31
290	45
290	49
290	55
290	80
290	82
290	83
291	46
291	54
291	55
291	56
291	80
291	83
292	2
292	31
292	34
292	38
292	42
292	45
292	46
292	49
292	53
292	54
292	55
292	56
292	59
292	80
292	82
292	83
292	98
293	80
293	82
294	80
294	82
295	2
295	31
295	34
295	38
295	45
295	46
295	49
295	53
295	55
295	56
295	57
295	80
295	82
295	83
295	97
295	98
296	2
296	31
296	38
296	45
296	46
296	49
296	55
296	56
296	80
296	83
296	98
297	2
297	31
297	34
297	38
297	42
297	45
297	46
297	49
297	53
297	55
297	56
297	57
297	80
297	82
297	83
297	97
297	98
298	80
299	2
299	31
299	42
299	45
299	49
299	53
299	55
299	57
299	80
299	82
299	83
299	97
300	31
300	34
300	54
300	55
300	80
300	82
300	83
301	2
301	31
301	42
301	45
301	49
301	55
301	80
301	83
302	2
302	31
302	42
302	45
302	49
302	55
302	57
302	80
302	82
302	83
302	97
303	23
303	26
303	27
303	28
303	30
303	31
303	33
303	34
303	35
303	38
303	39
303	42
303	43
303	45
303	46
303	48
303	49
303	50
303	52
303	58
303	59
303	60
303	61
303	64
303	80
303	81
303	82
303	83
303	87
303	89
303	90
303	97
303	99
303	100
303	104
303	105
303	107
303	120
304	1
304	3
304	5
304	7
304	8
304	10
304	12
304	13
304	23
304	24
304	26
304	27
304	28
304	30
304	31
304	33
304	34
304	35
304	38
304	42
304	43
304	45
304	46
304	48
304	49
304	50
304	52
304	57
304	59
304	60
304	61
304	80
304	81
304	82
304	83
304	90
304	91
304	93
304	94
304	96
304	97
304	99
304	105
304	107
304	120
305	1
305	2
305	3
305	5
305	6
305	7
305	8
305	9
305	10
305	11
305	12
305	13
305	14
305	15
305	16
305	19
305	21
305	22
305	23
305	24
305	25
305	26
305	27
305	28
305	30
305	31
305	32
305	33
305	34
305	35
305	38
305	39
305	41
305	42
305	43
305	45
305	46
305	48
305	49
305	50
305	52
305	54
305	56
305	57
305	58
305	59
305	60
305	61
305	62
305	63
305	67
305	68
305	79
305	80
305	81
305	82
305	83
305	86
305	87
305	90
305	92
305	93
305	95
305	96
305	97
305	99
305	100
305	102
305	104
305	105
305	120
306	33
306	34
306	39
306	43
306	46
306	56
306	60
306	69
306	71
306	81
306	82
306	83
306	97
306	98
306	99
307	4
307	31
307	33
307	34
307	37
307	38
307	39
307	40
307	43
307	46
307	47
307	49
307	56
307	57
307	60
307	64
307	69
307	71
307	75
307	76
307	80
307	81
307	82
307	83
307	97
307	98
307	99
307	100
307	107
307	120
307	122
308	33
308	34
308	38
308	39
308	56
308	60
308	69
308	71
308	80
308	81
308	82
308	83
308	98
308	99
309	1
309	2
309	3
309	5
309	6
309	7
309	8
309	9
309	10
309	11
309	12
309	13
309	14
309	15
309	16
309	17
309	18
309	19
309	21
309	23
309	24
309	25
309	26
309	27
309	28
309	30
309	31
309	32
309	33
309	34
309	35
309	38
309	39
309	41
309	42
309	43
309	45
309	46
309	48
309	49
309	50
309	52
309	56
309	57
309	58
309	59
309	61
309	62
309	63
309	64
309	67
309	68
309	79
309	80
309	81
309	82
309	83
309	86
309	87
309	88
309	89
309	90
309	92
309	93
309	94
309	95
309	96
309	97
309	99
309	100
309	105
309	107
309	120
310	4
310	31
310	32
310	33
310	34
310	37
310	38
310	39
310	40
310	43
310	45
310	46
310	47
310	48
310	49
310	50
310	56
310	57
310	60
310	64
310	69
310	71
310	75
310	76
310	77
310	82
310	83
310	97
310	98
310	99
310	100
310	107
310	120
310	122
311	1
311	2
311	3
311	6
311	7
311	8
311	10
311	11
311	12
311	21
311	24
311	26
311	27
311	28
311	30
311	31
311	33
311	34
311	35
311	38
311	39
311	42
311	43
311	45
311	46
311	49
311	50
311	52
311	57
311	59
311	60
311	80
311	81
311	82
311	83
311	87
311	90
311	94
311	95
311	97
311	98
311	99
311	100
311	105
312	1
312	2
312	3
312	5
312	6
312	7
312	8
312	9
312	10
312	11
312	12
312	13
312	14
312	15
312	16
312	17
312	18
312	19
312	21
312	24
312	25
312	26
312	27
312	28
312	30
312	31
312	32
312	33
312	34
312	35
312	38
312	39
312	41
312	42
312	43
312	45
312	46
312	48
312	49
312	50
312	52
312	56
312	57
312	58
312	59
312	60
312	61
312	62
312	63
312	64
312	67
312	68
312	79
312	80
312	81
312	82
312	83
312	84
312	85
312	86
312	87
312	91
312	93
312	94
312	95
312	96
312	97
312	98
312	99
312	100
312	104
312	105
312	107
312	120
313	33
313	43
313	54
313	57
313	80
313	82
314	31
314	33
314	34
314	38
314	39
314	43
314	46
314	56
314	60
314	69
314	70
314	75
314	77
314	80
314	81
314	82
314	97
314	98
314	99
315	33
315	34
315	38
315	43
315	46
315	56
315	60
315	69
315	70
315	80
315	82
315	83
315	97
315	98
315	99
316	31
316	33
316	34
316	39
316	43
316	46
316	48
316	56
316	60
316	69
316	71
316	75
316	77
316	81
316	82
316	83
316	97
316	98
316	99
317	31
317	33
317	34
317	38
317	39
317	43
317	45
317	46
317	48
317	56
317	60
317	69
317	70
317	71
317	75
317	76
317	77
317	83
317	97
317	98
317	99
318	31
318	38
318	39
318	43
318	46
318	48
318	49
318	56
318	60
318	69
318	70
318	71
318	75
318	76
318	77
318	80
318	82
318	83
318	98
318	99
319	69
319	80
319	82
319	97
319	98
320	31
320	33
320	34
320	39
320	43
320	45
320	46
320	56
320	60
320	71
320	76
320	77
320	80
320	81
320	82
320	83
320	98
320	99
321	31
321	33
321	34
321	38
321	39
321	43
321	46
321	56
321	60
321	69
321	70
321	76
321	77
321	80
321	81
321	82
321	83
321	98
321	99
322	31
322	33
322	34
322	38
322	39
322	43
322	46
322	48
322	49
322	56
322	60
322	69
322	71
322	76
322	77
322	80
322	81
322	82
322	83
322	97
322	98
322	99
323	38
323	39
323	43
323	46
323	56
323	60
323	69
323	70
323	71
323	80
323	81
323	82
323	83
323	97
324	1
324	2
324	4
324	10
324	16
324	18
324	19
324	21
324	22
324	23
324	25
324	26
324	30
324	31
324	32
324	33
324	34
324	35
324	36
324	37
324	38
324	39
324	40
324	42
324	43
324	45
324	46
324	47
324	48
324	49
324	50
324	51
324	52
324	53
324	54
324	55
324	56
324	57
324	64
324	67
324	68
324	79
324	80
324	81
324	82
324	83
324	95
324	97
324	98
324	99
324	122
325	16
325	17
325	18
325	19
325	26
325	107
326	16
326	17
326	18
326	19
326	26
326	62
326	63
326	67
326	107
327	16
327	17
327	19
327	99
327	107
328	16
328	17
328	18
328	19
328	26
328	99
328	107
329	16
329	17
329	19
329	107
330	16
330	17
330	18
330	19
330	26
330	62
330	63
330	66
330	67
330	107
331	16
331	17
331	18
331	19
331	26
331	99
331	107
332	16
332	17
332	19
332	26
332	107
333	16
333	17
333	18
333	19
333	20
333	62
333	63
333	67
333	99
333	107
334	16
334	17
334	18
334	19
334	26
334	107
335	16
335	17
335	18
335	19
335	26
335	107
336	16
336	17
336	18
336	19
336	20
336	26
336	66
336	107
337	16
337	17
337	19
337	107
338	16
338	17
338	19
338	26
338	99
339	16
339	17
339	18
339	19
339	107
340	16
340	17
340	18
340	19
340	107
341	16
341	17
341	18
341	19
341	26
341	107
342	38
342	43
342	46
342	56
342	80
342	81
342	82
343	16
343	17
343	19
343	99
343	107
344	16
344	17
344	19
344	107
345	16
345	17
345	18
345	19
345	26
345	62
345	63
345	67
345	99
345	107
346	16
346	17
346	19
346	66
346	107
347	19
347	62
347	63
347	67
347	99
347	107
348	16
348	17
348	18
348	19
349	16
349	17
349	18
349	19
349	107
350	1
350	6
350	8
350	9
350	10
350	11
350	12
350	45
350	47
350	51
350	53
350	61
350	98
350	107
351	1
351	3
351	6
351	8
351	9
351	10
351	11
351	12
351	14
351	30
351	31
351	37
351	47
351	48
351	49
351	52
351	53
351	61
351	93
351	98
352	1
352	2
352	3
352	5
352	6
352	7
352	8
352	9
352	12
352	13
352	14
352	15
352	25
352	27
352	30
352	31
352	32
352	33
352	34
352	37
352	38
352	41
352	45
352	46
352	47
352	48
352	49
352	50
352	51
352	52
352	53
352	56
352	61
352	66
352	82
352	93
352	98
352	104
352	107
353	1
353	6
353	7
353	8
353	9
353	10
353	12
353	13
353	14
353	15
353	30
353	31
353	34
353	37
353	38
353	45
353	46
353	48
353	49
353	50
353	53
353	56
353	61
353	62
353	63
353	66
353	67
353	93
353	98
353	107
354	1
354	2
354	3
354	5
354	6
354	7
354	8
354	9
354	10
354	11
354	12
354	13
354	14
354	25
354	31
354	32
354	33
354	34
354	37
354	38
354	45
354	46
354	47
354	49
354	50
354	51
354	52
354	56
354	61
354	62
354	63
354	66
354	67
354	82
354	93
354	98
354	104
354	107
355	1
355	2
355	3
355	5
355	6
355	7
355	8
355	9
355	10
355	11
355	12
355	13
355	14
355	30
355	31
355	34
355	38
355	45
355	47
355	48
355	49
355	50
355	51
355	52
355	53
355	56
355	61
355	66
355	82
355	93
355	98
355	104
355	107
356	1
356	5
356	6
356	7
356	8
356	9
356	10
356	11
356	12
356	14
356	30
356	31
356	38
356	45
356	46
356	48
356	49
356	50
356	51
356	52
356	53
356	56
356	61
356	66
356	82
356	93
356	98
356	107
357	1
357	2
357	3
357	5
357	6
357	7
357	8
357	9
357	10
357	11
357	12
357	13
357	14
357	15
357	25
357	27
357	30
357	31
357	32
357	33
357	34
357	37
357	38
357	41
357	45
357	46
357	47
357	48
357	49
357	50
357	51
357	52
357	53
357	56
357	61
357	66
357	82
357	93
357	98
357	104
357	107
358	1
358	2
358	3
358	5
358	6
358	7
358	8
358	9
358	10
358	11
358	12
358	13
358	14
358	15
358	25
358	27
358	30
358	31
358	32
358	37
358	38
358	45
358	46
358	47
358	48
358	49
358	50
358	51
358	52
358	53
358	56
358	61
358	66
358	82
358	93
358	104
359	1
359	2
359	3
359	5
359	6
359	7
359	8
359	9
359	10
359	11
359	12
359	13
359	14
359	15
359	16
359	17
359	18
359	19
359	25
359	26
359	27
359	30
359	31
359	32
359	34
359	37
359	38
359	41
359	45
359	46
359	47
359	48
359	49
359	50
359	51
359	52
359	53
359	56
359	61
359	62
359	63
359	66
359	67
359	82
359	93
359	98
359	99
359	104
359	107
360	1
360	6
360	8
360	9
360	10
360	11
360	12
360	47
360	53
360	98
361	31
361	33
361	34
361	38
361	39
361	46
361	48
361	49
361	56
361	60
361	66
361	69
361	70
361	71
361	77
361	80
361	82
361	83
361	97
361	98
361	99
362	7
362	9
362	12
362	14
362	26
362	27
362	30
362	31
362	34
362	35
362	36
362	37
362	38
362	45
362	46
362	47
362	49
362	56
362	80
362	81
362	82
362	83
362	87
362	90
362	100
362	104
363	2
363	25
363	31
363	32
363	33
363	34
363	45
363	49
363	52
363	61
364	2
364	25
364	31
364	32
364	33
364	34
364	45
364	48
364	49
364	52
364	61
365	2
365	25
365	31
365	32
365	33
365	34
365	45
365	48
365	49
365	52
365	61
366	2
366	25
366	31
366	32
366	33
366	34
366	45
366	48
366	49
366	52
366	61
367	2
367	25
367	31
367	32
367	33
367	34
367	45
367	48
367	49
367	52
367	61
368	2
368	25
368	31
368	32
368	33
368	34
368	45
368	48
368	49
368	52
368	61
369	2
369	25
369	31
369	32
369	33
369	34
369	45
369	48
369	49
369	52
369	61
370	2
370	25
370	31
370	32
370	33
370	34
370	45
370	48
370	49
370	52
371	2
371	25
371	31
371	32
371	33
371	34
371	45
371	48
371	49
371	52
371	61
372	2
372	25
372	31
372	32
372	33
372	34
372	45
372	48
372	49
372	52
373	2
373	25
373	31
373	32
373	33
373	34
373	48
373	49
373	52
374	2
374	25
374	31
374	32
374	33
374	34
374	45
374	48
374	49
374	52
374	61
375	2
375	25
375	32
375	33
375	34
375	45
375	49
375	52
376	2
376	25
376	31
376	32
376	33
376	34
376	45
376	48
376	49
376	52
376	61
377	2
377	25
377	31
377	32
377	33
377	34
377	45
377	48
377	49
377	52
377	61
378	2
378	25
378	31
378	32
378	33
378	34
378	45
378	48
378	49
378	52
379	2
379	25
379	31
379	32
379	33
379	34
379	45
379	48
379	49
379	52
379	61
380	2
380	25
380	31
380	32
380	33
380	34
380	45
380	48
380	49
380	52
380	61
381	2
381	25
381	31
381	32
381	33
381	34
381	45
381	48
381	49
381	52
381	61
382	2
382	25
382	31
382	32
382	33
382	34
382	45
382	48
382	49
382	52
382	61
383	2
383	25
383	31
383	32
383	33
383	34
383	45
383	48
383	49
383	52
383	61
384	2
384	25
384	31
384	32
384	33
384	34
384	45
384	48
384	49
384	52
384	61
385	2
385	25
385	31
385	32
385	33
385	34
385	45
385	48
385	49
385	52
385	61
386	2
386	25
386	31
386	32
386	33
386	34
386	45
386	48
386	49
386	52
387	2
387	25
387	31
387	32
387	33
387	34
387	45
387	48
387	49
387	52
387	61
388	2
388	25
388	31
388	32
388	33
388	34
388	45
388	48
388	49
388	52
388	61
389	2
389	25
389	31
389	33
389	34
389	45
389	48
389	49
389	52
389	61
390	2
390	25
390	31
390	32
390	33
390	34
390	45
390	48
390	49
390	52
390	61
391	1
391	6
391	7
391	8
391	9
391	10
391	12
391	45
391	47
391	51
391	53
391	61
391	66
391	98
392	47
392	98
393	6
393	9
393	47
393	98
394	1
394	6
394	8
394	9
394	10
394	12
394	45
394	47
394	53
394	98
395	16
395	17
395	18
395	19
395	20
395	26
395	66
395	107
396	33
396	34
396	38
396	39
396	43
396	46
396	56
396	60
396	69
396	81
396	82
396	97
396	98
396	99
397	18
397	37
397	38
397	43
397	59
397	80
397	81
397	82
397	83
398	38
398	46
398	56
398	57
398	80
398	82
399	38
399	46
399	56
399	57
399	80
399	82
399	97
400	38
400	46
400	56
400	57
400	80
400	82
400	93
400	97
401	57
401	80
401	82
402	57
402	59
402	80
402	82
403	57
403	59
403	80
403	82
404	57
404	80
405	57
405	80
405	82
406	57
406	80
406	82
407	57
407	59
407	80
407	82
408	57
408	80
408	82
409	38
409	46
409	56
409	57
409	80
409	82
410	38
410	46
410	56
410	57
410	80
410	82
410	97
411	57
411	80
411	82
412	2
412	7
412	8
412	9
412	10
412	11
412	12
412	25
412	31
412	32
412	33
412	34
412	45
412	49
412	50
413	2
413	8
413	9
413	10
413	12
413	25
413	31
413	32
413	33
413	34
413	45
413	49
413	50
414	2
414	8
414	25
414	31
414	32
414	33
414	34
414	45
414	49
414	50
415	2
415	7
415	9
415	10
415	25
415	31
415	32
415	33
415	45
415	49
415	50
416	2
416	9
416	10
416	12
416	25
416	32
416	33
416	34
416	45
416	49
416	50
417	2
417	8
417	9
417	10
417	25
417	31
417	32
417	33
417	34
417	45
417	49
417	50
418	2
418	8
418	10
418	25
418	31
418	32
418	33
418	45
418	50
419	2
419	7
419	8
419	9
419	10
419	12
419	25
419	31
419	32
419	33
419	34
419	45
419	49
419	50
420	2
420	8
420	10
420	25
420	31
420	32
420	33
420	34
420	45
420	49
420	50
421	2
421	8
421	10
421	12
421	25
421	31
421	32
421	33
421	45
421	49
421	50
422	2
422	8
422	10
422	12
422	25
422	31
422	32
422	33
422	34
422	45
422	49
422	50
423	2
423	7
423	8
423	9
423	10
423	12
423	25
423	31
423	32
423	33
423	34
423	45
423	49
423	50
424	2
424	9
424	10
424	25
424	31
424	32
424	33
424	45
424	49
424	50
425	2
425	8
425	9
425	10
425	25
425	31
425	32
425	33
425	34
425	45
425	49
425	50
426	38
426	46
426	56
426	57
426	80
426	82
427	38
427	46
427	56
427	80
427	82
427	97
428	38
428	46
428	56
428	57
428	80
428	82
429	57
429	80
429	82
430	38
430	46
430	56
430	57
430	80
430	82
431	38
431	46
431	56
431	80
431	82
431	97
432	38
432	46
432	56
432	57
432	80
432	82
433	80
433	82
433	97
434	38
434	46
434	56
434	57
434	80
434	82
435	38
435	46
435	56
435	80
435	82
435	97
436	38
436	46
436	56
436	80
436	82
437	38
437	46
437	56
437	57
437	80
437	82
438	57
438	80
438	82
439	38
439	46
439	56
439	80
439	82
439	97
440	38
440	46
440	56
440	57
440	80
440	82
441	2
441	7
441	8
441	9
441	10
441	12
441	25
441	31
441	32
441	45
441	49
441	50
442	2
442	8
442	9
442	10
442	12
442	25
442	31
442	32
442	45
442	49
442	50
443	2
443	7
443	8
443	10
443	12
443	25
443	31
443	32
443	45
443	49
443	50
444	2
444	7
444	8
444	9
444	10
444	12
444	25
444	31
444	32
444	45
444	49
444	50
445	2
445	8
445	10
445	12
445	25
445	31
445	32
445	45
445	49
445	50
446	2
446	8
446	9
446	10
446	12
446	25
446	31
446	32
446	45
446	49
446	50
447	2
447	8
447	10
447	25
447	31
447	32
447	45
447	50
448	2
448	8
448	9
448	10
448	25
448	31
448	32
448	45
448	49
448	50
449	2
449	8
449	25
449	32
449	45
449	49
449	50
450	2
450	7
450	8
450	9
450	10
450	12
450	25
450	31
450	32
450	45
450	49
450	50
451	2
451	8
451	25
451	32
451	45
451	49
452	2
452	8
452	9
452	10
452	12
452	25
452	32
452	45
452	50
453	2
453	8
453	10
453	25
453	32
453	45
453	49
454	38
454	43
454	80
454	81
454	82
454	83
455	1
455	2
455	3
455	4
455	5
455	6
455	7
455	8
455	10
455	11
455	12
455	13
455	14
455	15
455	16
455	17
455	18
455	19
455	20
455	21
455	22
455	23
455	24
455	25
455	26
455	27
455	30
455	31
455	32
455	33
455	34
455	35
455	36
455	37
455	38
455	39
455	40
455	42
455	43
455	44
455	45
455	46
455	47
455	48
455	49
455	50
455	51
455	52
455	53
455	54
455	55
455	56
455	57
455	58
455	59
455	60
455	61
455	67
455	68
455	79
455	80
455	81
455	82
455	83
455	84
455	86
455	87
455	89
455	90
455	93
455	94
455	95
455	96
455	97
455	98
455	99
455	100
455	104
455	105
455	107
455	120
455	122
456	1
456	2
456	3
456	4
456	5
456	6
456	7
456	8
456	9
456	10
456	11
456	12
456	14
456	15
456	16
456	17
456	18
456	19
456	21
456	22
456	23
456	25
456	30
456	31
456	32
456	33
456	34
456	35
456	36
456	37
456	38
456	39
456	40
456	41
456	42
456	43
456	45
456	46
456	47
456	48
456	49
456	50
456	51
456	52
456	53
456	54
456	55
456	56
456	57
456	59
456	60
456	61
456	64
456	66
456	68
456	79
456	80
456	81
456	82
456	83
456	84
456	85
456	86
456	97
456	98
456	99
456	100
456	104
456	105
456	107
456	120
456	122
457	18
457	31
457	33
457	34
457	35
457	36
457	37
457	38
457	42
457	43
457	45
457	46
457	47
457	48
457	49
457	50
457	53
457	56
457	80
457	81
457	82
457	83
457	84
457	85
457	97
457	98
458	1
458	2
458	3
458	4
458	5
458	6
458	7
458	8
458	9
458	10
458	11
458	12
458	13
458	14
458	15
458	16
458	17
458	18
458	19
458	21
458	22
458	23
458	25
458	26
458	27
458	28
458	30
458	31
458	32
458	33
458	34
458	35
458	36
458	37
458	38
458	39
458	40
458	41
458	42
458	43
458	44
458	45
458	46
458	47
458	48
458	49
458	50
458	51
458	52
458	53
458	54
458	55
458	56
458	57
458	59
458	60
458	64
458	67
458	68
458	79
458	80
458	81
458	82
458	83
458	85
458	86
458	87
458	90
458	97
458	98
458	99
458	100
458	120
458	122
459	7
459	31
459	33
459	34
459	35
459	36
459	38
459	43
459	46
459	47
459	50
459	56
459	80
459	81
459	82
459	83
460	1
460	2
460	3
460	5
460	6
460	7
460	8
460	9
460	10
460	11
460	12
460	15
460	23
460	31
460	33
460	34
460	37
460	38
460	39
460	40
460	42
460	43
460	45
460	46
460	47
460	49
460	54
460	55
460	56
460	67
460	79
460	80
460	81
460	82
460	83
460	97
460	120
461	7
461	9
461	23
461	31
461	33
461	34
461	37
461	38
461	39
461	42
461	43
461	45
461	46
461	48
461	49
461	52
461	54
461	56
461	57
461	79
461	80
461	81
461	82
461	83
462	7
462	11
462	18
462	33
462	37
462	43
462	80
462	81
462	82
462	83
463	7
463	33
463	34
463	38
463	43
463	50
463	66
463	80
463	81
463	82
463	83
463	96
464	8
464	38
464	46
464	56
464	80
464	81
464	82
464	83
465	4
465	7
465	9
465	23
465	31
465	33
465	34
465	37
465	38
465	39
465	42
465	43
465	45
465	46
465	48
465	49
465	52
465	54
465	56
465	57
465	62
465	63
465	67
465	79
465	80
465	81
465	82
465	83
465	107
465	122
466	7
466	11
466	12
466	18
466	23
466	31
466	33
466	38
466	39
466	45
466	46
466	48
466	54
466	56
466	57
466	80
466	81
466	82
466	83
467	23
467	31
467	33
467	34
467	35
467	36
467	37
467	38
467	39
467	40
467	42
467	43
467	44
467	45
467	46
467	47
467	48
467	49
467	50
467	52
467	53
467	54
467	55
467	56
467	57
467	79
467	80
467	81
467	82
467	83
467	97
467	98
468	1
468	2
468	3
468	4
468	5
468	6
468	7
468	8
468	9
468	10
468	11
468	12
468	13
468	14
468	15
468	16
468	17
468	18
468	19
468	20
468	21
468	22
468	23
468	24
468	25
468	26
468	27
468	30
468	31
468	32
468	33
468	34
468	35
468	36
468	37
468	38
468	39
468	40
468	41
468	42
468	43
468	44
468	45
468	46
468	47
468	48
468	49
468	50
468	51
468	52
468	53
468	54
468	55
468	56
468	57
468	58
468	59
468	60
468	61
468	64
468	67
468	68
468	79
468	80
468	81
468	82
468	83
468	84
468	85
468	86
468	87
468	88
468	90
468	92
468	93
468	94
468	95
468	96
468	97
468	98
468	99
468	100
468	102
468	104
468	105
468	107
468	112
468	120
468	122
469	6
469	7
469	9
469	10
469	11
469	12
469	23
469	31
469	33
469	34
469	35
469	38
469	39
469	42
469	43
469	45
469	48
469	49
469	52
469	54
469	56
469	57
469	59
469	79
469	80
469	81
469	82
469	83
470	1
470	7
470	8
470	9
470	10
470	11
470	12
470	18
470	19
470	21
470	23
470	28
470	31
470	33
470	34
470	35
470	36
470	37
470	38
470	39
470	40
470	42
470	43
470	45
470	46
470	47
470	49
470	52
470	53
470	54
470	56
470	57
470	79
470	80
470	81
470	82
470	83
470	97
470	98
470	99
471	5
471	7
471	9
471	10
471	11
471	12
471	15
471	18
471	19
471	22
471	23
471	26
471	27
471	30
471	31
471	33
471	34
471	35
471	36
471	37
471	38
471	39
471	40
471	42
471	43
471	44
471	45
471	46
471	47
471	48
471	49
471	50
471	52
471	53
471	54
471	55
471	56
471	57
471	59
471	64
471	68
471	79
471	80
471	81
471	82
471	83
471	93
471	97
471	98
471	99
471	100
471	112
471	120
472	1
472	2
472	3
472	4
472	5
472	6
472	7
472	8
472	10
472	11
472	12
472	15
472	16
472	17
472	18
472	19
472	21
472	22
472	23
472	30
472	31
472	33
472	34
472	35
472	36
472	37
472	38
472	39
472	40
472	42
472	43
472	45
472	46
472	47
472	48
472	49
472	50
472	51
472	52
472	53
472	54
472	55
472	56
472	57
472	59
472	67
472	68
472	79
472	80
472	81
472	82
472	83
472	84
472	85
472	86
472	95
472	96
472	97
472	98
472	99
472	100
472	107
472	112
472	122
473	7
473	10
473	12
473	18
473	23
473	31
473	33
473	38
473	39
473	40
473	43
473	44
473	45
473	47
473	48
473	49
473	52
473	56
473	79
473	80
473	81
473	82
473	83
474	18
474	28
474	31
474	33
474	37
474	38
474	39
474	40
474	43
474	45
474	46
474	47
474	48
474	50
474	52
474	53
474	55
474	56
474	57
474	79
474	80
474	81
474	82
474	83
475	13
475	14
475	18
475	22
475	23
475	31
475	33
475	37
475	38
475	39
475	43
475	44
475	45
475	48
475	49
475	52
475	56
475	57
475	67
475	79
475	80
475	81
475	82
475	83
475	93
475	104
475	120
476	7
476	12
476	18
476	23
476	31
476	33
476	34
476	35
476	36
476	37
476	38
476	39
476	40
476	42
476	43
476	44
476	45
476	46
476	47
476	48
476	49
476	50
476	51
476	52
476	53
476	54
476	55
476	56
476	57
476	79
476	80
476	81
476	82
476	83
476	97
476	98
477	1
477	2
477	3
477	4
477	5
477	6
477	7
477	8
477	9
477	10
477	11
477	12
477	13
477	14
477	15
477	16
477	17
477	18
477	19
477	21
477	22
477	23
477	24
477	25
477	26
477	27
477	28
477	30
477	31
477	32
477	33
477	34
477	35
477	36
477	37
477	38
477	39
477	40
477	42
477	43
477	45
477	46
477	47
477	48
477	49
477	50
477	51
477	52
477	53
477	54
477	55
477	56
477	57
477	58
477	59
477	60
477	61
477	64
477	68
477	79
477	80
477	81
477	82
477	83
477	84
477	85
477	86
477	87
477	90
477	93
477	94
477	96
477	97
477	98
477	99
477	100
477	104
477	105
477	107
477	120
477	122
478	23
478	31
478	33
478	38
478	39
478	43
478	44
478	46
478	48
478	49
478	52
478	54
478	56
478	79
478	80
478	81
478	82
478	83
479	2
479	16
479	17
479	18
479	19
479	21
479	23
479	30
479	31
479	33
479	34
479	35
479	36
479	37
479	38
479	40
479	42
479	43
479	45
479	46
479	47
479	48
479	49
479	50
479	51
479	52
479	53
479	54
479	55
479	56
479	57
479	67
479	79
479	80
479	81
479	82
479	83
479	84
479	85
479	86
479	97
479	98
480	2
480	4
480	13
480	14
480	16
480	17
480	18
480	19
480	21
480	23
480	30
480	31
480	33
480	34
480	35
480	36
480	37
480	38
480	39
480	40
480	42
480	43
480	44
480	45
480	46
480	47
480	48
480	49
480	50
480	51
480	52
480	53
480	54
480	55
480	56
480	57
480	79
480	80
480	81
480	82
480	83
480	86
480	96
480	97
480	98
480	122
481	1
481	2
481	3
481	4
481	7
481	9
481	10
481	11
481	12
481	13
481	14
481	16
481	17
481	18
481	19
481	21
481	23
481	25
481	26
481	27
481	28
481	30
481	31
481	32
481	33
481	34
481	35
481	36
481	37
481	38
481	39
481	40
481	42
481	43
481	45
481	46
481	47
481	48
481	49
481	50
481	51
481	52
481	53
481	54
481	55
481	56
481	57
481	59
481	60
481	68
481	79
481	80
481	81
481	82
481	83
481	84
481	87
481	89
481	90
481	92
481	93
481	96
481	97
481	98
481	99
481	120
481	122
482	23
482	31
482	37
482	38
482	43
482	46
482	56
482	80
482	81
482	82
482	83
483	2
483	4
483	7
483	11
483	12
483	15
483	18
483	22
483	23
483	30
483	31
483	33
483	34
483	35
483	36
483	37
483	38
483	40
483	41
483	42
483	43
483	45
483	47
483	48
483	49
483	50
483	51
483	52
483	53
483	54
483	55
483	56
483	57
483	79
483	80
483	81
483	82
483	83
483	93
483	97
483	98
483	120
483	122
484	7
484	11
484	12
484	15
484	18
484	23
484	30
484	31
484	33
484	37
484	38
484	39
484	41
484	42
484	43
484	44
484	45
484	46
484	49
484	52
484	54
484	56
484	57
484	79
484	80
484	81
484	82
484	83
484	97
484	120
485	80
485	81
485	82
485	83
486	2
486	23
486	31
486	33
486	34
486	35
486	37
486	38
486	39
486	42
486	43
486	45
486	46
486	48
486	49
486	50
486	51
486	52
486	53
486	54
486	55
486	56
486	57
486	79
486	80
486	81
486	82
486	83
486	97
486	98
487	1
487	2
487	3
487	7
487	9
487	10
487	12
487	14
487	15
487	16
487	17
487	18
487	19
487	21
487	22
487	23
487	25
487	27
487	28
487	30
487	31
487	32
487	33
487	34
487	35
487	36
487	37
487	38
487	39
487	40
487	41
487	42
487	43
487	44
487	45
487	47
487	48
487	49
487	50
487	51
487	52
487	53
487	54
487	55
487	56
487	57
487	67
487	68
487	79
487	80
487	81
487	82
487	83
487	87
487	90
487	91
487	93
487	97
487	98
487	120
488	1
488	2
488	3
488	4
488	6
488	7
488	8
488	9
488	10
488	11
488	12
488	13
488	14
488	15
488	16
488	17
488	18
488	19
488	21
488	22
488	23
488	24
488	27
488	28
488	30
488	31
488	32
488	33
488	34
488	35
488	36
488	37
488	38
488	39
488	40
488	41
488	42
488	43
488	45
488	47
488	48
488	49
488	50
488	51
488	52
488	53
488	54
488	55
488	56
488	57
488	58
488	59
488	64
488	66
488	67
488	68
488	79
488	80
488	81
488	82
488	83
488	84
488	87
488	90
488	93
488	95
488	97
488	98
488	99
488	100
488	104
488	105
488	112
488	118
488	120
488	122
489	2
489	4
489	8
489	16
489	17
489	18
489	19
489	21
489	22
489	23
489	30
489	31
489	33
489	34
489	35
489	36
489	37
489	38
489	39
489	40
489	42
489	43
489	45
489	46
489	47
489	48
489	49
489	50
489	52
489	53
489	54
489	55
489	56
489	57
489	67
489	68
489	80
489	81
489	82
489	83
489	97
489	98
489	103
489	107
489	122
490	1
490	2
490	3
490	4
490	5
490	7
490	8
490	10
490	11
490	12
490	13
490	14
490	15
490	16
490	18
490	19
490	20
490	21
490	22
490	23
490	25
490	27
490	28
490	30
490	31
490	32
490	33
490	34
490	35
490	36
490	37
490	38
490	39
490	40
490	42
490	43
490	45
490	46
490	47
490	48
490	49
490	50
490	51
490	52
490	53
490	54
490	55
490	56
490	57
490	59
490	60
490	64
490	67
490	68
490	79
490	80
490	81
490	82
490	83
490	84
490	85
490	86
490	87
490	97
490	98
490	99
490	100
490	107
490	120
490	122
491	1
491	2
491	3
491	4
491	7
491	9
491	10
491	11
491	12
491	13
491	14
491	15
491	16
491	17
491	18
491	19
491	21
491	22
491	23
491	24
491	25
491	26
491	27
491	28
491	30
491	31
491	32
491	33
491	34
491	35
491	36
491	37
491	38
491	39
491	40
491	42
491	43
491	45
491	46
491	47
491	48
491	49
491	50
491	51
491	52
491	53
491	54
491	55
491	56
491	57
491	58
491	59
491	60
491	61
491	64
491	67
491	68
491	79
491	80
491	81
491	82
491	83
491	84
491	85
491	86
491	87
491	89
491	92
491	93
491	94
491	95
491	96
491	97
491	98
491	99
491	100
491	104
491	105
491	107
491	120
491	122
492	7
492	11
492	12
492	18
492	22
492	31
492	33
492	35
492	38
492	41
492	43
492	56
492	80
492	81
492	82
492	83
492	93
492	97
492	120
493	1
493	2
493	4
493	10
493	12
493	14
493	16
493	17
493	18
493	19
493	21
493	22
493	23
493	25
493	30
493	31
493	32
493	33
493	34
493	35
493	36
493	37
493	38
493	39
493	40
493	42
493	43
493	45
493	46
493	47
493	48
493	49
493	50
493	51
493	52
493	53
493	54
493	55
493	56
493	57
493	58
493	59
493	60
493	61
493	62
493	63
493	64
493	67
493	68
493	79
493	80
493	81
493	82
493	83
493	84
493	85
493	86
493	97
493	98
493	99
493	100
493	105
493	107
493	120
493	122
494	1
494	2
494	7
494	8
494	9
494	10
494	11
494	12
494	13
494	14
494	15
494	16
494	17
494	18
494	19
494	21
494	22
494	23
494	25
494	28
494	30
494	31
494	32
494	33
494	34
494	35
494	36
494	37
494	38
494	39
494	40
494	42
494	43
494	44
494	45
494	46
494	47
494	48
494	49
494	50
494	52
494	53
494	54
494	56
494	57
494	58
494	59
494	61
494	68
494	79
494	80
494	81
494	82
494	83
494	86
494	96
494	97
494	98
494	99
494	104
494	105
494	107
494	120
495	2
495	18
495	23
495	31
495	33
495	34
495	35
495	36
495	37
495	38
495	39
495	40
495	42
495	43
495	45
495	46
495	47
495	48
495	49
495	50
495	51
495	52
495	53
495	54
495	55
495	56
495	57
495	59
495	79
495	80
495	81
495	82
495	83
495	97
495	98
496	7
496	9
496	10
496	12
496	23
496	31
496	33
496	38
496	39
496	45
496	52
496	56
496	80
496	81
496	83
497	31
497	33
497	34
497	38
497	39
497	42
497	46
497	56
497	80
497	83
497	98
497	99
498	31
498	33
498	34
498	39
498	42
498	46
498	56
498	80
498	83
498	98
498	99
499	31
499	33
499	34
499	38
499	39
499	42
499	46
499	56
499	80
499	83
499	98
500	31
500	33
500	34
500	38
500	39
500	42
500	56
500	80
500	83
500	98
500	99
501	31
501	33
501	34
501	42
501	46
501	56
501	80
501	83
501	98
501	99
502	31
502	33
502	34
502	38
502	39
502	42
502	46
502	56
502	80
502	83
502	98
503	31
503	33
503	34
503	38
503	39
503	42
503	46
503	56
503	80
503	83
503	98
503	99
504	31
504	33
504	34
504	38
504	39
504	42
504	46
504	56
504	80
504	83
504	98
504	99
505	31
505	33
505	34
505	39
505	83
505	98
506	31
506	33
506	34
506	39
506	42
506	46
506	56
506	80
506	83
506	98
506	99
507	13
507	14
507	15
507	33
507	34
507	38
507	48
507	49
507	56
507	57
507	81
507	82
507	83
508	1
508	5
508	6
508	9
508	10
508	11
508	13
508	14
508	15
508	31
508	33
508	34
508	38
508	39
508	43
508	46
508	48
508	49
508	50
508	56
508	57
508	79
508	81
508	82
508	83
508	104
508	115
508	119
509	31
509	33
509	34
509	38
509	39
509	42
509	46
509	56
509	80
509	83
509	98
509	99
510	15
510	31
510	33
510	34
510	38
510	39
510	42
510	46
510	56
510	80
510	83
510	98
510	99
511	31
511	33
511	34
511	38
511	39
511	42
511	46
511	56
511	80
511	83
511	98
511	99
512	31
512	33
512	34
512	38
512	39
512	42
512	46
512	56
512	80
512	83
512	98
512	99
513	31
513	33
513	34
513	38
513	39
513	42
513	46
513	56
513	80
513	83
513	98
513	99
514	31
514	38
514	42
514	46
514	55
514	56
514	57
514	80
514	82
514	83
514	93
514	97
514	98
515	31
515	38
515	46
515	55
515	56
515	80
515	82
516	57
516	97
517	57
517	97
518	2
518	31
518	34
518	38
518	42
518	45
518	46
518	49
518	55
518	56
518	57
518	80
518	82
518	83
518	97
518	98
519	2
519	31
519	34
519	38
519	45
519	46
519	49
519	54
519	55
519	56
519	57
519	80
519	82
519	83
519	97
519	98
520	31
520	34
520	38
520	42
520	46
520	49
520	53
520	54
520	55
520	56
520	57
520	80
520	82
520	83
520	97
520	98
521	57
521	80
521	97
522	55
522	57
522	80
522	82
522	97
523	2
523	31
523	38
523	42
523	45
523	46
523	49
523	53
523	55
523	56
523	57
523	80
523	82
523	83
523	97
523	98
524	31
524	33
524	34
524	38
524	39
524	42
524	46
524	56
524	80
524	83
524	98
524	99
525	31
525	33
525	34
525	38
525	39
525	42
525	46
525	56
525	80
525	83
525	98
525	99
526	31
526	33
526	34
526	38
526	39
526	42
526	46
526	56
526	80
526	83
526	98
527	31
527	33
527	34
527	38
527	39
527	42
527	46
527	56
527	80
527	83
527	98
527	99
528	7
528	9
528	10
528	82
529	2
529	10
529	12
529	25
529	32
529	45
529	49
529	50
530	31
530	33
530	34
530	38
530	39
530	42
530	46
530	56
530	80
530	83
530	98
530	99
531	31
531	33
531	34
531	38
531	39
531	42
531	46
531	56
531	80
531	83
531	98
531	99
532	31
532	33
532	34
532	39
532	42
532	46
532	56
532	80
532	83
532	98
532	99
533	31
533	33
533	34
533	38
533	39
533	42
533	46
533	56
533	80
533	83
534	31
534	33
534	34
534	38
534	39
534	42
534	46
534	56
534	80
534	83
534	98
535	31
535	33
535	34
535	38
535	39
535	42
535	46
535	56
535	80
535	83
535	98
535	99
536	31
536	33
536	34
536	38
536	39
536	42
536	46
536	56
536	80
536	83
536	98
536	99
537	31
537	33
537	34
537	38
537	39
537	42
537	46
537	56
537	80
537	83
537	98
537	99
538	31
538	33
538	34
538	38
538	39
538	42
538	46
538	56
538	80
538	83
538	98
538	99
539	31
539	33
539	34
539	39
539	42
539	46
539	56
539	80
539	83
539	98
539	99
540	31
540	33
540	34
540	38
540	39
540	42
540	46
540	56
540	80
540	83
540	98
540	99
541	31
541	33
541	34
541	38
541	39
541	42
541	46
541	56
541	80
541	83
541	98
541	99
542	31
542	33
542	34
542	38
542	39
542	42
542	46
542	56
542	80
542	83
543	31
543	33
543	34
543	39
543	42
543	46
543	56
543	80
543	83
543	98
544	2
544	7
544	9
544	10
544	12
544	25
544	31
544	32
544	45
544	49
545	2
545	9
545	10
545	12
545	25
545	31
545	32
545	33
545	45
545	49
545	50
546	2
546	8
546	9
546	10
546	12
546	25
546	31
546	32
546	45
546	49
546	50
547	2
547	8
547	9
547	10
547	12
547	25
547	31
547	32
547	45
547	49
547	50
548	2
548	7
548	8
548	10
548	12
548	25
548	31
548	32
548	33
548	34
548	45
548	49
548	50
549	2
549	8
549	9
549	10
549	12
549	25
549	31
549	32
549	33
549	34
549	45
549	49
549	50
550	2
550	7
550	9
550	10
550	11
550	12
550	25
550	31
550	32
550	45
550	49
550	50
551	31
551	33
551	34
551	38
551	39
551	42
551	46
551	56
551	80
551	83
551	98
551	99
552	31
552	33
552	34
552	38
552	46
552	56
552	80
552	83
552	98
553	2
553	25
553	31
553	32
553	33
553	34
553	45
553	48
553	49
553	52
553	61
554	31
554	33
554	34
554	38
554	39
554	42
554	46
554	56
554	80
554	83
554	98
554	99
555	31
555	33
555	34
555	39
555	42
555	46
555	56
555	80
555	83
555	98
555	99
556	31
556	33
556	34
556	39
556	42
556	46
556	56
556	80
556	83
556	98
556	99
557	31
557	33
557	34
557	38
557	56
557	80
557	83
557	98
557	99
558	31
558	33
558	34
558	38
558	39
558	42
558	46
558	56
558	80
558	83
558	98
558	99
559	31
559	33
559	34
559	38
559	39
559	42
559	46
559	56
559	80
559	83
559	98
559	99
560	31
560	33
560	34
560	39
560	42
560	83
560	98
561	2
561	8
561	9
561	10
561	12
561	25
561	32
561	49
562	5
562	8
562	10
562	12
562	67
563	5
563	8
563	9
563	10
563	67
564	5
564	8
564	9
564	10
564	12
565	5
565	8
565	10
565	12
566	8
566	9
566	10
566	12
567	8
567	9
567	10
568	8
568	9
568	10
568	12
569	2
569	5
569	8
569	10
569	25
569	32
569	45
569	49
569	67
570	5
570	8
570	9
570	10
570	12
570	67
571	5
571	8
571	10
571	12
571	67
572	5
572	8
573	13
573	14
573	16
573	18
573	19
573	21
573	31
573	33
573	34
573	35
573	36
573	37
573	38
573	40
573	43
573	46
573	47
573	49
573	52
573	56
573	82
573	98
573	99
573	119
574	18
574	38
574	39
574	43
574	46
574	47
574	48
574	49
574	56
574	82
575	13
575	14
575	15
575	34
575	35
575	36
575	39
575	40
575	43
575	46
575	47
575	48
575	49
575	50
575	52
575	56
575	82
575	98
575	99
575	119
576	15
576	38
576	39
576	43
576	48
576	56
576	82
576	119
577	7
577	13
577	14
577	15
577	18
577	19
577	21
577	33
577	34
577	35
577	36
577	38
577	39
577	46
577	47
577	48
577	49
577	50
577	51
577	56
577	82
577	98
577	99
577	119
578	7
578	15
578	18
578	19
578	20
578	21
578	28
578	31
578	38
578	43
578	47
578	50
578	56
578	119
579	7
579	15
579	16
579	17
579	18
579	19
579	21
579	31
579	33
579	34
579	35
579	36
579	37
579	38
579	39
579	40
579	43
579	47
579	48
579	49
579	50
579	51
579	52
579	56
579	82
579	98
580	14
580	15
580	16
580	18
580	19
580	21
580	28
580	31
580	33
580	34
580	35
580	36
580	38
580	39
580	40
580	43
580	46
580	47
580	48
580	49
580	50
580	51
580	52
580	56
580	82
580	98
580	119
581	13
581	14
581	15
581	18
581	19
581	21
581	31
581	33
581	34
581	35
581	36
581	37
581	38
581	40
581	43
581	47
581	48
581	49
581	50
581	51
581	52
581	56
581	82
581	98
581	119
582	1
582	5
582	6
582	7
582	10
582	11
582	14
582	15
582	38
582	39
582	48
582	50
582	56
582	81
582	82
582	119
583	1
583	2
583	5
583	6
583	7
583	9
583	10
583	11
583	12
583	13
583	14
583	15
583	16
583	18
583	19
583	21
583	28
583	31
583	33
583	34
583	35
583	36
583	38
583	39
583	40
583	43
583	45
583	46
583	47
583	48
583	49
583	50
583	51
583	56
583	72
583	73
583	74
583	78
583	79
583	81
583	82
583	83
583	98
583	104
583	115
583	119
583	123
584	13
584	14
584	15
584	16
584	17
584	18
584	20
584	37
584	38
584	39
584	46
584	47
584	48
584	50
584	51
584	56
584	98
584	119
585	1
585	5
585	6
585	10
585	12
585	14
585	15
585	38
585	39
585	43
585	45
585	46
585	49
585	50
585	56
585	72
585	73
585	74
585	78
585	79
585	81
585	83
586	7
586	15
586	16
586	17
586	18
586	21
586	31
586	33
586	34
586	35
586	36
586	38
586	39
586	40
586	43
586	46
586	47
586	48
586	49
586	50
586	51
586	52
586	56
586	82
586	98
587	7
587	13
587	14
587	15
587	17
587	18
587	19
587	21
587	31
587	33
587	34
587	35
587	36
587	37
587	38
587	39
587	40
587	43
587	46
587	47
587	48
587	49
587	50
587	51
587	52
587	56
587	82
587	98
587	99
587	119
588	1
588	2
588	5
588	6
588	7
588	10
588	11
588	12
588	13
588	14
588	15
588	18
588	19
588	20
588	21
588	28
588	31
588	33
588	34
588	35
588	36
588	37
588	38
588	39
588	40
588	43
588	45
588	47
588	48
588	49
588	50
588	51
588	52
588	56
588	79
588	81
588	82
588	83
588	98
588	99
588	104
588	113
588	119
588	121
589	2
589	5
589	8
589	9
589	10
589	12
589	25
589	45
590	5
590	8
590	10
591	2
591	8
591	25
591	32
591	45
591	49
592	15
592	31
592	33
592	34
592	39
592	42
592	46
592	56
592	80
592	83
592	98
592	99
593	1
593	7
593	9
593	10
593	12
593	31
593	33
593	34
593	38
593	43
593	46
593	48
593	49
593	56
593	57
593	80
593	81
593	82
593	97
594	2
594	7
594	8
594	10
594	25
594	31
594	32
594	45
594	49
594	50
595	2
595	8
595	25
595	31
595	32
595	45
595	49
595	50
596	2
596	8
596	9
596	10
596	12
596	25
596	31
596	32
596	45
596	49
596	50
597	2
597	25
597	31
597	32
597	45
597	49
597	50
598	2
598	25
598	31
598	32
598	45
598	49
599	2
599	8
599	9
599	10
599	25
599	31
599	32
599	45
599	50
600	2
600	8
600	25
600	31
600	32
600	45
600	49
600	50
601	2
601	25
601	31
601	32
601	45
601	49
601	50
602	2
602	8
602	25
602	32
602	45
602	49
602	50
603	2
603	8
603	25
603	31
603	32
603	45
603	49
604	2
604	7
604	8
604	12
604	25
604	31
604	32
604	33
604	45
604	49
605	2
605	8
605	25
605	31
605	32
605	45
605	49
606	1
606	2
606	3
606	5
606	6
606	7
606	8
606	9
606	10
606	11
606	12
606	13
606	14
606	25
606	30
606	31
606	32
606	34
606	37
606	38
606	45
606	46
606	47
606	48
606	49
606	50
606	51
606	52
606	53
606	56
606	61
606	66
606	82
606	93
606	98
606	104
606	107
607	1
607	6
607	7
607	8
607	9
607	10
607	11
607	31
607	37
607	45
607	47
607	48
607	49
607	51
607	53
607	66
607	93
607	98
607	107
608	1
608	6
608	8
608	9
608	10
608	11
608	12
608	47
608	53
608	98
609	1
609	6
609	8
609	9
609	10
609	11
609	12
609	31
609	37
609	47
609	49
609	50
609	52
609	53
609	61
609	98
609	104
609	107
610	19
610	20
610	98
611	1
611	5
611	6
611	9
611	10
611	11
611	12
611	13
611	14
611	15
611	17
611	18
611	19
611	21
611	28
611	31
611	33
611	34
611	35
611	36
611	37
611	38
611	39
611	40
611	43
611	46
611	47
611	48
611	49
611	50
611	51
611	52
611	56
611	79
611	81
611	82
611	83
611	98
611	119
612	2
612	8
612	9
612	25
612	31
612	32
612	45
612	49
612	50
613	2
613	8
613	25
613	31
613	32
613	45
613	49
613	50
614	2
614	8
614	25
614	31
614	32
614	45
614	49
615	1
615	6
615	7
615	8
615	9
615	10
615	11
615	12
615	37
615	45
615	47
615	53
615	61
615	66
615	98
616	1
616	6
616	7
616	8
616	9
616	10
616	11
616	12
616	45
616	47
616	51
616	53
616	61
616	66
616	98
617	57
618	57
619	57
620	57
621	57
622	57
623	57
624	2
624	25
624	32
624	33
624	34
624	46
624	49
624	56
624	80
624	82
624	98
624	99
625	1
625	5
625	6
625	7
625	10
625	11
625	13
625	14
625	15
625	17
625	18
625	20
625	21
625	28
625	31
625	33
625	34
625	35
625	36
625	37
625	38
625	39
625	40
625	43
625	45
625	46
625	47
625	48
625	49
625	50
625	51
625	52
625	56
625	79
625	81
625	82
625	83
625	98
625	99
625	104
625	119
626	16
626	17
626	19
626	20
626	26
626	99
627	18
627	19
627	20
627	31
627	38
627	45
627	46
627	56
627	60
627	79
627	80
627	83
627	97
627	99
627	120
628	33
628	34
628	71
628	99
629	33
629	34
629	71
629	99
630	19
630	33
630	34
630	71
630	99
631	19
631	33
631	34
631	66
631	99
632	33
632	34
632	71
632	99
633	19
633	33
633	34
633	71
633	99
634	33
634	34
634	71
634	99
635	33
635	34
635	99
636	20
636	33
636	34
636	71
636	99
637	19
637	33
637	34
637	71
637	99
638	33
638	34
638	71
638	99
639	33
639	34
639	71
639	99
640	33
640	34
640	71
640	99
641	31
641	34
641	42
641	99
642	1
642	2
642	5
642	6
642	7
642	10
642	11
642	12
642	13
642	14
642	15
642	16
642	18
642	19
642	21
642	31
642	33
642	34
642	38
642	39
642	43
642	45
642	48
642	49
642	50
642	51
642	56
642	79
642	81
642	82
642	83
642	99
642	119
643	18
643	19
643	20
643	34
644	19
644	33
644	34
644	99
645	19
645	33
645	34
645	99
646	4
646	15
646	57
646	65
646	80
646	82
647	7
647	13
647	14
647	15
647	84
647	85
647	86
648	7
648	13
648	14
648	15
648	86
649	7
649	13
649	14
649	15
649	84
650	7
650	13
650	14
650	15
650	84
651	7
651	13
651	14
651	15
651	84
652	7
652	13
652	14
652	15
652	84
652	85
652	86
653	7
653	13
653	14
653	15
653	85
654	7
654	13
654	14
654	15
654	46
654	49
654	59
654	86
654	104
654	105
655	7
655	13
655	14
655	15
655	86
656	7
656	13
656	14
656	15
656	86
657	7
657	13
657	14
657	15
657	84
658	7
658	13
658	14
658	15
658	86
659	7
659	13
659	14
659	15
659	85
659	86
660	7
660	13
660	14
660	15
661	7
661	13
661	14
661	15
661	86
662	7
662	13
662	14
662	15
662	85
663	7
663	13
663	14
663	15
663	84
664	7
664	13
664	14
664	15
664	86
665	7
665	13
665	14
665	15
665	84
665	85
666	7
666	13
666	14
666	15
666	85
667	7
667	13
667	14
667	15
667	46
667	49
667	59
667	84
667	104
667	105
668	1
668	6
668	7
668	8
668	9
668	10
668	11
668	12
668	30
668	31
668	37
668	45
668	47
668	48
668	49
668	51
668	53
668	61
668	66
668	93
669	7
669	13
669	14
669	15
669	84
669	85
669	86
670	7
670	13
670	14
670	15
670	86
671	7
671	9
671	10
671	11
671	12
671	15
671	99
672	7
672	9
672	10
672	15
672	64
672	99
672	100
673	7
673	9
673	10
673	11
673	12
673	15
673	99
674	7
674	9
674	10
674	11
674	12
674	15
675	7
675	9
675	15
675	64
675	99
675	100
676	7
676	9
676	10
676	11
676	12
676	15
677	7
677	9
677	10
677	15
677	99
678	7
678	9
678	10
678	11
678	12
678	15
679	7
679	9
679	10
679	11
679	12
679	15
680	7
680	13
680	14
680	15
680	84
680	85
680	86
681	7
681	13
681	14
681	15
681	84
682	7
682	13
682	14
682	15
682	46
682	49
682	59
682	104
682	105
683	7
683	13
683	14
683	15
683	84
683	85
683	86
684	7
684	13
684	14
684	15
685	7
685	13
685	14
685	15
685	46
685	59
685	86
686	7
686	13
686	14
686	15
686	84
687	7
687	13
687	14
687	15
687	86
688	7
688	13
688	14
688	15
688	84
688	85
688	86
689	7
689	13
689	14
689	15
689	86
690	7
690	15
690	35
690	41
690	50
690	99
691	7
691	15
691	35
691	41
691	50
691	99
692	7
692	15
692	35
692	50
692	99
693	7
693	15
693	35
693	41
693	50
693	99
694	7
694	15
694	35
694	50
694	99
695	7
695	15
695	35
695	41
695	99
696	7
696	41
696	50
696	99
697	7
697	15
697	35
697	41
697	99
698	7
698	15
698	35
698	50
698	99
699	7
699	15
699	35
699	41
699	50
699	99
700	7
700	15
700	35
700	50
700	99
701	7
701	15
701	35
701	41
701	99
702	7
702	15
702	35
702	99
703	7
703	15
703	35
703	41
703	50
703	99
704	7
704	15
704	35
704	41
704	99
705	7
705	15
705	35
705	41
705	50
705	99
706	7
706	15
706	35
706	41
706	99
707	7
707	15
707	35
707	41
707	50
707	99
708	15
708	35
708	50
708	99
709	7
709	15
709	35
709	41
709	99
710	7
710	15
710	35
710	50
710	99
711	7
711	15
711	35
711	41
711	99
712	7
712	13
712	14
712	15
712	48
712	49
712	56
712	82
712	119
713	7
713	15
713	33
713	34
713	35
713	36
713	37
713	40
713	47
713	48
713	49
713	50
713	52
713	56
713	82
713	98
713	119
714	38
714	39
714	46
714	56
714	80
714	83
715	6
715	7
715	9
715	10
715	11
715	12
715	15
715	19
715	31
715	34
715	41
715	89
715	92
715	93
716	7
716	9
716	10
716	11
716	12
716	19
716	31
716	34
716	41
716	88
716	89
716	92
717	6
717	7
717	9
717	10
717	11
717	12
717	19
717	31
717	34
717	89
717	92
717	93
717	94
717	95
717	102
718	6
718	7
718	9
718	10
718	11
718	12
718	15
718	20
718	31
718	34
718	41
718	89
718	92
718	95
719	6
719	7
719	9
719	10
719	11
719	12
719	15
719	19
719	34
719	89
719	93
719	95
720	6
720	7
720	9
720	10
720	11
720	12
720	15
720	31
720	34
720	41
720	89
720	92
720	93
720	95
721	6
721	7
721	9
721	10
721	11
721	12
721	20
721	31
721	34
721	89
721	92
721	93
722	6
722	7
722	9
722	10
722	11
722	12
722	15
722	19
722	31
722	34
722	89
722	92
722	93
722	94
722	95
722	102
723	6
723	7
723	9
723	10
723	11
723	12
723	20
723	34
723	41
723	89
723	93
723	95
724	7
724	13
724	14
724	15
724	84
725	19
725	33
725	34
725	99
726	6
726	7
726	9
726	10
726	11
726	12
726	19
726	31
726	34
726	41
726	89
726	92
726	93
726	95
727	6
727	7
727	9
727	10
727	11
727	12
727	31
727	34
727	41
727	89
727	92
727	93
728	7
728	9
728	10
728	11
728	15
728	19
728	31
728	34
728	88
728	89
728	92
728	93
728	94
728	95
729	7
729	9
729	10
729	11
729	12
729	18
729	19
729	20
730	7
730	13
730	14
730	15
730	84
730	85
731	7
731	13
731	14
731	15
732	7
732	13
732	14
732	15
732	46
732	59
733	7
733	13
733	14
733	15
733	46
733	49
733	59
733	84
733	85
733	86
734	33
734	59
735	33
735	59
736	7
736	13
736	14
736	15
736	84
737	7
737	13
737	14
737	15
737	84
738	33
738	34
738	46
738	56
738	80
738	82
738	98
738	99
739	18
739	27
739	28
739	31
739	38
739	39
739	46
739	53
739	56
739	68
739	80
739	81
739	82
739	83
739	97
740	2
740	25
740	31
740	32
740	33
740	34
740	45
740	48
740	49
740	52
740	61
741	2
741	25
741	31
741	32
741	33
741	34
741	45
741	48
741	49
741	52
741	61
742	2
742	25
742	31
742	32
742	33
742	34
742	45
742	48
742	49
742	52
742	61
743	2
743	25
743	31
743	32
743	33
743	34
743	45
743	48
743	49
743	52
743	61
744	2
744	25
744	31
744	32
744	33
744	34
744	45
744	48
744	49
744	52
744	61
745	33
745	59
746	33
747	2
747	25
747	31
747	32
747	33
747	34
747	45
747	48
747	49
747	52
747	61
748	6
748	7
748	9
748	10
748	11
748	12
748	31
748	34
748	41
748	88
748	89
748	93
748	94
748	95
748	102
749	6
749	7
749	9
749	10
749	11
749	12
749	20
749	31
749	34
749	41
749	89
749	92
749	102
750	6
750	7
750	9
750	10
750	11
750	12
750	15
750	19
750	20
750	34
750	41
750	88
750	89
750	92
750	94
750	95
751	6
751	7
751	9
751	10
751	11
751	12
751	18
751	19
751	20
751	31
751	34
751	41
751	88
751	89
751	92
751	93
752	6
752	7
752	9
752	10
752	11
752	12
752	15
752	18
752	19
752	31
752	34
752	88
752	89
752	92
752	93
752	94
752	95
752	102
753	9
753	10
753	31
753	34
753	37
753	42
753	43
753	58
753	83
753	97
753	98
753	99
754	33
754	59
755	7
755	13
755	14
755	15
756	7
756	13
756	14
756	15
756	84
756	85
756	86
757	6
757	7
757	9
757	10
757	11
757	12
758	33
758	34
758	35
758	36
758	38
758	39
758	40
758	43
758	46
758	47
758	56
758	59
758	79
758	80
758	81
758	82
758	83
759	33
759	34
759	35
759	36
759	38
759	39
759	40
759	43
759	46
759	47
759	56
759	79
759	80
759	81
759	82
759	83
760	33
760	34
760	35
760	36
760	38
760	39
760	40
760	46
760	47
760	56
760	80
760	82
760	83
761	33
761	34
761	35
761	36
761	38
761	39
761	40
761	43
761	46
761	47
761	56
761	79
761	80
761	81
761	82
761	83
762	33
762	34
762	35
762	36
762	38
762	39
762	40
762	43
762	46
762	47
762	56
762	79
762	80
762	81
762	82
762	83
763	33
763	34
763	35
763	36
763	38
763	39
763	40
763	43
763	46
763	47
763	56
763	79
763	80
763	81
763	82
763	83
764	33
764	34
764	35
764	36
764	38
764	39
764	40
764	43
764	46
764	47
764	56
764	79
764	80
764	81
764	82
764	83
765	33
765	34
765	35
765	36
765	38
765	39
765	40
765	43
765	46
765	47
765	56
765	79
765	80
765	81
765	82
765	83
766	33
766	34
766	35
766	36
766	38
766	39
766	40
766	43
766	46
766	47
766	56
766	79
766	80
766	81
766	82
766	83
767	33
767	34
767	35
767	36
767	38
767	39
767	40
767	43
767	46
767	47
767	56
767	79
767	80
767	81
767	82
767	83
768	33
768	34
768	35
768	36
768	38
768	39
768	40
768	43
768	46
768	47
768	56
768	79
768	80
768	81
768	82
768	83
769	33
769	34
769	35
769	36
769	38
769	39
769	40
769	43
769	46
769	47
769	56
769	59
769	79
769	80
769	81
769	82
769	83
770	33
770	59
771	33
771	34
771	35
771	36
771	38
771	39
771	40
771	43
771	46
771	47
771	56
771	79
771	80
771	81
771	82
771	83
772	33
772	34
772	35
772	36
772	38
772	39
772	40
772	43
772	46
772	47
772	56
772	59
772	79
772	80
772	81
772	82
772	83
772	93
773	33
773	34
773	38
773	39
773	40
773	43
773	46
773	47
773	56
773	59
773	79
773	80
773	81
773	82
773	83
774	33
774	59
775	33
775	34
775	35
775	36
775	38
775	39
775	40
775	43
775	46
775	47
775	56
775	79
775	80
775	81
775	82
775	83
776	33
776	34
776	35
776	36
776	38
776	39
776	40
776	43
776	46
776	47
776	56
776	59
776	79
776	80
776	81
776	82
776	83
777	33
777	34
777	35
777	36
777	38
777	39
777	40
777	43
777	46
777	47
777	56
777	79
777	80
777	81
777	82
777	83
778	33
778	34
778	35
778	36
778	38
778	39
778	40
778	43
778	46
778	47
778	56
778	79
778	80
778	81
778	82
778	83
779	33
779	34
779	35
779	36
779	38
779	39
779	40
779	43
779	46
779	47
779	56
779	59
779	79
779	80
779	81
779	82
779	83
780	38
780	39
780	40
780	43
780	46
780	47
780	56
780	79
780	80
780	81
780	83
781	33
781	34
781	38
781	39
781	43
781	46
781	56
781	79
781	80
781	81
781	82
781	83
782	33
782	34
782	35
782	36
782	38
782	39
782	40
782	43
782	46
782	47
782	56
782	79
782	80
782	81
782	82
782	83
783	2
783	23
783	31
783	33
783	34
783	35
783	36
783	37
783	38
783	39
783	40
783	42
783	43
783	44
783	45
783	46
783	47
783	48
783	49
783	50
783	52
783	53
783	54
783	55
783	56
783	57
783	79
783	80
783	81
783	82
783	83
783	97
783	98
784	31
784	33
784	34
784	35
784	36
784	37
784	38
784	39
784	40
784	42
784	43
784	45
784	47
784	48
784	49
784	50
784	79
784	80
784	81
784	82
784	83
784	97
784	98
785	31
785	33
785	34
785	35
785	38
785	43
785	47
785	79
785	80
785	81
785	82
785	83
786	31
786	33
786	34
786	35
786	36
786	38
786	40
786	42
786	43
786	47
786	50
786	56
786	79
786	80
786	81
786	82
786	83
787	31
787	33
787	34
787	35
787	37
787	38
787	39
787	40
787	42
787	43
787	47
787	49
787	50
787	55
787	79
787	80
787	81
787	82
787	83
787	97
787	98
788	33
788	34
788	35
788	36
788	37
788	38
788	40
788	43
788	46
788	47
788	50
788	52
788	56
788	57
788	80
788	81
788	82
788	97
789	2
789	31
789	33
789	34
789	35
789	36
789	38
789	39
789	42
789	43
789	45
789	47
789	48
789	49
789	50
789	79
789	80
789	81
789	82
789	83
790	2
790	31
790	33
790	34
790	35
790	36
790	38
790	39
790	42
790	43
790	45
790	47
790	48
790	49
790	50
790	79
790	80
790	81
790	82
790	83
791	31
791	33
791	34
791	35
791	38
791	39
791	43
791	47
791	55
791	79
791	80
791	81
791	82
791	83
791	93
792	31
792	33
792	34
792	35
792	36
792	38
792	39
792	43
792	47
792	48
792	79
792	80
792	81
792	82
792	83
793	31
793	33
793	34
793	35
793	38
793	43
793	47
793	59
793	79
793	80
793	81
793	82
794	31
794	33
794	34
794	35
794	36
794	37
794	38
794	39
794	40
794	43
794	45
794	47
794	49
794	50
794	52
794	79
794	80
794	81
794	82
794	83
794	97
795	31
795	33
795	34
795	35
795	37
795	38
795	39
795	43
795	50
795	53
795	59
795	79
795	80
795	81
795	82
795	83
795	97
795	98
796	2
796	31
796	33
796	34
796	35
796	36
796	37
796	38
796	39
796	42
796	43
796	45
796	47
796	48
796	49
796	50
796	57
796	79
796	80
796	81
796	82
796	83
797	2
797	31
797	33
797	34
797	35
797	36
797	37
797	38
797	39
797	42
797	43
797	45
797	47
797	48
797	49
797	50
797	53
797	79
797	80
797	81
797	82
797	83
797	97
798	31
798	33
798	34
798	35
798	36
798	38
798	42
798	43
798	47
798	48
798	50
798	79
798	80
798	81
798	82
799	2
799	31
799	33
799	34
799	35
799	36
799	38
799	39
799	43
799	45
799	47
799	48
799	50
799	79
799	80
799	81
799	82
799	83
799	93
800	31
800	33
800	34
800	35
800	38
800	39
800	43
800	47
800	79
800	80
800	81
800	82
800	83
801	8
801	31
801	34
801	39
801	42
801	43
801	45
801	49
801	83
801	89
801	91
801	95
801	97
801	98
801	102
802	2
802	8
802	31
802	34
802	39
802	42
802	43
802	45
802	49
802	83
802	88
802	89
802	90
802	94
802	95
802	97
802	98
802	102
803	2
803	8
803	31
803	34
803	39
803	42
803	43
803	45
803	49
803	83
803	88
803	89
803	91
803	94
803	95
803	97
803	98
803	102
804	2
804	31
804	34
804	39
804	42
804	43
804	45
804	49
804	83
804	97
804	98
805	2
805	31
805	34
805	39
805	42
805	43
805	45
805	83
805	97
805	98
806	2
806	31
806	39
806	42
806	43
806	45
806	49
806	83
806	97
806	98
807	8
807	31
807	34
807	39
807	42
807	43
807	45
807	83
807	88
807	89
807	90
807	91
807	94
807	95
807	97
807	98
807	102
808	8
808	31
808	34
808	39
808	42
808	43
808	45
808	83
808	89
808	90
808	91
808	94
808	95
808	98
808	102
809	31
809	34
809	39
809	42
809	43
809	45
809	49
809	83
809	97
810	8
810	31
810	34
810	39
810	42
810	43
810	45
810	83
810	88
810	89
810	91
810	95
810	97
810	98
811	2
811	8
811	31
811	34
811	39
811	42
811	43
811	45
811	49
811	83
811	89
811	91
811	94
811	95
811	97
812	2
812	8
812	31
812	34
812	39
812	42
812	43
812	45
812	49
812	83
812	89
812	91
812	94
812	95
812	97
813	2
813	31
813	34
813	39
813	42
813	43
813	45
813	83
813	91
813	94
813	95
813	97
813	98
813	102
814	2
814	31
814	34
814	39
814	42
814	43
814	45
814	49
814	83
814	97
814	98
815	31
815	34
815	39
815	42
815	43
815	45
815	83
815	97
816	2
816	31
816	34
816	39
816	42
816	43
816	45
816	97
817	34
817	97
817	98
818	31
818	34
818	42
818	97
818	98
819	31
819	34
819	39
819	42
819	45
819	83
819	98
820	35
820	42
820	80
821	35
821	80
822	33
822	34
822	35
822	43
822	45
822	54
822	59
822	80
822	81
822	82
822	83
823	33
823	34
823	35
823	49
823	54
823	59
823	79
823	80
823	82
823	83
824	2
824	31
824	33
824	34
824	35
824	42
824	45
824	48
824	49
824	54
824	79
824	80
824	81
824	82
824	83
825	35
825	80
825	82
826	33
826	34
826	35
826	42
826	43
826	45
826	54
826	80
826	81
826	82
826	83
827	35
827	54
827	80
827	82
828	33
828	34
828	35
828	43
828	45
828	49
828	54
828	80
828	83
829	35
829	80
830	35
830	80
831	2
831	31
831	33
831	34
831	35
831	42
831	45
831	49
831	54
831	79
831	80
831	81
831	82
831	83
832	34
832	35
832	42
832	43
832	54
832	80
832	82
832	83
833	34
833	35
833	42
833	54
833	59
833	80
833	81
833	82
833	83
834	2
834	31
834	33
834	34
834	35
834	39
834	42
834	43
834	45
834	48
834	49
834	54
834	59
834	79
834	80
834	81
834	82
834	83
835	34
835	35
835	42
835	54
835	80
835	82
835	83
836	34
836	35
836	42
836	54
836	80
836	82
836	83
837	33
837	34
837	35
837	42
837	45
837	54
837	59
837	80
837	82
838	31
838	34
838	35
838	39
838	42
838	43
838	48
838	49
838	54
838	80
838	82
838	83
839	34
839	35
839	42
839	54
839	80
839	82
839	83
840	31
840	34
840	35
840	39
840	42
840	43
840	54
840	80
840	82
840	83
841	34
841	35
841	42
841	54
841	80
841	82
841	83
842	31
842	34
842	35
842	39
842	42
842	43
842	54
842	59
842	80
842	82
842	83
843	2
843	31
843	33
843	34
843	35
843	39
843	42
843	43
843	45
843	48
843	49
843	54
843	79
843	80
843	81
843	82
843	83
844	31
844	34
844	35
844	39
844	42
844	43
844	54
844	80
844	82
844	83
845	34
845	35
845	42
845	43
845	54
845	80
845	82
845	83
846	35
846	80
847	35
847	80
848	33
848	34
848	35
848	49
848	59
848	80
848	81
848	82
848	83
849	31
849	34
849	35
849	39
849	42
849	43
849	54
849	59
849	79
849	80
849	82
849	83
850	35
850	54
850	80
851	31
851	33
851	34
851	35
851	39
851	42
851	43
851	54
851	59
851	80
851	81
851	82
851	83
852	35
852	80
853	35
853	80
854	33
854	34
854	35
854	59
854	80
854	81
854	82
854	83
855	35
855	54
855	80
855	82
856	38
856	56
856	64
856	80
856	82
856	98
856	99
856	100
857	38
857	46
857	56
857	64
857	80
857	82
857	93
857	98
857	99
857	100
858	38
858	56
858	64
858	80
858	82
858	99
858	100
859	38
859	46
859	56
859	80
859	82
859	98
859	99
859	100
860	38
860	46
860	56
860	59
860	80
860	82
860	98
860	99
861	38
861	46
861	56
861	59
861	80
861	82
861	98
861	99
862	38
862	46
862	56
862	64
862	80
862	82
862	98
862	99
862	100
863	38
863	46
863	56
863	80
863	82
863	98
863	99
864	38
864	56
864	64
864	80
864	82
864	98
864	99
864	100
865	38
865	46
865	56
865	80
865	82
865	98
865	99
866	46
866	56
866	64
866	80
866	82
866	98
866	99
866	100
867	38
867	46
867	56
867	80
867	82
867	99
868	46
868	56
868	64
868	80
868	98
868	99
868	100
869	38
869	46
869	56
869	80
869	82
869	98
869	99
870	46
870	56
870	80
870	82
870	98
870	99
871	64
871	80
871	82
871	98
871	99
871	100
872	46
872	56
872	64
872	80
872	82
872	98
872	99
872	100
873	38
873	46
873	56
873	59
873	64
873	80
873	82
873	98
873	99
873	100
874	46
874	56
874	64
874	80
874	98
874	99
874	100
875	46
875	56
875	64
875	80
875	82
875	98
875	99
875	100
876	46
876	56
876	59
876	64
876	80
876	82
876	98
876	99
876	100
877	38
877	56
877	80
877	82
877	98
877	99
878	46
878	56
878	64
878	80
878	82
878	98
878	99
878	100
879	38
879	46
879	56
879	64
879	80
879	82
879	98
879	99
879	100
880	46
880	56
880	64
880	80
880	82
880	98
880	99
880	100
881	46
881	56
881	64
881	80
881	82
881	98
881	99
881	100
882	35
882	80
883	35
883	42
883	54
883	59
883	80
883	81
883	82
884	2
884	31
884	33
884	34
884	35
884	42
884	43
884	45
884	49
884	54
884	80
884	81
884	82
885	31
885	33
885	34
885	35
885	39
885	42
885	43
885	48
885	54
885	79
885	80
885	81
885	82
885	83
886	2
886	31
886	33
886	34
886	35
886	42
886	45
886	48
886	49
886	54
886	79
886	80
886	81
886	83
887	33
887	34
887	35
887	39
887	42
887	43
887	45
887	49
887	54
887	80
887	82
887	83
888	31
888	34
888	35
888	45
888	80
888	81
888	82
889	35
889	80
890	34
890	35
890	39
890	42
890	43
890	49
890	54
890	80
890	82
890	83
891	35
891	54
891	59
891	80
891	81
891	82
892	31
892	33
892	35
892	80
892	81
893	35
893	80
894	35
894	80
895	31
895	33
895	34
895	35
895	42
895	45
895	54
895	59
895	79
895	80
895	81
895	82
896	33
896	34
896	35
896	36
896	38
896	39
896	40
896	43
896	46
896	47
896	56
896	79
896	80
896	81
896	82
896	83
897	33
897	34
897	35
897	36
897	38
897	40
897	46
897	47
897	56
897	80
897	82
898	2
898	31
898	45
898	49
899	2
899	31
899	45
899	49
900	2
900	31
900	45
900	49
901	2
901	31
901	45
901	49
902	31
902	45
902	49
903	31
903	45
903	49
904	31
905	31
905	49
906	2
906	31
906	45
906	49
907	2
907	31
907	45
907	49
908	2
908	31
908	45
908	49
909	31
909	49
910	31
910	45
910	49
911	31
912	2
912	31
912	45
912	49
913	38
913	46
913	56
913	80
913	82
913	98
913	99
914	31
915	31
916	18
916	37
916	38
916	43
916	80
916	81
916	82
916	83
917	1
917	3
917	6
917	7
917	9
917	10
917	11
917	12
917	23
917	27
917	31
917	33
917	38
917	39
917	44
917	45
917	46
917	49
917	54
917	56
917	57
917	79
917	80
917	81
917	82
917	83
917	93
917	120
918	31
918	33
918	34
918	35
918	36
918	38
918	39
918	42
918	43
918	45
918	46
918	47
918	48
918	49
918	50
918	53
918	54
918	55
918	56
918	57
918	79
918	80
918	81
918	82
918	83
918	97
918	98
918	99
918	120
919	2
919	6
919	7
919	8
919	9
919	10
919	11
919	12
919	18
919	21
919	22
919	23
919	30
919	31
919	33
919	34
919	35
919	36
919	37
919	38
919	39
919	40
919	42
919	43
919	45
919	46
919	47
919	48
919	49
919	52
919	54
919	55
919	56
919	57
919	68
919	79
919	80
919	81
919	82
919	83
919	97
919	98
920	34
920	35
920	42
920	54
920	80
920	82
920	83
921	31
921	33
921	34
921	35
921	45
921	54
921	80
921	81
921	82
922	31
922	34
922	35
922	42
922	54
922	80
922	82
923	33
923	34
923	35
923	42
923	49
923	54
923	59
923	80
923	81
923	82
923	83
924	26
924	30
924	90
925	1
925	2
925	6
925	7
925	9
925	10
925	11
925	12
925	16
925	17
925	21
925	25
925	26
925	27
925	31
925	32
925	33
925	34
925	35
925	36
925	37
925	38
925	39
925	42
925	43
925	45
925	46
925	47
925	48
925	49
925	53
925	54
925	56
925	57
925	59
925	67
925	79
925	80
925	81
925	82
925	83
925	87
925	93
925	97
925	98
926	2
926	3
926	6
926	7
926	9
926	10
926	11
926	12
926	15
926	16
926	17
926	18
926	19
926	21
926	22
926	23
926	28
926	30
926	31
926	33
926	34
926	35
926	36
926	37
926	38
926	39
926	40
926	42
926	43
926	44
926	45
926	46
926	47
926	48
926	49
926	50
926	51
926	52
926	53
926	54
926	55
926	56
926	57
926	64
926	67
926	68
926	80
926	81
926	82
926	83
926	84
926	94
926	97
926	98
926	99
926	100
926	103
927	2
927	31
927	45
927	49
928	7
928	13
928	14
928	15
928	50
928	99
929	7
929	15
929	41
929	50
929	99
930	7
930	13
930	14
930	15
930	41
930	99
931	7
931	15
931	50
931	99
932	4
932	33
932	34
932	37
932	47
932	49
932	57
932	60
932	99
932	100
932	107
932	120
932	122
933	7
933	15
933	41
933	99
934	7
934	15
934	41
934	50
934	99
935	7
935	15
935	41
935	99
936	7
936	15
936	19
936	41
936	50
936	99
937	7
937	13
937	14
937	15
937	41
937	50
937	99
938	7
938	15
938	41
938	50
938	99
939	7
939	15
939	41
939	50
939	99
940	7
940	15
940	19
940	99
941	7
941	15
941	41
941	50
941	99
942	7
942	15
942	19
942	41
942	50
942	99
943	7
943	15
943	50
943	99
944	7
944	13
944	14
944	15
944	41
944	50
944	99
945	4
945	33
945	34
945	37
945	47
945	49
945	57
945	60
945	99
945	107
945	120
945	122
946	18
946	19
946	33
946	34
946	99
947	31
947	33
947	34
947	35
947	38
947	39
947	43
947	47
947	79
947	80
947	81
947	82
947	83
948	33
948	34
948	35
948	38
948	43
948	47
948	80
948	82
948	83
949	33
949	34
949	99
950	34
950	99
951	33
951	34
951	99
952	31
952	33
952	42
952	50
952	52
952	53
952	54
952	80
952	82
952	83
952	99
953	54
953	80
953	82
954	31
954	33
954	42
954	50
954	52
954	53
954	80
954	82
954	83
954	99
955	31
955	33
955	42
955	50
955	52
955	53
955	54
955	80
955	82
955	83
955	99
956	33
956	34
956	99
957	33
957	34
957	99
958	33
958	34
958	99
959	33
959	34
959	99
960	31
960	45
960	49
961	2
961	31
961	45
961	49
962	31
963	33
963	34
963	99
964	33
964	34
964	99
965	33
965	34
965	99
966	33
966	34
966	99
967	33
967	34
967	99
968	33
968	34
968	99
969	33
969	34
969	99
970	64
970	99
970	100
971	64
971	99
971	100
972	64
972	99
972	100
973	99
973	100
974	99
975	99
975	100
976	64
976	99
976	100
977	64
977	99
977	100
978	35
978	80
979	31
979	33
979	35
979	42
979	43
979	45
979	49
979	80
979	81
980	33
980	34
981	33
981	34
981	99
982	46
982	56
982	80
982	82
982	99
983	80
983	82
984	54
984	80
984	82
984	83
985	6
985	8
985	9
985	10
985	12
985	13
985	16
985	17
985	19
985	26
985	33
985	38
985	42
985	43
985	47
985	53
985	56
985	59
985	60
985	80
985	82
985	83
985	85
985	89
985	95
985	97
985	99
986	6
986	8
986	9
986	10
986	11
986	12
986	13
986	14
986	17
986	20
986	27
986	31
986	33
986	37
986	38
986	39
986	43
986	47
986	53
986	54
986	56
986	59
986	60
986	61
986	80
986	82
986	83
986	84
986	85
986	86
986	89
986	90
986	91
986	93
986	95
986	97
986	98
986	99
987	6
987	8
987	9
987	10
987	11
987	12
987	13
987	14
987	16
987	17
987	19
987	26
987	27
987	33
987	37
987	38
987	39
987	42
987	43
987	46
987	47
987	53
987	54
987	56
987	59
987	60
987	80
987	82
987	83
987	85
987	89
987	90
987	91
987	92
987	93
987	94
987	95
987	97
987	99
987	102
988	6
988	8
988	9
988	10
988	11
988	12
988	16
988	27
988	39
988	43
988	47
988	53
988	54
988	59
988	60
988	61
988	80
988	82
988	83
988	85
988	86
988	97
988	98
988	99
989	6
989	8
989	9
989	10
989	11
989	12
989	13
989	14
989	16
989	19
989	26
989	27
989	31
989	33
989	37
989	39
989	42
989	43
989	47
989	53
989	54
989	56
989	59
989	60
989	80
989	82
989	83
989	84
989	85
989	88
989	91
989	94
989	95
989	98
989	99
989	102
990	6
990	8
990	9
990	10
990	11
990	12
990	13
990	14
990	16
990	17
990	19
990	20
990	26
990	27
990	31
990	33
990	37
990	38
990	39
990	42
990	43
990	47
990	53
990	54
990	56
990	59
990	60
990	61
990	80
990	82
990	83
990	84
990	85
990	86
990	88
990	89
990	92
990	93
990	94
990	95
990	97
990	98
990	99
990	102
991	6
991	8
991	9
991	10
991	11
991	12
991	13
991	14
991	16
991	20
991	26
991	27
991	31
991	33
991	37
991	38
991	39
991	42
991	43
991	46
991	47
991	53
991	54
991	56
991	59
991	60
991	61
991	80
991	82
991	83
991	84
991	85
991	86
991	88
991	89
991	90
991	91
991	92
991	93
991	95
991	97
991	98
991	99
992	6
992	8
992	9
992	10
992	12
992	13
992	14
992	16
992	17
992	19
992	26
992	27
992	31
992	33
992	37
992	38
992	39
992	42
992	43
992	46
992	47
992	53
992	54
992	56
992	60
992	61
992	80
992	82
992	83
992	84
992	85
992	86
992	89
992	91
992	92
992	93
992	97
992	98
992	99
993	6
993	8
993	9
993	10
993	11
993	12
993	13
993	14
993	16
993	17
993	19
993	20
993	26
993	27
993	31
993	33
993	37
993	38
993	39
993	42
993	43
993	46
993	47
993	53
993	54
993	56
993	59
993	60
993	61
993	80
993	82
993	83
993	84
993	85
993	86
993	88
993	89
993	90
993	91
993	92
993	93
993	94
993	95
993	98
993	99
993	102
994	6
994	9
994	12
994	13
994	33
994	37
994	38
994	39
994	43
994	46
994	47
994	56
994	60
994	61
994	80
994	82
994	83
994	97
994	98
994	99
995	6
995	8
995	9
995	10
995	11
995	12
995	13
995	26
995	27
995	33
995	37
995	39
995	43
995	46
995	47
995	53
995	56
995	59
995	60
995	61
995	80
995	82
995	83
995	89
995	90
995	92
995	95
995	98
995	99
996	2
996	31
996	45
996	49
997	35
997	36
997	39
997	40
997	43
997	47
997	79
997	81
997	83
998	45
998	49
999	80
1000	31
1000	45
1000	49
1001	31
1001	33
1001	34
1001	35
1001	39
1001	42
1001	43
1001	45
1001	49
1001	54
1001	79
1001	80
1001	81
1001	82
1001	83
1002	31
1002	33
1002	35
1002	42
1002	49
1002	54
1002	80
1002	82
1003	34
1003	35
1003	42
1003	54
1003	80
1003	81
1003	82
1003	83
1004	35
1004	54
1004	80
1005	2
1005	31
1005	33
1005	34
1005	35
1005	42
1005	45
1005	49
1005	54
1005	80
1005	82
1005	83
1006	33
1006	35
1006	42
1006	45
1006	54
1006	80
1006	81
1006	82
1006	83
1007	35
1007	80
1008	35
1008	80
1009	35
1009	59
1009	80
1009	82
1010	31
1010	33
1010	35
1010	42
1010	54
1010	59
1010	80
1010	81
1010	82
1011	34
1011	35
1011	42
1011	54
1011	80
1011	82
1011	83
1012	35
1012	80
1013	35
1013	42
1013	54
1013	80
1013	82
1014	35
1014	80
1015	31
1016	31
1016	39
1016	48
1017	31
1017	48
1018	31
1018	39
1018	48
1019	31
1019	39
1019	48
1020	31
1020	33
1020	35
1020	36
1020	38
1020	42
1020	47
1020	50
1020	79
1020	80
1020	81
1020	82
1021	33
1021	34
1021	35
1021	38
1021	42
1021	47
1021	50
1021	79
1021	80
1021	81
1021	82
1021	83
1022	33
1022	34
1022	35
1022	36
1022	38
1022	43
1022	47
1022	50
1022	80
1022	81
1022	82
1022	83
1023	64
1023	99
1023	100
1024	58
1024	64
1024	99
1024	100
1025	58
1025	64
1025	99
1025	100
1026	58
1026	99
1027	58
1027	64
1027	99
1027	100
1028	58
1028	99
1028	100
1029	58
1029	64
1029	99
1029	100
1030	58
1030	64
1030	99
1030	100
1031	57
1031	80
1031	82
1031	99
1032	6
1032	8
1032	9
1032	10
1032	11
1032	12
1032	13
1032	14
1032	16
1032	17
1032	19
1032	26
1032	27
1032	31
1032	33
1032	37
1032	38
1032	39
1032	42
1032	43
1032	46
1032	47
1032	53
1032	54
1032	56
1032	59
1032	60
1032	61
1032	80
1032	82
1032	83
1032	84
1032	85
1032	86
1032	93
1032	98
1032	99
1032	102
1033	6
1033	8
1033	9
1033	10
1033	11
1033	12
1033	13
1033	14
1033	16
1033	17
1033	26
1033	27
1033	31
1033	33
1033	37
1033	39
1033	42
1033	43
1033	46
1033	47
1033	53
1033	54
1033	56
1033	59
1033	60
1033	80
1033	82
1033	83
1033	85
1033	86
1033	90
1033	91
1033	92
1033	93
1033	94
1033	95
1033	97
1033	98
1033	99
1034	6
1034	8
1034	9
1034	10
1034	11
1034	12
1034	13
1034	16
1034	17
1034	19
1034	26
1034	27
1034	31
1034	33
1034	37
1034	39
1034	42
1034	43
1034	46
1034	47
1034	53
1034	54
1034	56
1034	59
1034	60
1034	80
1034	82
1034	83
1034	84
1034	86
1034	93
1034	95
1034	97
1034	98
1034	99
1035	6
1035	12
1035	13
1035	37
1035	39
1035	43
1035	46
1035	53
1035	56
1035	60
1035	80
1035	82
1035	83
1035	94
1035	97
1035	98
1035	99
1036	6
1036	9
1036	10
1036	11
1036	12
1036	13
1036	14
1036	16
1036	18
1036	26
1036	27
1036	31
1036	33
1036	37
1036	38
1036	39
1036	43
1036	46
1036	47
1036	53
1036	54
1036	56
1036	60
1036	80
1036	82
1036	83
1036	84
1036	85
1036	86
1036	94
1036	95
1036	97
1036	98
1036	99
1037	31
1037	80
1037	82
1038	31
1038	82
1039	99
1039	100
1040	58
1040	64
1040	99
1040	100
1041	58
1041	64
1041	99
1041	100
1042	58
1042	64
1042	99
1042	100
1043	35
1043	80
1044	2
1044	5
1044	8
1044	10
1044	25
1044	32
1044	45
1044	49
1045	2
1045	31
1045	33
1045	34
1045	35
1045	39
1045	42
1045	43
1045	45
1045	48
1045	49
1045	54
1045	59
1045	79
1045	80
1045	81
1045	82
1045	83
1046	2
1046	5
1046	25
1046	32
1046	49
1046	67
1047	2
1047	5
1047	8
1047	12
1047	25
1047	32
1047	45
1047	49
1047	67
1048	2
1048	5
1048	8
1048	10
1048	25
1048	32
1048	45
1048	49
1049	31
1049	33
1049	50
1049	52
1049	53
1049	80
1049	99
1050	31
1050	42
1050	80
1051	31
1051	83
1052	2
1052	8
1052	10
1052	12
1052	25
1052	32
1052	45
1052	49
1053	2
1053	5
1053	8
1053	9
1053	25
1053	32
1053	45
1053	49
1053	67
1054	31
1054	45
1054	49
1055	2
1055	18
1055	22
1055	30
1055	45
1055	46
1055	49
1055	50
1055	52
1055	56
1056	45
1056	49
1056	50
1057	22
1057	50
1058	2
1058	18
1058	30
1058	45
1058	49
1058	50
1058	51
1058	52
1058	56
1058	84
1058	85
1058	86
1059	2
1059	18
1059	30
1059	45
1059	49
1059	50
1059	51
1059	52
1059	56
1059	85
1059	86
1060	22
1060	50
1060	52
1061	2
1061	45
1061	49
1061	50
1062	2
1062	45
1062	46
1062	49
1062	50
1062	52
1062	56
1062	85
1062	94
1063	45
1063	50
1063	51
1064	22
1064	45
1064	46
1064	50
1064	56
1064	85
1065	50
1066	2
1066	45
1066	49
1066	50
1066	52
1067	18
1067	20
1067	30
1067	45
1067	49
1067	50
1067	51
1067	52
1067	84
1068	2
1068	30
1068	45
1068	49
1068	50
1068	52
1069	18
1069	20
1069	30
1069	34
1069	50
1070	31
1070	33
1070	38
1070	45
1070	46
1070	50
1070	52
1070	56
1070	81
1070	83
1071	33
1071	50
1072	2
1072	18
1072	19
1072	30
1072	45
1072	49
1072	50
1072	51
1072	52
1072	82
1072	86
1073	30
1073	34
1073	50
1073	53
1073	59
1073	80
1074	50
1075	19
1075	45
1075	49
1075	50
1075	82
1076	2
1076	31
1076	45
1076	49
1076	50
1076	52
1076	53
1076	80
1076	82
1077	50
1078	50
1079	2
1079	18
1079	30
1079	45
1079	49
1079	50
1079	51
1079	52
1079	86
1080	45
1080	50
1080	52
1081	50
1082	2
1082	18
1082	30
1082	45
1082	49
1082	50
1082	51
1082	52
1082	86
1083	50
1083	52
1084	2
1084	45
1084	49
1084	50
1084	51
1084	52
1084	84
1085	30
1085	50
1086	30
1086	50
1086	51
1086	85
1087	50
1087	51
1087	52
1088	19
1088	83
1088	84
1088	85
1088	86
1089	19
1089	20
1089	83
1089	84
1089	85
1089	86
1090	19
1090	20
1090	83
1090	84
1090	85
1090	86
1091	19
1091	83
1091	84
1091	86
1092	50
1092	52
1093	19
1093	83
1093	84
1093	85
1093	86
1094	19
1094	83
1094	84
1094	85
1094	86
1095	19
1095	83
1095	84
1095	85
1095	86
1096	64
1096	99
1096	100
1097	35
1097	80
1098	34
1098	35
1098	42
1098	54
1098	80
1098	82
1099	30
1099	31
1099	45
1099	50
1099	51
1099	52
1100	19
1100	83
1100	84
1100	85
1100	86
1101	4
1101	33
1101	34
1101	99
1101	122
1102	7
1102	10
1102	21
1102	82
1102	108
1102	113
1102	116
1102	123
1103	2
1103	31
1103	45
1103	49
1104	2
1104	31
1104	45
1104	49
1105	2
1105	31
1105	45
1105	49
1106	31
1106	45
1106	49
1107	31
1108	7
1108	9
1108	10
1108	12
1108	15
1109	31
1109	33
1109	34
1109	35
1109	43
1109	45
1109	50
1109	57
1109	64
1109	79
1109	80
1109	82
1109	83
1109	99
1109	100
1110	7
1110	9
1110	10
1110	12
1110	15
1111	31
1111	33
1111	34
1111	35
1111	43
1111	45
1111	50
1111	57
1111	64
1111	79
1111	80
1111	82
1111	83
1111	99
1112	31
1113	31
1113	33
1113	35
1113	37
1113	43
1113	50
1113	57
1113	80
1113	82
1113	83
1113	99
1114	31
1114	33
1114	34
1114	35
1114	37
1114	43
1114	45
1114	50
1114	57
1114	64
1114	79
1114	80
1114	82
1114	83
1114	99
1115	31
1115	33
1115	34
1115	35
1115	37
1115	45
1115	50
1115	57
1115	79
1115	80
1115	82
1115	83
1115	99
1116	31
1116	33
1116	34
1116	37
1116	43
1116	45
1116	50
1116	57
1116	80
1116	82
1116	83
1116	99
1117	31
1117	33
1117	37
1117	43
1117	57
1117	64
1117	79
1117	80
1117	82
1117	83
1117	99
1118	31
1118	33
1118	43
1118	57
1118	80
1118	82
1118	83
1119	31
1119	33
1119	43
1119	57
1119	80
1119	82
1120	43
1120	80
1120	82
1120	83
1121	31
1121	33
1121	34
1121	35
1121	37
1121	43
1121	45
1121	50
1121	57
1121	64
1121	79
1121	80
1121	82
1121	99
1122	31
1122	33
1122	43
1122	45
1122	57
1122	80
1122	82
1122	83
1123	31
1123	33
1123	43
1123	59
1123	80
1123	82
1123	83
1124	31
1124	33
1124	43
1124	57
1124	80
1124	82
1124	83
1125	43
1125	57
1125	80
1125	82
1125	83
1126	31
1126	33
1126	37
1126	57
1126	80
1126	82
1126	83
1126	99
1127	31
1127	33
1127	45
1127	57
1127	80
1127	82
1127	83
1128	31
1128	33
1128	34
1128	35
1128	43
1128	45
1128	50
1128	57
1128	64
1128	79
1128	80
1128	82
1128	83
1128	99
1128	100
1129	31
1129	33
1129	43
1129	57
1129	80
1129	82
1129	83
1130	31
1130	33
1130	34
1130	35
1130	37
1130	43
1130	45
1130	50
1130	59
1130	80
1130	82
1130	83
1130	99
1130	100
1131	33
1131	43
1131	57
1131	80
1131	82
1131	83
1132	31
1132	33
1132	34
1132	35
1132	37
1132	43
1132	45
1132	50
1132	57
1132	79
1132	80
1132	82
1132	83
1132	99
1133	31
1133	33
1133	34
1133	35
1133	37
1133	43
1133	45
1133	50
1133	57
1133	59
1133	64
1133	79
1133	80
1133	82
1133	83
1133	99
1133	100
1134	31
1134	37
1134	43
1134	45
1134	50
1134	57
1134	79
1134	80
1134	82
1134	83
1135	33
1135	43
1135	57
1135	80
1135	82
1135	83
1136	31
1136	33
1136	34
1136	35
1136	37
1136	43
1136	45
1136	50
1136	57
1136	80
1136	82
1136	83
1136	99
1137	31
1137	33
1137	43
1137	50
1137	57
1137	80
1137	82
1137	83
1137	93
1138	2
1138	45
1138	49
1139	31
1140	4
1140	16
1140	17
1140	35
1140	36
1140	47
1140	49
1140	53
1140	68
1140	122
1141	31
1142	31
1143	31
1143	49
1144	38
1144	46
1144	56
1144	80
1144	82
1144	99
1145	80
1145	82
1145	99
1146	80
1146	82
1146	99
1147	80
1147	82
1147	99
1148	80
1148	82
1148	99
1149	80
1149	82
1149	99
1150	80
1150	82
1150	99
1151	80
1151	82
1151	99
1152	80
1152	82
1152	99
1153	6
1153	7
1153	9
1153	11
1153	12
1153	15
1153	18
1153	19
1153	20
1153	33
1153	38
1153	41
1153	45
1153	46
1153	48
1153	50
1153	56
1153	84
1153	85
1153	99
1154	6
1154	7
1154	9
1154	11
1154	12
1154	15
1154	18
1154	19
1154	33
1154	34
1154	41
1154	45
1154	50
1154	99
1155	6
1155	7
1155	9
1155	11
1155	12
1155	15
1155	33
1155	34
1155	41
1155	48
1155	50
1155	84
1155	85
1155	99
1156	6
1156	7
1156	9
1156	11
1156	12
1156	15
1156	18
1156	19
1156	20
1156	41
1156	50
1156	84
1156	85
1156	86
1156	99
1157	6
1157	7
1157	9
1157	11
1157	12
1157	15
1157	31
1157	34
1157	41
1157	45
1157	79
1157	80
1157	83
1157	84
1157	85
1157	99
1158	7
1158	15
1158	31
1158	33
1158	34
1158	38
1158	41
1158	45
1158	46
1158	50
1158	56
1158	80
1158	84
1158	85
1158	86
1158	98
1158	99
1159	99
1160	6
1160	7
1160	9
1160	15
1160	19
1160	20
1160	31
1160	33
1160	38
1160	41
1160	45
1160	46
1160	50
1160	56
1160	84
1160	85
1160	99
1161	6
1161	9
1161	18
1161	33
1161	34
1161	38
1161	45
1161	46
1161	56
1161	80
1161	83
1161	84
1161	85
1161	86
1161	97
1161	98
1161	99
1162	6
1162	7
1162	9
1162	12
1162	15
1162	19
1162	20
1162	31
1162	33
1162	38
1162	41
1162	45
1162	46
1162	50
1162	56
1162	84
1162	85
1162	86
1162	98
1162	99
1163	6
1163	7
1163	9
1163	12
1163	15
1163	18
1163	19
1163	33
1163	38
1163	41
1163	45
1163	46
1163	50
1163	56
1163	99
1164	6
1164	7
1164	9
1164	11
1164	12
1164	15
1164	18
1164	19
1164	20
1164	31
1164	33
1164	34
1164	41
1164	45
1164	50
1164	79
1164	80
1164	83
1164	97
1164	99
1165	99
1166	6
1166	7
1166	9
1166	11
1166	12
1166	15
1166	18
1166	19
1166	20
1166	33
1166	34
1166	41
1166	45
1166	50
1166	84
1166	86
1166	99
1167	99
1168	33
1168	34
1168	35
1168	45
1168	49
1168	54
1168	59
1168	79
1168	80
1168	81
1168	82
1169	35
1169	80
1170	38
1170	46
1170	56
1170	80
1170	82
1170	99
1171	31
1171	49
1172	31
1173	2
1173	8
1173	9
1173	10
1173	12
1173	25
1173	32
1173	45
1173	49
1174	80
1174	82
1174	99
1175	31
1175	38
1175	39
1175	43
1175	47
1175	79
1175	80
1175	81
1175	82
1175	83
1176	33
1176	34
1176	35
1176	37
1176	43
1176	50
1176	64
1176	79
1176	82
1176	99
1176	100
1177	43
1177	57
1177	80
1177	82
1177	83
1177	99
1178	31
1178	33
1178	43
1178	57
1178	80
1178	82
1178	83
1179	31
1179	43
1179	57
1179	80
1179	82
1179	83
1180	31
1180	33
1180	43
1180	57
1180	80
1180	82
1180	83
1181	33
1181	59
1182	31
1182	43
1182	45
1182	57
1182	80
1182	82
1182	83
1183	43
1183	57
1183	80
1183	82
1183	83
1184	31
1184	33
1184	35
1184	43
1184	50
1184	57
1184	79
1184	80
1184	82
1184	83
1185	6
1185	7
1185	9
1185	15
1185	18
1185	19
1185	20
1185	31
1185	38
1185	41
1185	46
1185	50
1185	56
1185	86
1185	97
1185	99
1185	120
1186	6
1186	7
1186	9
1186	11
1186	12
1186	15
1186	18
1186	19
1186	20
1186	31
1186	34
1186	38
1186	41
1186	45
1186	46
1186	50
1186	56
1186	97
1186	99
1186	120
1187	33
1187	59
1188	21
1188	57
1188	97
1188	98
1188	99
1189	99
1190	21
1190	57
1190	64
1190	97
1190	98
1190	99
1190	100
1191	21
1191	57
1191	64
1191	97
1191	99
1191	100
1192	21
1192	99
1193	21
1193	57
1193	97
1193	98
1193	99
1193	100
1194	31
1194	45
1195	99
1196	97
1196	99
1197	31
1197	99
1197	100
1198	99
1199	46
1199	56
1199	99
1200	99
1201	99
1202	99
1203	99
1204	60
1204	99
1204	100
1205	99
1206	99
1207	99
1208	7
1208	13
1208	14
1208	15
1208	46
1208	49
1208	59
1209	13
1209	14
1209	15
1209	46
1209	49
1209	59
1210	7
1210	13
1210	14
1210	15
1210	46
1210	49
1210	59
1210	104
1210	105
1211	7
1211	13
1211	14
1211	15
1211	46
1211	49
1211	59
1211	104
1211	105
1212	7
1212	13
1212	14
1212	15
1212	46
1212	59
1213	31
1213	38
1213	46
1213	56
1213	60
1213	83
1213	99
1213	105
1214	31
1214	46
1214	56
1214	60
1214	83
1214	99
1214	105
1215	60
1215	99
1215	105
1216	38
1216	56
1216	60
1216	83
1216	99
1216	105
1217	60
1217	99
1217	105
1218	60
1218	99
1219	60
1219	99
1220	50
1221	45
1221	49
1221	50
1221	52
1221	53
1221	54
1221	81
1221	83
1222	45
1222	50
1223	50
1224	45
1224	50
1225	45
1225	49
1225	50
1226	30
1226	31
1226	33
1226	38
1226	45
1226	48
1226	49
1226	50
1226	51
1226	52
1226	53
1226	54
1226	57
1226	81
1226	83
1226	84
1226	85
1227	2
1227	18
1227	30
1227	34
1227	38
1227	45
1227	49
1227	50
1227	51
1227	52
1227	53
1227	57
1227	80
1227	82
1227	83
1227	84
1227	86
1228	2
1228	45
1228	49
1228	50
1228	52
1228	53
1229	50
1230	2
1230	30
1230	31
1230	45
1230	49
1230	50
1230	53
1230	57
1230	59
1230	82
1231	50
1232	50
1233	50
1233	52
1234	50
1234	52
1235	50
1236	50
1236	52
1237	50
1237	52
1238	50
1238	52
1239	50
1240	50
1240	52
1241	50
1241	52
1242	50
1243	46
1243	49
1243	59
1244	46
1244	49
1244	59
1245	46
1245	49
1245	59
1246	46
1246	49
1246	59
1247	46
1247	49
1247	59
1247	104
1247	105
1248	2
1248	18
1248	30
1248	45
1248	49
1248	50
1248	52
1249	50
1250	50
1251	22
1251	50
1251	52
1252	22
1252	50
1252	52
1253	2
1253	22
1253	45
1253	49
1253	50
1253	52
1254	50
1255	33
1255	50
1255	52
1255	53
1255	83
1255	99
1256	31
1256	42
1256	83
1257	64
1257	100
1258	4
1258	16
1258	17
1258	35
1258	36
1258	47
1258	49
1258	53
1258	122
1259	4
1259	16
1259	17
1259	35
1259	36
1259	47
1259	49
1259	53
1259	68
1259	122
1260	4
1260	35
1260	36
1260	47
1260	49
1260	53
1260	122
1261	4
1261	35
1261	36
1261	47
1261	49
1261	53
1261	122
1262	60
1263	60
1264	99
1265	99
1266	99
1267	99
1268	60
1268	99
1269	99
1270	99
1271	99
1272	99
1273	23
1273	31
1273	33
1273	38
1273	44
1273	45
1273	46
1273	52
1273	56
1273	81
1273	83
1273	96
1274	33
1274	34
1274	35
1274	57
1274	97
1274	98
1275	2
1275	31
1275	45
1275	49
1276	49
1276	52
1277	64
1277	99
1277	100
1278	99
1278	100
1279	31
1279	33
1279	42
1280	7
1280	15
1280	19
1280	31
1280	33
1280	34
1280	38
1280	41
1280	45
1280	46
1280	50
1280	56
1280	98
1280	99
1281	6
1281	7
1281	9
1281	12
1281	15
1281	19
1281	33
1281	34
1281	41
1281	50
1281	86
1281	99
1282	64
1282	100
1283	64
1283	100
1284	64
1284	100
1285	42
1285	43
1285	81
1285	83
1286	21
1286	57
1286	97
1286	98
1286	99
1287	1
1287	6
1287	7
1287	8
1287	10
1287	11
1287	12
1287	13
1287	14
1287	30
1287	31
1287	37
1287	45
1287	47
1287	48
1287	49
1287	51
1287	53
1287	61
1287	66
1287	93
1287	98
1287	107
1288	2
1288	25
1288	27
1288	32
1288	37
1288	47
1288	50
1288	98
1289	47
1289	98
1290	1
1290	9
1290	10
1290	12
1290	38
1290	46
1290	56
1290	82
1290	98
1291	1
1291	2
1291	10
1291	25
1291	27
1291	32
1291	37
1291	46
1291	50
1291	56
1291	82
1291	98
1292	1
1292	6
1292	8
1292	9
1292	10
1292	12
1292	45
1292	47
1292	53
1292	61
1292	98
1292	107
1293	1
1293	2
1293	5
1293	6
1293	7
1293	9
1293	10
1293	11
1293	12
1293	13
1293	14
1293	15
1293	31
1293	39
1293	43
1293	45
1293	49
1293	50
1293	56
1293	72
1293	73
1293	74
1293	78
1293	79
1293	81
1293	83
1293	104
1294	1
1294	2
1294	5
1294	6
1294	7
1294	10
1294	11
1294	12
1294	14
1294	15
1294	31
1294	39
1294	43
1294	45
1294	49
1294	50
1294	56
1294	79
1294	81
1294	83
1294	104
1295	1
1295	2
1295	5
1295	6
1295	10
1295	11
1295	12
1295	13
1295	14
1295	15
1295	31
1295	43
1295	45
1295	49
1295	50
1295	56
1295	72
1295	73
1295	74
1295	78
1295	79
1295	81
1295	83
1296	1
1296	2
1296	5
1296	6
1296	9
1296	10
1296	11
1296	12
1296	13
1296	14
1296	15
1296	39
1296	43
1296	45
1296	49
1296	50
1296	56
1296	72
1296	73
1296	74
1296	78
1296	79
1296	81
1296	83
1296	104
1296	113
1296	115
1296	123
1297	1
1297	2
1297	5
1297	6
1297	9
1297	10
1297	11
1297	12
1297	13
1297	14
1297	15
1297	31
1297	39
1297	43
1297	45
1297	49
1297	50
1297	56
1297	72
1297	73
1297	74
1297	78
1297	79
1297	81
1297	83
1297	104
1297	115
1297	123
1298	1
1298	2
1298	5
1298	6
1298	7
1298	10
1298	11
1298	12
1298	13
1298	14
1298	15
1298	31
1298	39
1298	43
1298	45
1298	49
1298	50
1298	56
1298	72
1298	73
1298	74
1298	78
1298	79
1298	81
1298	83
1299	1
1299	5
1299	6
1299	10
1299	11
1299	14
1299	15
1299	39
1299	43
1299	45
1299	49
1299	50
1299	79
1299	81
1299	83
1300	1
1300	2
1300	5
1300	6
1300	7
1300	10
1300	11
1300	13
1300	14
1300	15
1300	31
1300	39
1300	43
1300	45
1300	49
1300	50
1300	56
1300	79
1300	81
1300	83
1300	104
1301	1
1301	5
1301	6
1301	9
1301	10
1301	11
1301	12
1301	13
1301	14
1301	15
1301	31
1301	39
1301	43
1301	49
1301	50
1301	56
1301	79
1301	81
1301	83
1301	115
1301	123
1302	5
1302	6
1302	11
1302	12
1302	39
1302	50
1302	56
1302	79
1302	81
1302	83
1302	115
1302	123
1303	1
1303	2
1303	5
1303	6
1303	9
1303	10
1303	11
1303	12
1303	13
1303	14
1303	15
1303	31
1303	39
1303	43
1303	45
1303	49
1303	50
1303	56
1303	72
1303	73
1303	74
1303	78
1303	79
1303	83
1303	104
1303	113
1303	115
1303	121
1303	123
1304	1
1304	2
1304	5
1304	6
1304	9
1304	10
1304	12
1304	14
1304	15
1304	31
1304	39
1304	43
1304	45
1304	49
1304	50
1304	56
1304	72
1304	73
1304	74
1304	78
1304	79
1304	81
1304	83
1304	104
1305	5
1305	6
1305	9
1305	12
1305	14
1305	56
1305	81
1305	83
1305	104
1305	115
1306	1
1306	5
1306	10
1306	13
1306	14
1306	15
1306	31
1306	39
1306	43
1306	49
1306	50
1306	56
1306	72
1306	73
1306	74
1306	78
1306	79
1306	81
1306	83
1306	104
1307	2
1307	5
1307	7
1307	13
1307	14
1307	15
1307	31
1307	39
1307	43
1307	45
1307	49
1307	50
1307	56
1307	72
1307	73
1307	74
1307	78
1307	79
1307	81
1307	83
1308	1
1308	2
1308	5
1308	6
1308	9
1308	13
1308	14
1308	15
1308	31
1308	43
1308	45
1308	49
1308	50
1308	56
1308	79
1308	81
1308	83
1308	115
1308	123
1309	1
1309	2
1309	5
1309	6
1309	9
1309	10
1309	11
1309	12
1309	13
1309	14
1309	15
1309	31
1309	39
1309	43
1309	45
1309	49
1309	50
1309	56
1309	72
1309	73
1309	74
1309	78
1309	79
1309	81
1309	83
1309	115
1309	123
1310	1
1310	2
1310	5
1310	6
1310	10
1310	11
1310	12
1310	13
1310	14
1310	15
1310	31
1310	39
1310	43
1310	45
1310	49
1310	50
1310	56
1310	72
1310	73
1310	74
1310	78
1310	79
1310	81
1310	83
1310	104
1310	113
1311	1
1311	2
1311	5
1311	6
1311	9
1311	10
1311	11
1311	12
1311	13
1311	14
1311	15
1311	31
1311	39
1311	43
1311	45
1311	49
1311	50
1311	56
1311	72
1311	73
1311	74
1311	78
1311	79
1311	81
1311	83
1311	113
1311	115
1311	121
1311	123
1312	1
1312	5
1312	6
1312	10
1312	11
1312	12
1312	14
1312	15
1312	39
1312	43
1312	50
1312	79
1312	81
1313	39
1313	43
1313	79
1313	81
1313	83
1314	1
1314	5
1314	6
1314	10
1314	11
1314	12
1314	13
1314	14
1314	15
1314	31
1314	39
1314	43
1314	45
1314	49
1314	50
1314	56
1314	72
1314	73
1314	74
1314	78
1314	79
1314	81
1314	83
1314	104
1314	113
1314	115
1314	121
1314	123
1315	1
1315	2
1315	6
1315	9
1315	11
1315	12
1315	13
1315	14
1315	15
1315	31
1315	39
1315	43
1315	45
1315	49
1315	50
1315	56
1315	81
1315	83
1315	115
1315	123
1316	1
1316	2
1316	5
1316	6
1316	9
1316	10
1316	11
1316	12
1316	13
1316	14
1316	15
1316	31
1316	39
1316	43
1316	45
1316	49
1316	50
1316	56
1316	72
1316	73
1316	74
1316	78
1316	79
1316	81
1316	83
1316	113
1316	121
1317	1
1317	2
1317	5
1317	6
1317	11
1317	12
1317	13
1317	14
1317	39
1317	43
1317	45
1317	50
1317	56
1317	72
1317	73
1317	74
1317	78
1317	79
1317	81
1317	83
1317	104
1318	1
1318	5
1318	6
1318	10
1318	11
1318	12
1318	39
1318	49
1318	50
1318	56
1318	72
1318	73
1318	74
1318	78
1318	81
1318	83
1318	104
1319	5
1319	6
1319	10
1319	39
1319	43
1319	56
1319	79
1319	83
1319	115
1319	123
1320	1
1320	5
1320	6
1320	9
1320	10
1320	11
1320	13
1320	14
1320	15
1320	45
1320	50
1320	56
1320	72
1320	73
1320	74
1320	78
1320	81
1320	83
1320	113
1320	123
1321	1
1321	2
1321	5
1321	6
1321	10
1321	11
1321	12
1321	13
1321	14
1321	15
1321	31
1321	39
1321	43
1321	45
1321	49
1321	50
1321	56
1321	72
1321	73
1321	74
1321	78
1321	79
1321	81
1321	83
1321	115
1321	123
1322	19
1322	20
1322	83
1322	84
1322	85
1322	86
1323	2
1323	7
1323	9
1323	10
1323	11
1323	12
1323	15
1323	23
1323	25
1323	31
1323	32
1323	33
1323	34
1323	37
1323	38
1323	39
1323	40
1323	43
1323	44
1323	45
1323	46
1323	47
1323	49
1323	50
1323	52
1323	53
1323	56
1323	57
1323	59
1323	80
1323	81
1323	82
1323	83
1323	97
1323	98
1323	99
1323	100
1324	1
1324	2
1324	3
1324	4
1324	5
1324	6
1324	7
1324	8
1324	9
1324	10
1324	11
1324	12
1324	15
1324	32
1324	38
1324	41
1324	45
1324	50
1324	56
1324	59
1324	64
1324	66
1324	81
1324	99
1324	100
1324	104
1324	105
1324	107
1324	120
1324	122
1325	7
1325	15
1325	33
1325	34
1325	38
1325	41
1325	46
1325	50
1325	56
1325	84
1325	98
1326	1
1326	2
1326	5
1326	12
1326	14
1326	15
1326	31
1326	39
1326	45
1326	49
1326	50
1326	56
1326	72
1326	73
1326	74
1326	78
1326	79
1326	83
1326	115
1326	123
1327	31
1328	19
1328	23
1328	27
1328	28
1328	31
1328	38
1328	39
1328	43
1328	46
1328	56
1328	57
1328	59
1328	60
1328	80
1328	81
1328	82
1328	83
1328	93
1328	95
1328	99
1329	19
1329	20
1329	23
1329	26
1329	27
1329	28
1329	31
1329	38
1329	39
1329	43
1329	46
1329	56
1329	59
1329	60
1329	80
1329	82
1329	83
1329	93
1329	95
1329	99
1330	19
1330	23
1330	26
1330	31
1330	38
1330	39
1330	43
1330	46
1330	56
1330	57
1330	80
1330	81
1330	82
1330	83
1330	93
1330	94
1330	95
1330	102
1331	19
1331	26
1331	27
1331	28
1331	31
1331	38
1331	39
1331	43
1331	46
1331	56
1331	57
1331	59
1331	60
1331	80
1331	82
1331	83
1331	93
1331	94
1331	95
1331	99
1331	102
1332	23
1332	26
1332	27
1332	31
1332	39
1332	43
1332	46
1332	57
1332	59
1332	60
1332	80
1332	81
1332	82
1332	83
1332	93
1332	95
1332	99
1333	18
1333	19
1333	20
1333	23
1333	28
1333	31
1333	38
1333	43
1333	46
1333	56
1333	57
1333	59
1333	80
1333	81
1333	82
1333	83
1333	99
1334	19
1334	23
1334	27
1334	31
1334	38
1334	39
1334	43
1334	46
1334	56
1334	57
1334	80
1334	81
1334	82
1334	83
1334	93
1334	95
1334	99
1334	102
1335	19
1335	20
1335	27
1335	28
1335	31
1335	38
1335	39
1335	43
1335	46
1335	56
1335	57
1335	59
1335	60
1335	80
1335	83
1335	94
1335	95
1335	99
1336	18
1336	19
1336	31
1336	39
1336	43
1336	46
1336	56
1336	57
1336	59
1336	80
1336	82
1336	83
1336	93
1336	94
1336	95
1336	99
1337	19
1337	23
1337	31
1337	38
1337	43
1337	46
1337	56
1337	57
1337	80
1337	81
1337	82
1337	83
1337	94
1337	95
1337	99
1338	19
1338	23
1338	26
1338	27
1338	28
1338	31
1338	39
1338	43
1338	46
1338	56
1338	57
1338	60
1338	80
1338	81
1338	82
1338	83
1338	93
1338	95
1338	99
1339	19
1339	23
1339	26
1339	27
1339	28
1339	31
1339	38
1339	39
1339	46
1339	56
1339	57
1339	59
1339	60
1339	80
1339	81
1339	82
1339	83
1339	93
1339	95
1339	99
1340	19
1340	23
1340	26
1340	27
1340	28
1340	31
1340	38
1340	39
1340	43
1340	46
1340	56
1340	57
1340	59
1340	60
1340	80
1340	81
1340	82
1340	83
1340	93
1340	95
1340	99
1341	18
1341	19
1341	23
1341	26
1341	27
1341	31
1341	39
1341	43
1341	46
1341	56
1341	57
1341	59
1341	60
1341	80
1341	81
1341	82
1341	83
1341	93
1341	94
1341	95
1341	99
1342	19
1342	23
1342	27
1342	31
1342	38
1342	39
1342	43
1342	46
1342	56
1342	57
1342	80
1342	81
1342	82
1342	83
1342	99
1343	19
1343	23
1343	27
1343	31
1343	39
1343	43
1343	56
1343	57
1343	80
1343	81
1343	82
1343	83
1343	93
1344	18
1344	19
1344	20
1344	23
1344	27
1344	28
1344	31
1344	38
1344	39
1344	43
1344	46
1344	56
1344	57
1344	59
1344	60
1344	80
1344	81
1344	82
1344	83
1344	93
1344	95
1344	99
1345	27
1345	31
1345	38
1345	39
1345	43
1345	46
1345	56
1345	57
1345	80
1345	82
1345	83
1346	19
1346	23
1346	26
1346	27
1346	28
1346	31
1346	38
1346	39
1346	43
1346	46
1346	56
1346	57
1346	59
1346	80
1346	82
1346	83
1346	93
1346	94
1346	95
1346	99
1347	18
1347	19
1347	23
1347	26
1347	27
1347	28
1347	31
1347	38
1347	39
1347	56
1347	57
1347	80
1347	81
1347	82
1347	83
1347	93
1347	95
1347	102
1348	31
1348	48
1348	49
1348	52
1348	61
1349	7
1349	11
1349	31
1350	1
1350	5
1350	6
1350	9
1350	10
1350	11
1350	12
1350	13
1350	14
1350	15
1350	39
1350	43
1350	50
1350	56
1350	72
1350	73
1350	74
1350	78
1350	79
1350	81
1350	83
1351	39
1351	43
1351	46
1351	56
1351	80
1351	82
1351	83
1352	31
1352	38
1352	39
1352	43
1352	56
1352	80
1352	82
1352	83
1352	98
1353	38
1353	80
1353	81
1353	83
1354	57
1354	80
1354	82
1355	15
1356	15
1357	15
1358	2
1358	6
1358	8
1358	9
1358	10
1358	11
1358	12
1358	32
1358	45
1358	50
1358	57
1358	107
1358	120
1359	6
1359	8
1359	9
1359	10
1359	11
1359	12
1359	57
1359	107
1359	120
1360	6
1360	9
1360	10
1360	11
1360	12
1360	62
1360	63
1360	67
1360	107
1360	120
1361	2
1361	6
1361	8
1361	9
1361	10
1361	11
1361	12
1361	45
1361	57
1361	62
1361	63
1361	67
1361	107
1361	120
1362	2
1362	32
1362	45
1362	50
1362	57
1362	107
1362	120
1363	2
1363	6
1363	8
1363	9
1363	10
1363	12
1363	32
1363	45
1363	50
1363	57
1363	62
1363	63
1363	67
1363	107
1363	120
1364	2
1364	6
1364	9
1364	10
1364	11
1364	12
1364	45
1364	120
1365	2
1365	6
1365	8
1365	9
1365	10
1365	11
1365	12
1365	32
1365	45
1365	50
1365	57
1365	107
1365	120
1366	2
1366	6
1366	8
1366	9
1366	10
1366	12
1366	32
1366	45
1366	50
1366	120
1367	2
1367	6
1367	8
1367	9
1367	10
1367	11
1367	12
1367	45
1367	57
1367	107
1367	120
1368	2
1368	6
1368	12
1368	32
1368	45
1368	50
1368	107
1368	120
1369	6
1369	8
1369	9
1369	10
1369	11
1369	12
1369	57
1369	107
1369	120
1370	2
1370	32
1370	45
1370	50
1370	57
1370	107
1370	120
1371	2
1371	6
1371	9
1371	10
1371	11
1371	12
1371	45
1371	57
1371	107
1371	120
1372	2
1372	6
1372	8
1372	9
1372	10
1372	12
1372	32
1372	45
1372	50
1372	57
1372	107
1372	120
1373	6
1373	8
1373	9
1373	10
1373	12
1373	57
1373	107
1373	120
1374	2
1374	6
1374	8
1374	9
1374	10
1374	11
1374	12
1374	32
1374	45
1374	50
1374	57
1374	107
1375	2
1375	6
1375	8
1375	9
1375	10
1375	11
1375	12
1375	45
1375	57
1375	120
1376	2
1376	6
1376	9
1376	10
1376	11
1376	45
1376	57
1376	120
1377	2
1377	6
1377	8
1377	9
1377	10
1377	11
1377	12
1377	32
1377	45
1377	50
1377	62
1377	63
1377	67
1377	107
1377	120
1378	2
1378	6
1378	8
1378	9
1378	10
1378	11
1378	12
1378	45
1378	57
1378	62
1378	63
1378	67
1378	107
1379	2
1379	6
1379	8
1379	9
1379	10
1379	11
1379	12
1379	45
1380	2
1380	32
1380	45
1380	50
1380	107
1381	9
1381	10
1381	12
1381	57
1381	62
1381	99
1381	107
1382	6
1382	8
1382	9
1382	10
1382	12
1382	57
1382	99
1382	107
1383	8
1383	10
1383	57
1383	62
1383	63
1383	67
1383	99
1383	107
1384	57
1384	62
1384	63
1384	99
1384	107
1385	6
1385	8
1385	9
1385	10
1385	11
1385	12
1385	57
1385	99
1385	107
1386	10
1386	12
1386	57
1386	99
1386	107
1387	6
1387	9
1387	10
1387	11
1387	12
1387	57
1387	99
1387	107
1388	6
1388	9
1388	10
1388	11
1388	12
1388	57
1388	99
1388	107
1389	6
1389	10
1389	11
1389	12
1389	57
1389	62
1389	63
1389	67
1389	99
1389	107
1390	9
1390	12
1390	57
1390	99
1391	9
1391	10
1391	12
1391	57
1391	99
1391	107
1392	6
1392	8
1392	9
1392	10
1392	11
1392	12
1392	57
1392	63
1392	67
1392	99
1392	107
1393	9
1393	57
1393	99
1393	107
1394	6
1394	8
1394	9
1394	10
1394	11
1394	12
1394	57
1394	62
1394	63
1394	67
1394	99
1394	107
1395	6
1395	8
1395	9
1395	10
1395	11
1395	12
1395	57
1395	62
1395	63
1395	67
1395	99
1395	107
1396	57
1396	99
1396	107
1397	6
1397	8
1397	9
1397	10
1397	11
1397	12
1397	57
1397	99
1397	107
1398	6
1398	8
1398	9
1398	10
1398	12
1398	57
1398	99
1398	107
1399	6
1399	8
1399	9
1399	10
1399	11
1399	12
1399	57
1399	62
1399	63
1399	67
1399	99
1399	107
1400	6
1400	8
1400	10
1400	11
1400	57
1400	99
1400	107
1401	57
1401	62
1401	63
1401	67
1401	99
1401	107
1402	6
1402	8
1402	9
1402	10
1402	11
1402	12
1402	57
1402	62
1402	63
1402	67
1402	99
1402	107
1403	6
1403	8
1403	9
1403	10
1403	11
1403	12
1403	57
1403	99
1403	107
1404	6
1404	8
1404	9
1404	10
1404	11
1404	12
1404	57
1404	99
1404	107
1405	57
1405	99
1405	107
1406	10
1406	12
1406	57
1406	99
1406	107
1407	57
1407	62
1407	63
1407	67
1407	99
1407	107
1408	99
1409	57
1409	107
1410	6
1410	8
1410	9
1410	10
1410	11
1410	12
1410	57
1410	99
1410	107
1411	6
1411	8
1411	9
1411	10
1411	11
1411	12
1411	57
1411	99
1411	107
1412	23
1412	31
1412	33
1412	37
1412	38
1412	44
1412	46
1412	50
1412	52
1412	56
1412	57
1412	80
1412	97
1412	98
1413	23
1413	31
1413	33
1413	37
1413	38
1413	44
1413	46
1413	52
1413	56
1413	57
1413	80
1413	97
1413	98
1414	33
1414	37
1414	38
1414	50
1414	52
1414	56
1414	57
1414	80
1414	98
1415	21
1415	57
1415	97
1415	98
1416	7
1416	15
1416	31
1416	33
1416	41
1416	50
1416	79
1416	80
1416	83
1416	84
1416	85
1416	86
1416	97
1417	31
1417	33
1417	34
1417	97
1417	99
1418	23
1418	31
1418	37
1418	44
1418	46
1418	50
1418	52
1418	56
1418	57
1418	80
1418	97
1419	9
1419	10
1419	12
1419	107
1420	21
1420	97
1421	50
1421	52
1422	31
1422	42
1422	50
1422	52
1422	54
1422	83
1423	50
1423	52
1423	80
1423	82
1423	83
1424	15
1424	31
1425	15
1425	31
1426	15
1426	31
1427	31
1428	4
1428	26
1428	27
1428	31
1428	33
1428	38
1428	43
1428	45
1428	48
1428	56
1428	57
1428	60
1428	62
1428	63
1428	67
1428	80
1428	82
1428	83
1428	87
1428	90
1428	93
1428	97
1428	98
1428	99
1428	107
1428	120
1428	122
1429	4
1429	31
1429	38
1429	39
1429	43
1429	46
1429	48
1429	56
1429	57
1429	60
1429	80
1429	82
1429	83
1429	93
1429	97
1429	98
1429	99
1429	122
1430	5
1430	56
1430	57
1430	60
1430	80
1430	97
1430	98
1430	99
1430	107
1430	120
1431	4
1431	5
1431	26
1431	27
1431	31
1431	33
1431	38
1431	39
1431	43
1431	45
1431	48
1431	56
1431	57
1431	60
1431	61
1431	62
1431	63
1431	67
1431	80
1431	82
1431	83
1431	87
1431	90
1431	93
1431	97
1431	98
1431	99
1431	107
1431	120
1431	122
1432	4
1432	31
1432	33
1432	38
1432	46
1432	56
1432	57
1432	60
1432	80
1432	82
1432	83
1432	97
1432	98
1432	99
1432	120
1432	122
1433	5
1433	31
1433	33
1433	38
1433	39
1433	43
1433	46
1433	56
1433	57
1433	59
1433	60
1433	61
1433	62
1433	63
1433	67
1433	80
1433	82
1433	83
1433	93
1433	97
1433	98
1433	99
1433	107
1433	120
1434	5
1434	26
1434	31
1434	33
1434	38
1434	39
1434	43
1434	45
1434	46
1434	48
1434	56
1434	57
1434	60
1434	62
1434	63
1434	67
1434	80
1434	82
1434	83
1434	87
1434	90
1434	93
1434	97
1434	98
1434	99
1434	120
1435	4
1435	26
1435	27
1435	31
1435	33
1435	38
1435	39
1435	45
1435	56
1435	57
1435	60
1435	64
1435	80
1435	82
1435	83
1435	90
1435	93
1435	97
1435	98
1435	99
1435	100
1435	107
1435	122
1436	4
1436	5
1436	26
1436	27
1436	31
1436	33
1436	38
1436	39
1436	43
1436	45
1436	48
1436	56
1436	57
1436	60
1436	61
1436	80
1436	82
1436	83
1436	87
1436	90
1436	93
1436	97
1436	98
1436	99
1436	107
1436	120
1436	122
1437	2
1437	8
1437	14
1437	15
1437	25
1437	32
1437	45
1437	49
1437	99
1438	8
1438	45
1438	99
1439	15
1439	99
1440	15
1440	99
1441	15
1442	2
1442	18
1442	30
1442	45
1442	49
1442	93
1443	18
1443	45
1443	52
1443	84
1443	85
1444	2
1444	18
1444	30
1444	38
1444	45
1444	49
1444	51
1444	52
1444	56
1444	84
1444	85
1444	86
1444	94
1445	2
1445	30
1445	45
1445	49
1446	2
1446	45
1446	49
1446	50
1447	45
1447	49
1447	50
1447	53
1447	84
1447	85
1448	22
1448	97
1448	98
1448	99
1449	2
1449	8
1449	13
1449	14
1449	15
1449	25
1449	32
1449	45
1449	49
1449	99
1450	4
1450	37
1450	47
1450	57
1450	99
1450	122
1451	8
1451	45
1451	99
1452	99
1453	6
1453	8
1453	9
1453	10
1453	11
1453	12
1454	2
1454	6
1454	8
1454	9
1454	10
1454	11
1454	12
1454	45
1454	57
1454	120
1455	6
1455	9
1455	10
1455	11
1455	12
1455	57
1455	120
1456	2
1456	6
1456	8
1456	9
1456	10
1456	12
1456	32
1456	45
1456	50
1456	57
1456	62
1456	63
1456	67
1456	107
1456	120
1457	6
1457	8
1457	9
1457	10
1457	11
1457	12
1458	2
1458	6
1458	8
1458	9
1458	10
1458	12
1458	45
1458	57
1458	107
1458	120
1459	6
1459	8
1459	9
1459	10
1459	11
1459	12
1459	107
1460	33
1460	48
1460	49
1460	52
1461	53
1462	50
1462	83
1462	99
1463	80
1463	82
1463	99
1464	99
1465	99
1466	21
1466	28
1466	33
1466	42
1466	56
1466	80
1467	33
1467	42
1467	46
1467	56
1467	80
1468	38
1468	46
1468	56
1468	82
1469	5
1469	63
1469	64
1469	67
1469	99
1469	100
1469	107
1470	5
1470	99
1470	100
1471	5
1471	64
1471	99
1471	100
1471	107
1472	33
1472	42
1472	46
1472	50
1472	53
1472	56
1472	57
1472	80
1473	33
1473	38
1473	42
1473	50
1473	53
1473	56
1473	57
1473	80
1474	42
1474	50
1474	53
1474	57
1474	80
1475	33
1475	38
1475	42
1475	46
1475	56
1475	57
1475	80
1476	4
1476	5
1476	31
1476	33
1476	38
1476	39
1476	43
1476	56
1476	57
1476	60
1476	80
1476	82
1476	83
1476	93
1476	97
1476	98
1476	99
1476	107
1476	120
1476	122
1477	33
1477	42
1477	57
1477	80
1478	2
1478	6
1478	8
1478	9
1478	10
1478	11
1478	12
1478	32
1478	45
1478	50
1478	57
1478	107
1479	33
1479	38
1479	46
1479	56
1479	80
1480	99
1481	99
1482	99
1483	99
1484	99
1485	99
1486	99
1487	33
1487	59
1488	21
1489	50
1489	83
1490	50
1490	52
1491	83
1492	83
1493	83
1494	83
1495	83
1496	83
1497	83
1498	83
1499	83
1500	83
1501	83
1502	83
1503	83
1504	83
1505	83
1506	83
1507	83
1508	83
1509	83
1510	83
1511	83
1512	83
1513	4
1513	33
1513	38
1513	46
1513	56
1513	60
1513	61
1513	80
1513	82
1513	97
1513	99
1513	107
1513	122
1514	83
1515	83
1516	83
1517	83
1518	83
1519	83
1520	83
1521	83
1522	83
1523	83
1524	83
1525	83
1526	83
1527	83
1528	83
1529	83
1530	83
1531	83
1532	83
1533	83
1534	83
1535	83
1536	83
1537	83
1538	83
1539	83
1540	83
1541	83
1542	83
1543	83
1544	83
1545	83
1546	83
1547	83
1548	83
1549	83
1550	83
1551	83
1552	83
1553	83
1554	83
1555	83
1556	83
1557	1
1557	2
1557	7
1557	8
1557	10
1557	11
1557	14
1557	15
1557	23
1557	25
1557	30
1557	32
1557	34
1557	35
1557	36
1557	38
1557	40
1557	42
1557	43
1557	45
1557	46
1557	47
1557	49
1557	50
1557	52
1557	53
1557	54
1557	55
1557	56
1557	80
1557	81
1557	83
1557	97
1558	1
1558	2
1558	7
1558	8
1558	10
1558	11
1558	12
1558	14
1558	15
1558	23
1558	24
1558	25
1558	30
1558	32
1558	34
1558	35
1558	36
1558	38
1558	40
1558	41
1558	42
1558	43
1558	45
1558	47
1558	49
1558	50
1558	52
1558	53
1558	54
1558	67
1558	80
1558	81
1558	83
1558	97
1559	1
1559	2
1559	5
1559	7
1559	8
1559	9
1559	10
1559	11
1559	12
1559	13
1559	14
1559	15
1559	23
1559	24
1559	25
1559	30
1559	32
1559	34
1559	35
1559	36
1559	38
1559	40
1559	41
1559	42
1559	43
1559	45
1559	46
1559	47
1559	50
1559	52
1559	53
1559	54
1559	55
1559	56
1559	81
1559	83
1559	97
1560	1
1560	2
1560	5
1560	7
1560	8
1560	9
1560	10
1560	12
1560	13
1560	14
1560	15
1560	23
1560	24
1560	25
1560	30
1560	32
1560	34
1560	35
1560	36
1560	38
1560	40
1560	42
1560	43
1560	45
1560	47
1560	49
1560	50
1560	52
1560	53
1560	54
1560	56
1560	67
1560	80
1560	81
1560	83
1560	97
1561	1
1561	2
1561	5
1561	7
1561	8
1561	10
1561	12
1561	13
1561	14
1561	15
1561	23
1561	24
1561	25
1561	30
1561	32
1561	34
1561	35
1561	36
1561	38
1561	40
1561	41
1561	42
1561	43
1561	45
1561	46
1561	47
1561	49
1561	50
1561	52
1561	53
1561	54
1561	56
1561	59
1561	80
1561	81
1561	83
1561	97
1562	1
1562	2
1562	7
1562	8
1562	9
1562	10
1562	11
1562	12
1562	13
1562	14
1562	15
1562	24
1562	25
1562	30
1562	32
1562	34
1562	35
1562	36
1562	38
1562	40
1562	42
1562	43
1562	45
1562	46
1562	47
1562	49
1562	50
1562	52
1562	53
1562	54
1562	56
1562	59
1562	67
1563	1
1563	2
1563	7
1563	8
1563	10
1563	11
1563	12
1563	13
1563	14
1563	15
1563	23
1563	25
1563	32
1563	34
1563	35
1563	36
1563	38
1563	40
1563	42
1563	43
1563	45
1563	46
1563	47
1563	49
1563	50
1563	52
1563	53
1563	54
1563	55
1563	56
1563	59
1563	80
1563	81
1563	97
1564	1
1564	2
1564	5
1564	7
1564	8
1564	10
1564	11
1564	12
1564	13
1564	14
1564	15
1564	23
1564	24
1564	25
1564	30
1564	32
1564	34
1564	35
1564	36
1564	38
1564	40
1564	41
1564	42
1564	43
1564	45
1564	46
1564	47
1564	49
1564	50
1564	52
1564	53
1564	54
1564	55
1564	56
1564	80
1564	81
1564	83
1564	97
1565	1
1565	2
1565	5
1565	7
1565	8
1565	10
1565	11
1565	12
1565	14
1565	15
1565	23
1565	24
1565	25
1565	30
1565	32
1565	34
1565	35
1565	36
1565	40
1565	41
1565	42
1565	43
1565	45
1565	46
1565	47
1565	49
1565	50
1565	52
1565	53
1565	54
1565	55
1565	56
1565	80
1565	83
1565	97
1566	1
1566	2
1566	7
1566	8
1566	10
1566	11
1566	12
1566	13
1566	14
1566	15
1566	23
1566	24
1566	25
1566	30
1566	32
1566	34
1566	35
1566	36
1566	38
1566	40
1566	42
1566	43
1566	45
1566	46
1566	47
1566	49
1566	50
1566	52
1566	53
1566	54
1566	55
1566	56
1566	80
1566	81
1566	83
1567	2
1567	7
1567	8
1567	10
1567	11
1567	12
1567	13
1567	14
1567	15
1567	23
1567	24
1567	25
1567	30
1567	32
1567	38
1567	40
1567	41
1567	42
1567	43
1567	45
1567	46
1567	47
1567	49
1567	50
1567	53
1567	54
1567	56
1567	97
1568	1
1568	2
1568	5
1568	7
1568	8
1568	9
1568	10
1568	11
1568	12
1568	13
1568	14
1568	15
1568	23
1568	24
1568	25
1568	30
1568	32
1568	34
1568	35
1568	36
1568	38
1568	40
1568	41
1568	42
1568	43
1568	45
1568	46
1568	47
1568	49
1568	50
1568	52
1568	53
1568	54
1568	55
1568	56
1568	80
1568	97
1569	2
1569	5
1569	7
1569	8
1569	10
1569	11
1569	12
1569	13
1569	14
1569	15
1569	23
1569	24
1569	25
1569	30
1569	32
1569	34
1569	35
1569	36
1569	38
1569	40
1569	42
1569	43
1569	45
1569	46
1569	47
1569	49
1569	50
1569	52
1569	53
1569	54
1569	55
1569	56
1569	59
1569	80
1569	81
1569	83
1569	97
1570	1
1570	2
1570	7
1570	8
1570	9
1570	10
1570	11
1570	12
1570	13
1570	14
1570	15
1570	23
1570	24
1570	25
1570	30
1570	32
1570	34
1570	35
1570	36
1570	38
1570	40
1570	41
1570	42
1570	43
1570	45
1570	47
1570	49
1570	50
1570	52
1570	53
1570	54
1570	55
1570	56
1570	67
1570	80
1570	81
1570	83
1570	97
1571	1
1571	2
1571	7
1571	8
1571	10
1571	11
1571	12
1571	14
1571	15
1571	23
1571	24
1571	25
1571	30
1571	32
1571	34
1571	35
1571	36
1571	38
1571	40
1571	41
1571	42
1571	45
1571	46
1571	47
1571	49
1571	50
1571	52
1571	53
1571	54
1571	55
1571	56
1571	80
1571	81
1571	97
1572	1
1572	2
1572	5
1572	7
1572	8
1572	10
1572	11
1572	12
1572	13
1572	14
1572	23
1572	24
1572	25
1572	30
1572	32
1572	34
1572	35
1572	36
1572	38
1572	40
1572	41
1572	42
1572	43
1572	45
1572	46
1572	47
1572	49
1572	50
1572	52
1572	53
1572	54
1572	55
1572	56
1572	67
1572	80
1572	81
1572	83
1572	97
1573	1
1573	2
1573	5
1573	7
1573	8
1573	10
1573	11
1573	12
1573	13
1573	14
1573	15
1573	23
1573	24
1573	25
1573	30
1573	32
1573	34
1573	35
1573	36
1573	38
1573	40
1573	41
1573	42
1573	43
1573	45
1573	47
1573	50
1573	52
1573	53
1573	54
1573	55
1573	56
1573	81
1573	97
1574	2
1574	5
1574	7
1574	8
1574	9
1574	10
1574	11
1574	13
1574	14
1574	15
1574	23
1574	24
1574	25
1574	30
1574	32
1574	34
1574	35
1574	36
1574	38
1574	40
1574	42
1574	43
1574	45
1574	46
1574	47
1574	49
1574	50
1574	52
1574	53
1574	54
1574	55
1574	56
1574	59
1574	80
1574	81
1574	83
1574	97
1575	1
1575	2
1575	5
1575	7
1575	8
1575	9
1575	10
1575	11
1575	12
1575	13
1575	14
1575	15
1575	24
1575	25
1575	30
1575	32
1575	34
1575	35
1575	36
1575	38
1575	40
1575	41
1575	42
1575	43
1575	45
1575	46
1575	47
1575	48
1575	49
1575	50
1575	52
1575	53
1575	54
1575	55
1575	56
1575	59
1575	67
1575	80
1576	1
1576	2
1576	5
1576	7
1576	8
1576	9
1576	10
1576	11
1576	12
1576	14
1576	15
1576	25
1576	32
1576	34
1576	35
1576	36
1576	38
1576	40
1576	41
1576	42
1576	43
1576	45
1576	46
1576	47
1576	49
1576	50
1576	52
1576	53
1576	54
1576	55
1576	56
1576	59
1576	80
1576	83
1576	97
1577	1
1577	2
1577	5
1577	7
1577	8
1577	9
1577	10
1577	11
1577	12
1577	13
1577	14
1577	15
1577	24
1577	25
1577	30
1577	32
1577	34
1577	35
1577	36
1577	38
1577	40
1577	42
1577	43
1577	45
1577	47
1577	49
1577	50
1577	52
1577	53
1577	54
1577	56
1577	80
1577	83
1577	97
1578	1
1578	2
1578	5
1578	7
1578	8
1578	9
1578	10
1578	11
1578	12
1578	13
1578	14
1578	15
1578	23
1578	25
1578	30
1578	32
1578	34
1578	35
1578	36
1578	38
1578	40
1578	42
1578	43
1578	45
1578	46
1578	47
1578	49
1578	50
1578	52
1578	53
1578	54
1578	56
1578	59
1578	81
1578	97
1579	1
1579	2
1579	5
1579	7
1579	8
1579	9
1579	10
1579	11
1579	12
1579	13
1579	14
1579	15
1579	23
1579	24
1579	25
1579	30
1579	32
1579	34
1579	35
1579	36
1579	38
1579	40
1579	41
1579	42
1579	43
1579	45
1579	46
1579	47
1579	49
1579	50
1579	52
1579	53
1579	54
1579	55
1579	56
1579	59
1579	80
1579	81
1579	83
1579	97
1580	1
1580	2
1580	5
1580	7
1580	8
1580	10
1580	11
1580	12
1580	13
1580	14
1580	15
1580	23
1580	24
1580	25
1580	30
1580	32
1580	34
1580	35
1580	36
1580	38
1580	40
1580	42
1580	45
1580	47
1580	49
1580	50
1580	52
1580	53
1580	54
1580	55
1580	56
1580	81
1580	83
1580	97
1581	1
1581	2
1581	5
1581	7
1581	8
1581	10
1581	11
1581	12
1581	13
1581	14
1581	15
1581	23
1581	25
1581	32
1581	34
1581	35
1581	36
1581	38
1581	40
1581	41
1581	42
1581	43
1581	45
1581	46
1581	47
1581	49
1581	50
1581	52
1581	53
1581	54
1581	55
1581	56
1581	59
1581	67
1581	80
1581	81
1581	83
1581	97
1582	1
1582	2
1582	5
1582	7
1582	8
1582	10
1582	11
1582	12
1582	13
1582	14
1582	15
1582	23
1582	24
1582	25
1582	30
1582	32
1582	34
1582	35
1582	36
1582	38
1582	40
1582	41
1582	42
1582	43
1582	45
1582	46
1582	47
1582	49
1582	50
1582	52
1582	53
1582	54
1582	55
1582	56
1582	59
1582	67
1582	80
1582	81
1582	83
1582	97
1583	1
1583	2
1583	5
1583	7
1583	8
1583	9
1583	10
1583	11
1583	12
1583	13
1583	14
1583	15
1583	23
1583	24
1583	30
1583	32
1583	34
1583	35
1583	36
1583	38
1583	40
1583	41
1583	42
1583	45
1583	46
1583	47
1583	49
1583	50
1583	52
1583	53
1583	54
1583	56
1583	80
1583	81
1583	83
1583	97
1584	1
1584	2
1584	5
1584	7
1584	8
1584	9
1584	10
1584	12
1584	13
1584	14
1584	15
1584	23
1584	24
1584	25
1584	30
1584	32
1584	34
1584	35
1584	36
1584	38
1584	40
1584	42
1584	43
1584	45
1584	46
1584	47
1584	49
1584	50
1584	52
1584	53
1584	54
1584	55
1584	56
1584	80
1584	81
1584	97
1585	1
1585	2
1585	5
1585	7
1585	8
1585	10
1585	11
1585	13
1585	14
1585	15
1585	23
1585	24
1585	25
1585	30
1585	32
1585	34
1585	35
1585	36
1585	38
1585	40
1585	41
1585	42
1585	43
1585	45
1585	46
1585	47
1585	49
1585	50
1585	52
1585	53
1585	54
1585	55
1585	56
1585	80
1585	81
1585	83
1586	1
1586	2
1586	5
1586	7
1586	8
1586	10
1586	11
1586	12
1586	13
1586	14
1586	15
1586	23
1586	24
1586	25
1586	30
1586	32
1586	34
1586	35
1586	36
1586	38
1586	40
1586	42
1586	45
1586	46
1586	47
1586	49
1586	50
1586	52
1586	53
1586	54
1586	55
1586	56
1586	80
1586	83
1586	97
1587	1
1587	2
1587	5
1587	7
1587	8
1587	9
1587	10
1587	11
1587	12
1587	13
1587	14
1587	15
1587	23
1587	24
1587	25
1587	30
1587	32
1587	34
1587	35
1587	36
1587	38
1587	40
1587	41
1587	42
1587	43
1587	45
1587	46
1587	47
1587	50
1587	52
1587	53
1587	54
1587	56
1587	80
1587	81
1587	83
1587	97
1588	1
1588	2
1588	7
1588	8
1588	9
1588	10
1588	11
1588	12
1588	15
1588	25
1588	30
1588	32
1588	34
1588	35
1588	36
1588	38
1588	40
1588	41
1588	45
1588	47
1588	49
1588	50
1588	52
1588	53
1588	54
1588	55
1588	67
1588	80
1588	97
1589	1
1589	2
1589	5
1589	7
1589	8
1589	10
1589	11
1589	12
1589	13
1589	14
1589	15
1589	23
1589	25
1589	30
1589	32
1589	34
1589	35
1589	36
1589	38
1589	40
1589	41
1589	42
1589	43
1589	45
1589	46
1589	47
1589	49
1589	50
1589	53
1589	54
1589	55
1589	56
1589	59
1589	80
1589	81
1589	83
1589	97
1590	64
1590	99
1590	100
1591	7
1591	8
1591	9
1591	10
1591	11
1591	12
1591	15
1591	23
1591	24
1591	30
1591	34
1591	35
1591	36
1591	38
1591	40
1591	45
1591	47
1591	49
1591	50
1591	52
1591	53
1591	54
1591	55
1591	67
1591	80
1591	83
1591	97
1592	1
1592	2
1592	5
1592	7
1592	8
1592	9
1592	10
1592	11
1592	12
1592	13
1592	14
1592	15
1592	23
1592	24
1592	25
1592	30
1592	32
1592	34
1592	35
1592	36
1592	38
1592	40
1592	41
1592	42
1592	43
1592	45
1592	47
1592	49
1592	50
1592	52
1592	53
1592	54
1592	55
1592	56
1592	80
1592	83
1592	97
1593	2
1593	5
1593	7
1593	8
1593	9
1593	10
1593	11
1593	15
1593	23
1593	24
1593	30
1593	34
1593	35
1593	36
1593	38
1593	40
1593	41
1593	45
1593	47
1593	49
1593	50
1593	52
1593	53
1593	54
1593	80
1593	81
1593	83
1593	97
1594	40
1594	47
1594	53
1594	54
1594	55
1595	40
1595	47
1595	53
1595	54
1596	5
1596	7
1596	8
1596	9
1596	10
1596	11
1596	12
1596	15
1596	23
1596	24
1596	30
1596	34
1596	35
1596	36
1596	38
1596	40
1596	41
1596	45
1596	47
1596	49
1596	50
1596	52
1596	53
1596	54
1596	55
1596	67
1596	80
1596	81
1596	83
1597	1
1597	6
1597	9
1597	10
1597	11
1597	12
1598	2
1598	5
1598	7
1598	8
1598	9
1598	10
1598	11
1598	12
1598	15
1598	23
1598	24
1598	30
1598	34
1598	35
1598	36
1598	38
1598	40
1598	41
1598	45
1598	46
1598	47
1598	49
1598	50
1598	52
1598	53
1598	54
1598	55
1598	59
1598	67
1598	80
1598	81
1598	83
1599	2
1599	24
1599	30
1599	34
1599	35
1599	36
1599	40
1599	45
1599	47
1599	49
1599	50
1599	52
1599	53
1599	54
1599	55
1599	83
1599	97
1600	2
1600	23
1600	24
1600	30
1600	34
1600	35
1600	36
1600	40
1600	45
1600	47
1600	50
1600	52
1600	53
1600	54
1600	55
1600	80
1600	81
1600	83
1600	97
1601	2
1601	7
1601	8
1601	9
1601	10
1601	11
1601	12
1601	15
1601	23
1601	24
1601	30
1601	34
1601	35
1601	36
1601	38
1601	40
1601	45
1601	47
1601	49
1601	50
1601	52
1601	53
1601	54
1601	55
1601	80
1601	81
1601	83
1602	2
1602	7
1602	9
1602	10
1602	11
1602	12
1602	23
1602	24
1602	30
1602	34
1602	35
1602	36
1602	38
1602	40
1602	45
1602	46
1602	47
1602	49
1602	50
1602	52
1602	53
1602	54
1602	55
1602	59
1602	80
1602	81
1602	83
1602	97
1603	2
1603	5
1603	7
1603	8
1603	9
1603	10
1603	11
1603	12
1603	15
1603	23
1603	24
1603	30
1603	34
1603	35
1603	36
1603	38
1603	40
1603	41
1603	45
1603	47
1603	49
1603	50
1603	52
1603	53
1603	54
1603	55
1603	80
1603	81
1603	83
1603	97
1604	2
1604	5
1604	7
1604	8
1604	9
1604	10
1604	11
1604	12
1604	15
1604	24
1604	30
1604	34
1604	35
1604	36
1604	38
1604	40
1604	45
1604	47
1604	49
1604	50
1604	52
1604	53
1604	54
1604	55
1604	67
1604	80
1604	97
1605	2
1605	5
1605	7
1605	8
1605	10
1605	11
1605	12
1605	15
1605	24
1605	30
1605	34
1605	35
1605	36
1605	38
1605	40
1605	41
1605	45
1605	47
1605	50
1605	52
1605	53
1605	54
1605	80
1605	97
1606	2
1606	5
1606	7
1606	8
1606	10
1606	11
1606	12
1606	15
1606	23
1606	24
1606	30
1606	34
1606	35
1606	36
1606	38
1606	40
1606	41
1606	45
1606	47
1606	49
1606	50
1606	52
1606	53
1606	54
1606	55
1606	81
1606	83
1606	97
1607	34
1607	35
1607	40
1607	47
1607	53
1607	54
1607	55
1607	80
1607	97
1608	9
1608	10
1608	24
1608	30
1608	40
1608	47
1608	53
1608	54
1608	55
1608	97
1609	7
1609	9
1609	10
1609	11
1609	19
1609	35
1609	64
1609	82
1609	83
1609	97
1609	99
1609	100
1610	2
1610	7
1610	8
1610	9
1610	10
1610	11
1610	12
1610	15
1610	23
1610	24
1610	30
1610	34
1610	35
1610	36
1610	38
1610	40
1610	45
1610	47
1610	49
1610	50
1610	52
1610	53
1610	54
1610	55
1610	67
1610	80
1610	81
1610	83
1610	97
1611	2
1611	5
1611	7
1611	8
1611	10
1611	11
1611	12
1611	15
1611	23
1611	24
1611	30
1611	34
1611	35
1611	36
1611	38
1611	40
1611	41
1611	45
1611	46
1611	47
1611	49
1611	50
1611	52
1611	53
1611	54
1611	55
1611	59
1611	80
1611	81
1611	83
1611	97
1612	2
1612	34
1612	35
1612	36
1612	40
1612	45
1612	47
1612	49
1612	50
1612	52
1612	53
1612	54
1612	55
1612	80
1612	83
1612	97
1613	2
1613	7
1613	8
1613	9
1613	10
1613	11
1613	12
1613	15
1613	23
1613	24
1613	30
1613	34
1613	35
1613	36
1613	38
1613	40
1613	45
1613	47
1613	49
1613	50
1613	52
1613	53
1613	54
1613	55
1613	67
1613	80
1613	81
1613	97
1614	2
1614	5
1614	7
1614	8
1614	9
1614	10
1614	11
1614	12
1614	15
1614	23
1614	24
1614	30
1614	34
1614	35
1614	36
1614	38
1614	40
1614	41
1614	45
1614	47
1614	50
1614	52
1614	53
1614	54
1614	67
1614	80
1614	81
1614	97
1615	2
1615	7
1615	8
1615	9
1615	10
1615	11
1615	12
1615	15
1615	23
1615	24
1615	30
1615	34
1615	35
1615	36
1615	38
1615	40
1615	41
1615	45
1615	47
1615	50
1615	52
1615	53
1615	54
1615	55
1615	81
1615	97
1616	2
1616	5
1616	7
1616	8
1616	10
1616	11
1616	12
1616	15
1616	23
1616	24
1616	30
1616	34
1616	35
1616	36
1616	40
1616	41
1616	45
1616	46
1616	47
1616	49
1616	50
1616	52
1616	53
1616	54
1616	55
1616	59
1616	81
1616	97
1617	2
1617	7
1617	8
1617	9
1617	10
1617	11
1617	12
1617	15
1617	23
1617	24
1617	30
1617	34
1617	35
1617	36
1617	38
1617	40
1617	41
1617	45
1617	47
1617	49
1617	50
1617	52
1617	53
1617	54
1617	55
1617	67
1617	80
1617	81
1617	83
1617	97
1618	2
1618	5
1618	7
1618	8
1618	10
1618	11
1618	12
1618	15
1618	23
1618	24
1618	30
1618	34
1618	35
1618	36
1618	38
1618	40
1618	41
1618	45
1618	47
1618	50
1618	52
1618	53
1618	54
1618	55
1618	80
1618	81
1618	83
1618	97
1619	2
1619	5
1619	7
1619	8
1619	10
1619	11
1619	15
1619	23
1619	24
1619	30
1619	34
1619	35
1619	36
1619	38
1619	40
1619	41
1619	45
1619	46
1619	47
1619	49
1619	50
1619	52
1619	53
1619	54
1619	55
1619	59
1619	67
1619	80
1619	81
1619	97
1620	2
1620	5
1620	7
1620	8
1620	10
1620	11
1620	15
1620	23
1620	24
1620	30
1620	34
1620	35
1620	36
1620	38
1620	40
1620	41
1620	45
1620	47
1620	49
1620	50
1620	52
1620	53
1620	54
1620	67
1620	80
1620	81
1620	83
1620	97
1621	2
1621	34
1621	35
1621	36
1621	40
1621	45
1621	47
1621	49
1621	50
1621	52
1621	53
1621	54
1621	80
1621	83
1621	97
1622	5
1622	7
1622	8
1622	10
1622	11
1622	15
1622	23
1622	24
1622	30
1622	34
1622	35
1622	36
1622	38
1622	40
1622	41
1622	45
1622	47
1622	49
1622	50
1622	52
1622	53
1622	54
1622	55
1622	67
1622	80
1622	81
1622	83
1623	2
1623	23
1623	24
1623	30
1623	34
1623	35
1623	36
1623	40
1623	45
1623	47
1623	49
1623	50
1623	52
1623	53
1623	54
1623	55
1623	80
1623	81
1623	83
1623	97
1624	2
1624	5
1624	7
1624	8
1624	9
1624	10
1624	12
1624	15
1624	23
1624	24
1624	30
1624	34
1624	35
1624	36
1624	40
1624	45
1624	47
1624	49
1624	50
1624	52
1624	53
1624	54
1624	55
1624	80
1624	81
1624	97
1625	2
1625	5
1625	7
1625	8
1625	10
1625	11
1625	12
1625	15
1625	23
1625	24
1625	30
1625	34
1625	35
1625	36
1625	38
1625	40
1625	41
1625	45
1625	46
1625	47
1625	49
1625	50
1625	52
1625	53
1625	54
1625	55
1625	59
1625	80
1625	81
1625	83
1625	97
1626	2
1626	7
1626	8
1626	9
1626	10
1626	11
1626	15
1626	23
1626	24
1626	30
1626	34
1626	35
1626	36
1626	38
1626	40
1626	41
1626	45
1626	46
1626	47
1626	49
1626	50
1626	52
1626	53
1626	54
1626	55
1626	59
1626	67
1626	80
1626	81
1626	83
1626	97
1627	2
1627	7
1627	8
1627	9
1627	10
1627	11
1627	15
1627	23
1627	24
1627	30
1627	34
1627	35
1627	36
1627	38
1627	40
1627	41
1627	45
1627	47
1627	49
1627	50
1627	52
1627	53
1627	54
1627	55
1627	80
1627	81
1627	83
1627	97
1628	2
1628	5
1628	7
1628	8
1628	9
1628	10
1628	11
1628	15
1628	23
1628	24
1628	30
1628	34
1628	35
1628	36
1628	38
1628	40
1628	41
1628	45
1628	47
1628	49
1628	50
1628	52
1628	53
1628	54
1628	55
1628	81
1628	83
1628	97
1629	2
1629	24
1629	30
1629	34
1629	35
1629	36
1629	40
1629	45
1629	47
1629	49
1629	50
1629	52
1629	53
1629	54
1629	55
1629	80
1629	83
1629	97
1630	2
1630	5
1630	7
1630	8
1630	9
1630	10
1630	12
1630	15
1630	23
1630	24
1630	30
1630	34
1630	35
1630	36
1630	40
1630	41
1630	45
1630	46
1630	47
1630	49
1630	50
1630	52
1630	53
1630	54
1630	55
1630	59
1630	67
1630	80
1630	81
1630	83
1630	97
1631	2
1631	7
1631	8
1631	9
1631	10
1631	11
1631	12
1631	15
1631	23
1631	24
1631	30
1631	34
1631	35
1631	36
1631	38
1631	40
1631	41
1631	45
1631	47
1631	49
1631	50
1631	52
1631	53
1631	54
1631	55
1631	67
1631	80
1631	81
1631	83
1631	97
1632	1
1632	2
1632	5
1632	7
1632	8
1632	9
1632	10
1632	11
1632	14
1632	25
1632	32
1632	34
1632	35
1632	36
1632	38
1632	40
1632	41
1632	42
1632	43
1632	45
1632	47
1632	49
1632	50
1632	52
1632	53
1632	54
1632	55
1632	56
1632	67
1632	80
1632	83
1632	97
1633	2
1633	7
1633	8
1633	10
1633	11
1633	15
1633	23
1633	24
1633	30
1633	34
1633	35
1633	36
1633	38
1633	40
1633	41
1633	45
1633	47
1633	49
1633	50
1633	52
1633	53
1633	54
1633	67
1633	81
1633	83
1633	97
1634	2
1634	5
1634	7
1634	8
1634	10
1634	11
1634	12
1634	15
1634	23
1634	24
1634	30
1634	34
1634	35
1634	36
1634	38
1634	40
1634	45
1634	46
1634	47
1634	49
1634	50
1634	52
1634	53
1634	54
1634	55
1634	59
1634	67
1634	80
1634	81
1634	83
1634	97
1635	7
1635	10
1635	11
1635	23
1635	24
1635	30
1635	34
1635	35
1635	36
1635	38
1635	40
1635	47
1635	53
1635	54
1635	55
1635	80
1635	81
1635	97
1636	6
1636	8
1636	9
1636	12
1636	31
1636	33
1636	35
1636	38
1636	43
1636	45
1636	46
1636	50
1636	53
1636	54
1636	55
1636	56
1636	57
1636	60
1636	80
1636	81
1636	82
1636	83
1636	98
1636	99
1637	6
1637	8
1637	9
1637	10
1637	11
1637	12
1637	31
1637	33
1637	35
1637	38
1637	43
1637	45
1637	46
1637	50
1637	53
1637	54
1637	55
1637	56
1637	57
1637	60
1637	80
1637	81
1637	82
1637	83
1637	98
1637	99
1638	31
1638	33
1638	38
1638	46
1638	56
1638	57
1638	80
1638	81
1638	82
1638	83
1639	6
1639	9
1639	11
1639	12
1639	38
1639	54
1639	56
1639	81
1639	83
1640	31
1640	33
1640	38
1640	56
1640	81
1640	83
1641	31
1641	33
1641	38
1641	46
1641	56
1641	80
1641	81
1641	83
1642	31
1642	33
1642	38
1642	56
1642	80
1642	81
1642	83
1643	31
1643	38
1643	46
1643	56
1643	80
1643	81
1643	83
1644	31
1644	33
1644	38
1644	46
1644	54
1644	56
1644	57
1644	80
1644	81
1644	82
1644	83
1645	6
1645	8
1645	9
1645	10
1645	11
1645	12
1645	31
1645	33
1645	35
1645	38
1645	43
1645	45
1645	50
1645	53
1645	54
1645	55
1645	56
1645	57
1645	60
1645	80
1645	81
1645	82
1645	83
1645	98
1645	99
1646	31
1646	33
1646	38
1646	43
1646	46
1646	54
1646	56
1646	57
1646	59
1646	80
1646	81
1646	82
1646	83
1647	6
1647	8
1647	9
1647	10
1647	12
1647	31
1647	33
1647	35
1647	38
1647	45
1647	50
1647	53
1647	54
1647	55
1647	56
1647	57
1647	80
1647	81
1647	82
1647	83
1647	98
1648	31
1648	33
1648	38
1648	54
1648	56
1648	57
1648	80
1648	81
1648	82
1648	83
1649	31
1649	33
1649	38
1649	43
1649	54
1649	56
1649	57
1649	80
1649	82
1649	83
1649	98
1650	31
1650	33
1650	38
1650	46
1650	56
1650	80
1650	81
1650	82
1650	83
1651	31
1651	33
1651	38
1651	46
1651	56
1651	80
1651	81
1651	83
1652	31
1652	33
1652	38
1652	46
1652	56
1652	57
1652	80
1652	81
1652	82
1652	83
1653	31
1653	33
1653	35
1653	38
1653	46
1653	54
1653	56
1653	57
1653	80
1653	81
1653	82
1654	31
1654	38
1654	46
1654	54
1654	56
1654	57
1654	80
1654	81
1654	82
1654	83
1655	31
1655	33
1655	38
1655	56
1655	80
1655	81
1655	83
1656	31
1656	33
1656	38
1656	46
1656	56
1656	81
1656	83
1657	38
1657	46
1657	56
1657	80
1657	81
1657	83
1658	31
1658	33
1658	38
1658	46
1658	56
1658	81
1658	83
1659	7
1659	10
1659	11
1659	34
1659	35
1659	36
1659	40
1659	47
1659	52
1659	53
1659	54
1659	83
1659	97
1660	23
1660	24
1660	30
1660	34
1660	35
1660	36
1660	40
1660	47
1660	50
1660	52
1660	53
1660	54
1660	55
1660	81
1660	97
1661	39
1661	49
1661	80
1661	83
1662	39
1662	49
1662	80
1663	31
1663	43
1663	80
1663	82
1663	83
1663	97
1664	43
1664	46
1664	56
1664	80
1664	82
1664	83
1665	38
1665	43
1665	56
1665	59
1665	80
1665	82
1665	83
1665	97
1666	31
1666	38
1666	39
1666	43
1666	46
1666	56
1666	59
1666	80
1666	82
1666	83
1666	97
1667	31
1667	38
1667	43
1667	56
1667	80
1667	83
1667	97
1667	98
1668	31
1668	39
1668	43
1668	46
1668	56
1668	59
1668	80
1668	82
1668	83
1668	97
1668	98
1669	43
1669	46
1669	56
1669	59
1669	80
1669	82
1669	83
1670	31
1670	38
1670	39
1670	43
1670	46
1670	56
1670	80
1670	82
1670	83
1670	93
1670	97
1671	31
1671	38
1671	39
1671	56
1671	59
1671	80
1671	82
1671	83
1671	98
1672	31
1672	38
1672	39
1672	43
1672	46
1672	56
1672	80
1672	82
1672	83
1673	46
1673	56
1673	80
1673	82
1673	83
1673	97
1673	98
1674	31
1674	39
1674	43
1674	46
1674	56
1674	80
1674	82
1674	83
1674	97
1675	43
1675	80
1675	82
1675	83
1676	38
1676	46
1676	56
1676	80
1676	82
1676	83
1677	31
1677	38
1677	56
1677	80
1677	82
1677	83
1677	98
1678	80
1678	82
1679	46
1679	56
1679	80
1680	38
1680	43
1680	56
1680	80
1680	82
1680	83
1680	97
1680	98
1681	38
1681	46
1681	56
1681	80
1681	82
1681	83
1682	38
1682	43
1682	56
1682	57
1682	80
1682	82
1682	83
1682	98
1683	39
1683	43
1683	57
1683	80
1683	82
1683	83
1683	97
1684	38
1684	46
1684	56
1684	57
1684	80
1684	82
1684	83
1684	97
1684	98
1685	38
1685	43
1685	46
1685	56
1685	80
1685	82
1685	83
1686	26
1686	27
1686	28
1686	31
1686	38
1686	43
1686	56
1686	80
1686	82
1686	83
1686	97
1687	38
1687	43
1687	46
1687	56
1687	80
1687	82
1687	83
1688	18
1688	19
1688	23
1688	31
1688	38
1688	39
1688	43
1688	46
1688	56
1688	57
1688	80
1688	82
1688	83
1689	19
1689	31
1689	38
1689	39
1689	43
1689	56
1689	57
1689	80
1689	82
1689	83
1689	97
1690	38
1690	43
1690	56
1690	80
1690	82
1690	83
1691	31
1691	38
1691	39
1691	43
1691	56
1691	57
1691	80
1691	82
1691	83
1691	97
1692	38
1692	43
1692	56
1692	80
1692	82
1692	83
1693	31
1693	39
1693	43
1693	57
1693	80
1693	82
1693	83
1694	43
1694	46
1694	56
1694	80
1694	82
1694	83
1695	80
1695	82
1696	28
1696	38
1696	56
1696	57
1696	80
1696	82
1696	83
1696	97
1697	46
1697	56
1697	80
1697	82
1697	83
1698	31
1698	38
1698	39
1698	43
1698	56
1698	80
1698	82
1699	46
1699	56
1699	59
1699	80
1699	82
1699	83
1700	19
1700	23
1700	26
1700	27
1700	28
1700	31
1700	39
1700	43
1700	46
1700	56
1700	57
1700	59
1700	60
1700	80
1700	81
1700	82
1700	83
1700	93
1700	95
1700	99
1701	23
1701	27
1701	28
1701	31
1701	38
1701	46
1701	56
1701	59
1701	80
1701	81
1701	82
1701	83
1702	1
1702	2
1702	8
1702	10
1702	12
1702	13
1702	14
1702	15
1702	25
1702	32
1702	45
1702	49
1702	99
1703	1
1703	2
1703	8
1703	10
1703	14
1703	15
1703	25
1703	32
1703	45
1703	49
1703	99
1704	7
1704	11
1704	47
1704	53
1704	54
1704	80
1704	83
1705	19
1705	23
1705	31
1705	39
1705	43
1705	46
1705	56
1705	57
1705	80
1705	81
1705	82
1705	83
1705	93
1705	94
1705	95
1705	97
1706	19
1706	28
1706	38
1706	39
1706	46
1706	56
1706	80
1706	82
1706	83
1706	97
1707	31
1707	39
1707	43
1707	46
1707	56
1707	57
1707	80
1707	82
1707	83
1707	97
1708	19
1708	23
1708	31
1708	38
1708	39
1708	43
1708	46
1708	56
1708	80
1708	81
1708	82
1708	83
1708	94
1708	97
1709	38
1709	46
1709	56
1709	80
1709	82
1709	83
1710	31
1710	38
1710	39
1710	43
1710	56
1710	57
1710	59
1710	80
1710	82
1710	83
1710	97
1710	98
1711	19
1711	23
1711	26
1711	27
1711	28
1711	31
1711	39
1711	46
1711	56
1711	80
1711	81
1711	83
1711	93
1711	94
1711	97
1712	19
1712	20
1712	23
1712	26
1712	27
1712	28
1712	31
1712	43
1712	46
1712	56
1712	57
1712	80
1712	81
1712	82
1712	83
1712	97
1713	26
1713	27
1713	28
1713	31
1713	38
1713	39
1713	43
1713	56
1713	57
1713	80
1713	82
1713	83
1713	93
1713	94
1713	95
1714	31
1714	39
1714	43
1714	46
1714	56
1714	57
1714	80
1714	82
1714	83
1714	97
1715	19
1715	27
1715	28
1715	31
1715	57
1715	80
1715	82
1715	97
1716	38
1716	46
1716	56
1716	80
1716	82
1716	83
1716	97
1716	98
1717	19
1717	31
1717	39
1717	43
1717	80
1717	82
1717	83
1717	95
1717	97
1717	98
1718	18
1718	19
1718	28
1718	31
1718	38
1718	39
1718	43
1718	56
1718	57
1718	59
1718	80
1718	82
1718	83
1719	31
1719	39
1719	43
1719	46
1719	56
1719	57
1719	80
1719	82
1719	83
1719	98
1720	31
1720	38
1720	39
1720	43
1720	46
1720	56
1720	57
1720	80
1720	82
1720	83
1721	38
1721	46
1721	56
1721	80
1721	82
1721	83
1721	97
1722	56
1723	56
1724	56
1725	56
1726	56
1727	56
1728	56
1729	56
1730	38
1730	46
1730	56
1730	59
1730	99
1731	2
1731	39
1731	43
1731	45
1731	49
1731	50
1731	79
1731	81
1731	83
1732	43
1732	81
1732	83
1733	31
1733	42
1733	43
1733	45
1733	49
1733	50
1733	81
1733	83
1734	2
1734	39
1734	43
1734	45
1734	49
1734	50
1734	79
1734	81
1734	83
1735	31
1735	39
1735	43
1735	45
1735	49
1735	79
1735	81
1735	83
1736	79
1736	81
1736	83
1737	43
1737	50
1737	79
1737	81
1737	83
1738	39
1738	43
1738	79
1738	81
1738	83
1739	2
1739	39
1739	43
1739	45
1739	49
1739	50
1739	81
1739	83
1740	2
1740	39
1740	43
1740	45
1740	49
1740	50
1740	79
1740	81
1740	83
1741	2
1741	39
1741	43
1741	45
1741	49
1741	50
1741	79
1741	81
1741	83
1742	39
1742	43
1742	79
1742	81
1742	83
1743	81
1744	39
1744	81
1744	83
1745	43
1745	81
1745	83
1746	39
1746	43
1746	79
1746	81
1746	83
1747	2
1747	39
1747	45
1747	50
1747	79
1747	81
1747	83
1748	39
1748	43
1748	79
1748	81
1748	83
1749	2
1749	39
1749	42
1749	45
1749	49
1749	79
1749	81
1749	83
1750	79
1750	81
1750	83
1751	79
1751	81
1751	83
1752	39
1752	43
1752	79
1752	81
1752	83
1753	2
1753	39
1753	43
1753	45
1753	49
1753	50
1753	79
1753	81
1753	83
1754	2
1754	31
1754	39
1754	43
1754	45
1754	49
1754	50
1754	79
1754	81
1754	83
1755	2
1755	31
1755	39
1755	43
1755	45
1755	49
1755	50
1755	79
1755	81
1755	83
1756	79
1756	81
1756	83
1757	2
1757	39
1757	43
1757	45
1757	49
1757	50
1757	79
1757	81
1757	83
1758	39
1758	81
1758	83
1759	31
1759	43
1759	49
1759	50
1759	79
1759	81
1759	83
1760	56
1761	56
1762	38
1762	39
1762	46
1762	56
1762	60
1762	80
1762	82
1762	99
1763	38
1763	39
1763	46
1763	56
1763	57
1763	60
1763	80
1763	82
1763	99
1764	38
1764	39
1764	43
1764	46
1764	56
1764	80
1764	82
1764	99
1765	38
1765	39
1765	43
1765	46
1765	56
1765	57
1765	60
1765	80
1765	82
1765	99
1766	38
1766	39
1766	43
1766	56
1766	57
1766	80
1766	82
1766	99
1767	39
1767	43
1767	56
1767	57
1767	60
1767	80
1767	82
1767	93
1767	99
1768	38
1768	39
1768	46
1768	56
1768	80
1768	82
1769	39
1769	43
1769	46
1769	56
1769	57
1769	60
1769	80
1769	82
1769	99
1770	38
1770	39
1770	43
1770	46
1770	56
1770	57
1770	60
1770	80
1770	82
1770	99
1771	38
1771	39
1771	43
1771	56
1771	57
1771	60
1771	80
1771	82
1771	99
1772	38
1772	39
1772	46
1772	56
1772	59
1772	80
1772	82
1773	43
1773	49
1773	50
1773	79
1773	81
1773	83
1774	43
1774	79
1774	81
1774	83
1775	39
1775	50
1775	79
1775	81
1775	83
1776	2
1776	31
1776	39
1776	43
1776	45
1776	49
1776	50
1776	79
1776	81
1776	83
1777	43
1777	81
1778	81
1778	83
1779	81
1780	39
1780	79
1780	81
1780	83
1781	50
1781	81
1781	83
1782	2
1782	39
1782	43
1782	45
1782	49
1782	50
1782	79
1782	81
1782	83
1783	43
1783	81
1783	83
1784	81
1785	1
1785	3
1785	5
1785	6
1785	7
1785	8
1785	9
1785	10
1785	11
1785	12
1785	15
1785	20
1785	21
1785	28
1785	30
1785	31
1785	37
1785	38
1785	39
1785	40
1785	46
1785	47
1785	50
1785	51
1785	53
1785	55
1785	56
1785	57
1785	59
1785	67
1785	80
1785	83
1785	84
1785	95
1785	99
1785	112
1786	1
1786	2
1786	6
1786	7
1786	8
1786	9
1786	10
1786	11
1786	12
1786	21
1786	23
1786	25
1786	31
1786	33
1786	34
1786	35
1786	38
1786	40
1786	42
1786	43
1786	44
1786	45
1786	46
1786	47
1786	50
1786	53
1786	56
1786	68
1786	80
1786	81
1786	82
1786	83
1786	93
1786	97
1786	98
1787	7
1787	9
1787	11
1787	15
1787	18
1787	19
1787	31
1787	46
1787	59
1787	60
1787	64
1787	82
1787	97
1787	98
1787	99
1788	15
1789	23
1789	31
1789	33
1789	38
1789	42
1789	43
1789	45
1789	46
1789	48
1789	54
1789	56
1789	57
1789	79
1789	80
1789	81
1789	82
1789	83
1790	43
1790	83
1791	43
1791	45
1791	48
1791	50
1791	57
1791	83
1792	43
1792	45
1792	50
1792	57
1792	83
1793	43
1793	45
1793	50
1793	83
1794	43
1794	45
1794	48
1794	50
1794	57
1794	83
1795	45
1795	57
1795	83
1796	5
1796	7
1796	8
1796	9
1796	10
1796	11
1796	12
1796	15
1796	34
1796	35
1796	38
1796	40
1796	47
1796	53
1796	97
1797	1
1797	2
1797	8
1797	10
1797	12
1797	13
1797	14
1797	15
1797	25
1797	32
1797	45
1797	49
1797	50
1797	99
1798	37
1798	38
1798	46
1798	56
1798	80
1799	37
1799	38
1799	46
1799	56
1799	80
1800	80
1800	82
1801	46
1801	56
1801	80
1801	82
1801	83
1801	97
1801	98
1802	38
1802	43
1802	56
1802	80
1802	82
1802	83
1803	38
1803	46
1803	56
1803	80
1803	82
1804	31
1804	38
1804	46
1804	56
1804	80
1804	82
1804	83
1805	31
1805	38
1805	39
1805	56
1805	80
1805	82
1805	83
1805	97
1806	38
1806	46
1806	56
1806	80
1806	82
1806	83
1807	31
1807	38
1807	56
1807	80
1807	83
1807	97
1807	98
1808	38
1808	46
1808	56
1808	59
1808	80
1808	82
1808	83
1809	80
1809	83
1809	97
1809	98
1810	38
1810	46
1810	56
1810	80
1810	82
1811	31
1811	38
1811	46
1811	56
1811	80
1811	82
1811	83
1812	38
1812	46
1812	56
1812	80
1813	46
1813	56
1813	80
1813	82
1813	83
1814	80
1814	82
1814	97
1814	98
1815	31
1815	46
1815	56
1815	80
1815	82
1815	83
1815	93
1815	98
1816	38
1816	56
1816	59
1816	80
1816	82
1816	83
1817	38
1817	43
1817	46
1817	56
1817	59
1817	80
1817	82
1818	38
1818	39
1818	43
1818	46
1818	56
1818	80
1818	82
1818	93
1818	99
1819	38
1819	39
1819	46
1819	56
1819	80
1819	82
1820	39
1820	43
1820	46
1820	56
1820	80
1820	82
1821	38
1821	46
1821	56
1821	80
1821	82
1822	43
1822	50
1822	81
1823	7
1823	9
1823	11
1823	15
1823	28
1823	31
1823	33
1823	46
1823	59
1823	97
1823	98
1823	99
1824	7
1824	9
1824	11
1824	15
1824	19
1824	28
1824	31
1824	33
1824	38
1824	46
1824	59
1824	60
1824	82
1824	97
1824	99
1824	104
1825	7
1825	9
1825	31
1825	38
1825	46
1825	59
1825	60
1825	82
1825	99
1826	7
1826	9
1826	11
1826	15
1826	31
1826	46
1826	59
1826	82
1826	97
1826	98
1826	99
1827	7
1827	9
1827	11
1827	15
1827	31
1827	46
1827	59
1827	60
1827	98
1827	99
1828	7
1828	9
1828	11
1828	15
1828	19
1828	31
1828	59
1828	97
1828	98
1828	99
1829	38
1829	46
1829	53
1829	56
1830	7
1830	9
1830	15
1830	18
1830	19
1830	20
1830	31
1830	46
1830	59
1830	82
1830	97
1830	99
1831	39
1831	43
1831	79
1831	81
1831	83
1832	39
1832	43
1832	49
1832	50
1832	79
1832	81
1832	83
1833	43
1833	81
1833	83
1834	2
1834	45
1834	49
1834	50
1834	81
1835	15
1835	31
1835	97
1835	98
1835	99
1836	7
1836	9
1836	11
1836	15
1836	31
1836	38
1836	46
1836	59
1836	82
1836	97
1836	98
1836	99
1836	105
1837	7
1837	9
1837	11
1837	15
1837	31
1837	38
1837	46
1837	59
1837	97
1837	99
1838	15
1838	18
1838	31
1838	46
1838	59
1838	60
1838	97
1838	99
1838	104
1839	31
1839	99
1840	7
1840	9
1840	11
1840	15
1840	19
1840	20
1840	31
1840	46
1840	59
1840	82
1840	97
1841	7
1841	9
1841	15
1841	19
1841	20
1841	28
1841	31
1841	33
1841	46
1841	59
1841	60
1841	82
1841	97
1841	98
1841	99
1842	19
1842	31
1842	46
1842	59
1842	99
1843	31
1843	33
1844	23
1844	31
1844	44
1844	45
1844	52
1845	23
1845	31
1845	33
1845	44
1845	45
1846	31
1847	23
1847	31
1847	33
1847	39
1847	44
1847	45
1847	79
1848	23
1848	31
1848	33
1848	44
1849	19
1849	26
1849	31
1849	39
1849	43
1849	46
1849	56
1849	80
1849	82
1849	83
1849	93
1849	94
1849	97
1850	23
1850	31
1850	33
1850	44
1851	31
1851	33
1852	31
1852	33
1853	31
1853	33
1854	38
1854	56
1854	80
1854	81
1854	83
1855	31
1855	33
1855	38
1855	46
1855	54
1855	56
1855	57
1855	60
1855	64
1855	80
1855	81
1855	82
1855	83
1855	99
1855	100
1856	31
1856	33
1856	39
1856	46
1856	54
1856	56
1856	57
1856	80
1856	81
1856	82
1856	83
1857	4
1857	31
1857	54
1857	56
1857	57
1857	59
1857	60
1857	80
1857	81
1857	83
1857	99
1857	122
1858	33
1858	38
1858	46
1858	54
1858	56
1858	59
1858	80
1858	81
1859	31
1859	33
1859	38
1859	39
1859	46
1859	54
1859	56
1859	57
1859	59
1859	80
1859	81
1859	82
1859	83
1859	99
1859	100
1860	31
1860	33
1860	38
1860	46
1860	56
1860	80
1860	81
1860	83
1861	31
1861	33
1861	46
1861	56
1861	83
1862	31
1862	38
1862	39
1862	46
1862	54
1862	56
1862	57
1862	80
1862	81
1862	82
1862	83
1862	107
1863	31
1863	38
1863	46
1863	56
1863	57
1863	80
1863	81
1864	31
1864	33
1864	38
1864	46
1864	56
1864	57
1864	80
1864	81
1865	31
1865	33
1865	38
1865	39
1865	46
1865	54
1865	56
1865	57
1865	80
1865	81
1865	82
1865	83
1865	99
1866	4
1866	31
1866	33
1866	38
1866	46
1866	56
1866	57
1866	59
1866	80
1866	81
1866	82
1866	99
1866	120
1866	122
1867	4
1867	31
1867	38
1867	39
1867	46
1867	56
1867	57
1867	59
1867	60
1867	80
1867	81
1867	83
1867	99
1867	120
1867	122
1868	31
1868	33
1868	38
1868	46
1868	56
1868	80
1868	81
1868	83
1869	31
1869	33
1869	38
1869	46
1869	54
1869	56
1869	57
1869	83
1870	31
1870	33
1870	38
1870	39
1870	56
1870	57
1870	80
1870	81
1870	82
1870	83
1871	31
1871	33
1871	39
1871	57
1871	80
1871	81
1871	83
1872	31
1872	33
1872	46
1872	56
1872	80
1872	81
1872	83
1873	31
1873	33
1873	38
1873	46
1873	56
1873	57
1873	80
1873	83
1874	31
1874	33
1874	38
1874	39
1874	46
1874	54
1874	56
1874	57
1874	80
1874	81
1874	82
1874	83
1874	99
1875	31
1875	33
1875	38
1875	39
1875	46
1875	54
1875	56
1875	57
1875	59
1875	80
1875	81
1875	82
1875	83
1875	99
1876	31
1876	33
1876	38
1876	39
1876	46
1876	54
1876	56
1876	57
1876	80
1876	81
1876	82
1876	83
1876	99
1877	31
1877	56
1877	80
1877	81
1877	83
1878	23
1878	24
1878	30
1878	81
1879	23
1879	24
1879	30
1879	81
1880	37
1880	38
1880	46
1880	56
1880	80
1881	15
1881	16
1881	19
1881	20
1881	21
1881	54
1881	101
1881	106
1881	111
1882	16
1882	17
1882	19
1882	21
1882	23
1882	27
1882	28
1882	30
1882	31
1882	33
1882	34
1882	35
1882	36
1882	38
1882	39
1882	42
1882	43
1882	44
1882	45
1882	46
1882	47
1882	48
1882	49
1882	50
1882	52
1882	54
1882	55
1882	56
1882	57
1882	68
1882	79
1882	80
1882	81
1882	82
1882	83
1882	90
1882	97
1883	15
1883	19
1883	21
1883	30
1883	64
1883	85
1883	86
1883	99
1883	100
1884	13
1884	15
1884	18
1884	19
1884	21
1884	30
1884	60
1884	64
1884	99
1884	100
1884	120
1885	4
1885	6
1885	7
1885	8
1885	9
1885	10
1885	12
1885	14
1885	15
1885	31
1885	33
1885	38
1885	46
1885	56
1885	80
1885	81
1885	83
1885	122
1886	6
1886	7
1886	8
1886	9
1886	10
1886	12
1886	14
1886	15
1886	31
1886	33
1886	38
1886	46
1886	56
1886	59
1886	80
1886	81
1886	83
1887	4
1887	6
1887	7
1887	9
1887	11
1887	12
1887	14
1887	15
1887	31
1887	33
1887	38
1887	39
1887	46
1887	54
1887	56
1887	57
1887	59
1887	64
1887	80
1887	81
1887	82
1887	83
1887	99
1887	100
1887	120
1887	122
1888	14
1888	15
1888	38
1888	46
1888	56
1888	80
1888	81
1888	83
1889	14
1889	15
1889	38
1889	46
1889	56
1890	6
1890	7
1890	9
1890	11
1890	14
1890	15
1890	31
1890	33
1890	38
1890	56
1890	57
1890	80
1890	81
1890	82
1890	83
1890	99
1891	7
1891	9
1891	14
1891	15
1891	38
1891	46
1891	56
1891	80
1891	81
1891	83
1892	6
1892	7
1892	8
1892	9
1892	10
1892	12
1892	14
1892	15
1892	31
1892	46
1892	56
1892	59
1892	80
1892	81
1892	82
1892	83
1892	99
1893	14
1893	15
1893	31
1893	33
1893	38
1893	46
1893	56
1893	80
1893	81
1893	83
1894	14
1894	15
1894	38
1894	46
1894	56
1894	59
1894	80
1894	81
1895	7
1895	9
1895	14
1895	15
1895	38
1895	56
1895	80
1895	81
1895	83
1896	31
1896	33
1896	38
1896	56
1896	80
1896	81
1897	38
1897	46
1897	56
1897	57
1897	80
1898	6
1898	7
1898	9
1898	10
1898	12
1898	14
1898	15
1898	31
1898	33
1898	38
1898	39
1898	46
1898	56
1898	57
1898	80
1898	81
1899	2
1899	7
1899	8
1899	9
1899	12
1899	14
1899	15
1899	25
1899	32
1899	38
1899	45
1899	46
1899	49
1899	56
1899	59
1899	80
1899	81
1900	7
1900	9
1900	14
1900	15
1900	38
1900	46
1900	56
1900	80
1900	81
1901	15
1901	38
1901	56
1901	80
1901	81
1902	38
1902	46
1902	56
1902	80
1902	81
1902	83
1903	6
1903	7
1903	8
1903	9
1903	10
1903	15
1903	31
1903	33
1903	38
1903	39
1903	46
1903	54
1903	56
1903	57
1903	59
1903	60
1903	80
1903	81
1903	82
1903	83
1903	99
1904	2
1904	6
1904	7
1904	8
1904	9
1904	10
1904	11
1904	12
1904	14
1904	15
1904	25
1904	32
1904	38
1904	46
1904	49
1904	56
1904	59
1904	80
1904	81
1904	83
1905	7
1905	8
1905	9
1905	10
1905	15
1905	38
1905	46
1905	56
1905	80
1906	31
1906	33
1906	38
1906	46
1906	56
1906	80
1906	81
1907	46
1907	56
1907	80
1907	81
1907	83
1908	38
1908	46
1908	56
1908	57
1908	80
1908	81
1908	83
1909	31
1909	33
1909	46
1909	56
1909	80
1909	82
1909	83
1910	31
1910	33
1910	38
1910	46
1910	56
1910	80
1910	82
1910	83
1911	31
1911	33
1911	38
1911	56
1911	59
1911	80
1911	82
1911	83
1912	31
1912	33
1912	38
1912	46
1912	56
1912	59
1912	80
1912	82
1912	83
1912	93
1913	31
1913	38
1913	56
1913	59
1913	80
1913	82
1914	31
1914	33
1914	38
1914	46
1914	56
1914	80
1914	82
1914	83
1915	31
1915	33
1915	38
1915	46
1915	56
1915	80
1915	82
1915	83
1916	31
1916	33
1916	46
1916	56
1916	80
1916	82
1916	83
1917	31
1917	33
1917	38
1917	46
1917	56
1917	80
1917	82
1917	83
1918	31
1918	33
1918	38
1918	56
1918	80
1918	82
1918	83
1919	31
1919	33
1919	38
1919	56
1919	80
1919	82
1919	83
1920	31
1920	33
1920	38
1920	46
1920	56
1920	80
1920	83
1921	31
1921	33
1921	38
1921	46
1921	56
1921	80
1921	82
1921	83
1922	31
1922	33
1922	38
1922	46
1922	56
1922	80
1922	82
1922	83
1923	31
1923	38
1923	46
1923	56
1923	80
1923	82
1923	83
1924	31
1924	33
1924	46
1924	56
1924	80
1924	82
1924	83
1925	31
1925	38
1925	46
1925	56
1925	80
1925	82
1925	83
1926	31
1926	33
1926	38
1926	56
1926	80
1926	82
1926	83
1927	31
1927	33
1927	56
1927	59
1927	80
1927	82
1928	31
1928	33
1928	38
1928	46
1928	56
1928	80
1928	82
1928	83
1929	31
1929	33
1929	38
1929	56
1929	80
1929	82
1929	83
1930	38
1930	46
1930	56
1930	80
1931	23
1931	24
1931	30
1931	81
1932	31
1932	33
1932	38
1932	56
1932	80
1932	81
1932	83
1933	31
1933	33
1933	46
1933	56
1933	80
1933	83
1934	38
1934	46
1934	56
1934	80
1934	81
1935	4
1935	31
1935	38
1935	39
1935	46
1935	54
1935	56
1935	57
1935	59
1935	60
1935	80
1935	81
1935	82
1935	83
1935	99
1935	120
1935	122
1936	38
1936	46
1936	56
1936	80
1936	81
1936	83
1937	38
1937	46
1937	56
1937	80
1937	81
1937	83
1938	38
1938	46
1938	56
1938	80
1939	15
1939	16
1939	19
1939	20
1939	54
1939	89
1939	90
1939	91
1939	94
1939	95
1939	101
1939	102
1939	106
1940	38
1940	56
1940	80
1941	31
1941	33
1941	38
1941	46
1941	56
1941	80
1941	82
1941	83
1942	1
1942	2
1942	8
1942	10
1942	12
1942	13
1942	14
1942	15
1942	25
1942	32
1942	45
1942	49
1942	50
1942	99
1943	13
1943	15
1943	18
1943	19
1943	21
1943	30
1943	64
1943	84
1943	99
1943	100
1944	2
1944	31
1944	45
1944	49
1944	80
1945	31
1945	49
1945	80
1946	2
1946	31
1946	45
1946	80
1947	2
1947	23
1947	25
1947	31
1947	32
1947	33
1947	38
1947	39
1947	44
1947	45
1947	46
1947	47
1947	48
1947	49
1947	52
1947	54
1947	56
1947	79
1947	80
1947	82
1947	83
1948	19
1948	21
1948	22
1948	23
1948	31
1948	33
1948	34
1948	35
1948	36
1948	37
1948	38
1948	39
1948	40
1948	42
1948	43
1948	45
1948	46
1948	47
1948	48
1948	49
1948	50
1948	51
1948	52
1948	53
1948	54
1948	55
1948	56
1948	57
1948	67
1948	68
1948	79
1948	80
1948	81
1948	82
1948	83
1948	97
1948	98
1949	8
1949	45
1949	88
1949	90
1949	91
1949	94
1949	95
1949	102
1950	8
1950	45
1950	88
1950	89
1950	90
1950	91
1950	94
1950	95
1951	8
1951	89
1951	91
1951	94
1951	95
1951	102
1952	8
1952	45
1952	89
1952	90
1952	94
1952	95
1952	102
1953	8
1953	45
1953	89
1953	91
1953	95
1953	102
1954	8
1954	45
1954	90
1954	91
1954	94
1954	95
1954	102
1955	8
1955	45
1955	89
1955	90
1955	91
1955	95
1955	102
1956	8
1956	45
1956	88
1956	89
1956	90
1956	91
1956	94
1956	95
1956	102
1957	8
1957	45
1957	88
1957	89
1957	90
1957	91
1957	95
1957	100
1957	102
1958	8
1958	45
1958	88
1958	89
1958	90
1958	91
1958	94
1958	95
1958	100
1958	102
1959	8
1959	45
1959	91
1959	94
1959	95
1959	100
1959	102
1960	8
1960	45
1960	89
1960	90
1960	91
1960	94
1960	100
1961	8
1961	45
1961	88
1961	91
1961	94
1961	95
1961	100
1961	102
1962	8
1962	45
1962	88
1962	89
1962	91
1962	94
1962	95
1962	100
1962	102
1963	8
1963	45
1963	89
1963	91
1963	94
1963	95
1963	100
1963	102
1964	8
1964	45
1964	88
1964	89
1964	91
1964	94
1964	95
1964	100
1965	8
1965	45
1965	88
1965	89
1965	91
1965	94
1965	95
1965	100
1965	102
1966	8
1966	45
1966	89
1966	90
1966	94
1966	95
1966	102
1967	8
1967	45
1967	89
1967	90
1967	91
1967	94
1967	95
1967	100
1967	102
1968	8
1968	45
1968	88
1968	89
1968	90
1968	94
1968	95
1968	100
1968	102
1969	8
1969	45
1969	90
1969	91
1969	94
1969	95
1969	100
1970	38
1970	46
1970	56
1971	38
1971	46
1971	56
1972	38
1972	46
1972	56
1973	38
1973	46
1973	56
1974	38
1974	46
1974	56
1975	38
1975	46
1975	56
1976	8
1976	45
1976	89
1976	91
1976	95
1976	100
1977	8
1977	45
1977	91
1977	95
1977	100
1977	102
1978	8
1978	45
1978	90
1978	94
1978	95
1978	100
1979	8
1979	45
1979	90
1979	94
1979	95
1979	100
1980	8
1980	45
1980	88
1980	90
1980	91
1980	94
1980	95
1980	100
1981	8
1981	45
1981	89
1981	91
1981	94
1981	95
1981	100
1981	102
1982	8
1982	45
1982	89
1982	90
1982	91
1982	94
1982	95
1982	100
1982	102
1983	8
1983	91
1983	94
1983	95
1983	100
1984	8
1984	45
1984	88
1984	89
1984	90
1984	94
1984	95
1984	100
1985	8
1985	45
1985	89
1985	90
1985	91
1985	94
1985	95
1985	100
1986	8
1986	45
1986	89
1986	91
1986	94
1986	95
1986	100
1986	102
1987	8
1987	45
1987	89
1987	90
1987	91
1987	94
1987	95
1987	100
1988	8
1988	45
1988	88
1988	89
1988	90
1988	95
1988	100
1988	102
1989	8
1989	45
1989	88
1989	89
1989	91
1989	94
1989	95
1989	100
1990	8
1990	45
1990	88
1990	89
1990	90
1990	94
1990	95
1990	100
1991	8
1991	45
1991	89
1991	90
1991	91
1991	94
1991	95
1991	100
1992	8
1992	45
1992	90
1992	91
1992	94
1992	95
1992	100
1992	102
1993	14
1993	15
1994	1
1994	6
1994	7
1994	9
1994	10
1994	11
1994	12
1994	21
1994	38
1994	46
1994	53
1994	56
1995	14
1995	15
1996	8
1996	45
1996	89
1996	90
1996	95
1997	8
1997	45
1997	88
1997	90
1997	91
1997	94
1997	95
1997	102
1998	8
1998	45
1998	88
1998	89
1998	90
1998	91
1998	94
1998	95
1998	100
1998	102
1999	8
1999	45
1999	89
1999	90
1999	91
1999	94
1999	95
1999	100
2000	8
2000	45
2000	89
2000	90
2000	91
2000	94
2000	95
2000	100
2000	102
2001	8
2001	45
2001	89
2001	94
2001	95
2001	100
2001	102
2002	8
2002	45
2002	89
2002	90
2002	91
2002	95
2002	100
2003	8
2003	45
2003	89
2003	91
2003	94
2003	95
2003	100
2004	8
2004	45
2004	89
2004	90
2004	91
2004	100
2004	102
2005	8
2005	45
2005	89
2005	91
2005	95
2005	100
2006	8
2006	45
2006	88
2006	89
2006	91
2006	95
2006	100
2006	102
2007	8
2007	45
2007	89
2007	91
2007	94
2007	95
2007	100
2007	102
2008	8
2008	45
2008	88
2008	90
2008	91
2008	94
2008	95
2008	100
2009	8
2009	45
2009	89
2009	90
2009	91
2009	94
2009	95
2009	100
2009	102
2010	8
2010	45
2010	89
2010	91
2010	94
2010	95
2010	100
2010	102
2011	8
2011	45
2011	89
2011	94
2011	95
2011	100
2011	102
2012	8
2012	45
2012	89
2012	91
2012	94
2012	95
2012	100
2012	102
2013	8
2013	45
2013	89
2013	91
2013	95
2013	100
2014	8
2014	45
2014	89
2014	90
2014	91
2014	95
2014	100
2015	14
2015	15
2016	14
2016	15
2017	14
2017	15
2018	14
2018	15
2019	14
2019	15
2020	14
2020	15
2021	14
2021	15
2022	14
2022	15
2023	14
2023	15
2024	14
2024	15
2025	15
2026	15
2027	14
2027	15
2028	14
2028	15
2029	14
2029	15
2030	8
2030	45
2030	89
2030	90
2030	91
2030	95
2031	8
2031	45
2031	89
2031	90
2031	94
2031	95
2032	8
2032	45
2032	89
2032	90
2032	91
2032	94
2032	95
2032	102
2033	8
2033	45
2033	89
2033	90
2033	91
2033	94
2033	95
2033	102
2034	8
2034	45
2034	88
2034	89
2034	90
2034	91
2034	94
2034	95
2034	102
2035	8
2035	45
2035	89
2035	90
2035	91
2035	95
2035	102
2036	8
2036	45
2036	88
2036	89
2036	90
2036	91
2036	94
2036	95
2036	102
2037	14
2037	15
2038	14
2038	15
2039	14
2039	15
2040	14
2040	15
2041	8
2041	45
2041	89
2041	90
2041	94
2041	95
2041	102
2042	18
2042	30
2042	52
2042	85
2042	86
2043	8
2043	45
2043	89
2043	90
2043	95
2043	100
2043	102
2044	13
2044	15
2044	19
2044	30
2045	13
2045	15
2045	19
2045	30
2046	13
2046	15
2046	19
2046	30
2047	13
2047	15
2047	19
2048	13
2048	15
2048	19
2048	30
2049	15
2049	18
2049	19
2049	21
2049	30
2049	85
2049	86
2049	118
2050	8
2050	45
2050	89
2050	91
2050	94
2050	95
2050	102
2051	4
2051	13
2051	15
2051	60
2051	86
2051	99
2051	122
2052	15
2052	19
2052	20
2052	21
2052	30
2052	84
2052	86
2052	99
2053	15
2053	19
2053	20
2053	30
2053	59
2053	84
2053	85
2053	86
2053	99
2054	13
2054	15
2054	19
2054	20
2054	30
2054	84
2054	85
2054	86
2055	13
2055	15
2055	19
2055	21
2055	30
2055	84
2055	85
2055	86
2055	99
2056	13
2056	15
2056	19
2056	21
2056	30
2056	59
2056	86
2057	13
2057	15
2057	19
2057	30
2057	84
2057	85
2057	86
2058	13
2058	15
2058	19
2058	21
2058	30
2058	84
2058	99
2058	118
2059	13
2059	15
2059	30
2060	15
2060	19
2060	99
2061	15
2061	19
2061	21
2061	30
2061	86
2061	99
2062	13
2062	15
2062	19
2062	30
2062	60
2062	86
2062	99
2063	13
2063	15
2063	30
2063	84
2063	85
2063	86
2064	13
2064	15
2064	19
2064	30
2064	84
2064	85
2064	86
2064	99
2065	13
2065	15
2065	19
2065	30
2065	84
2065	86
2066	13
2066	15
2066	19
2066	20
2066	21
2066	30
2066	84
2066	86
2066	99
2067	13
2067	15
2067	19
2067	21
2067	30
2067	64
2067	86
2067	99
2068	13
2068	15
2068	19
2069	13
2069	15
2069	19
2069	30
2069	85
2069	86
2070	13
2070	15
2070	19
2070	21
2070	30
2070	86
2070	99
2071	13
2071	15
2071	18
2071	19
2071	20
2071	30
2071	84
2071	85
2071	86
2072	13
2072	15
2072	19
2072	30
2073	13
2073	15
2073	19
2073	30
2074	15
2074	19
2074	20
2074	30
2074	84
2074	86
2075	13
2075	15
2075	19
2075	30
2075	85
2076	4
2076	13
2076	15
2076	19
2076	20
2076	21
2076	30
2076	46
2076	59
2076	60
2076	61
2076	64
2076	84
2076	85
2076	86
2076	99
2076	100
2076	105
2076	120
2076	122
2077	8
2077	45
2077	89
2077	91
2077	94
2077	95
2078	4
2078	13
2078	15
2078	19
2078	30
2078	84
2078	99
2078	122
2079	31
2079	33
2079	45
2079	49
2079	50
2079	54
2079	55
2079	57
2079	97
2080	13
2080	15
2080	19
2080	21
2080	30
2080	86
2081	13
2081	15
2081	19
2081	21
2081	30
2081	84
2081	85
2081	99
2082	2
2082	31
2082	33
2082	45
2082	49
2082	50
2082	54
2082	55
2082	57
2082	97
2082	98
2083	88
2083	89
2083	90
2083	91
2083	94
2083	95
2084	38
2084	80
2084	81
2084	82
2085	13
2085	15
2085	19
2085	30
2085	84
2085	86
2086	13
2086	15
2086	19
2086	30
2086	84
2086	85
2087	1
2087	2
2087	8
2087	10
2087	12
2087	13
2087	14
2087	15
2087	25
2087	32
2087	45
2087	50
2087	99
2088	8
2088	45
2088	89
2088	91
2088	95
2088	102
2089	2
2089	5
2089	6
2089	7
2089	8
2089	9
2089	10
2089	11
2089	12
2089	15
2089	25
2089	32
2089	41
2089	45
2089	48
2089	50
2089	64
2089	66
2089	99
2089	100
2090	8
2090	89
2090	90
2090	91
2090	94
2090	95
2090	102
2091	8
2091	45
2091	89
2091	94
2091	95
2091	100
2091	102
2092	8
2092	45
2092	89
2092	90
2092	91
2092	94
2092	95
2092	100
2092	102
2093	14
2093	15
2094	14
2094	15
2095	14
2095	15
2096	15
2097	14
2097	15
2098	14
2098	15
2099	6
2099	7
2099	8
2099	9
2099	10
2099	14
2099	15
2100	14
2100	15
2100	38
2100	46
2100	56
2100	57
2100	80
2100	81
2100	82
2100	83
2101	2
2101	6
2101	8
2101	9
2101	10
2101	11
2101	12
2101	15
2101	25
2101	32
2101	38
2101	45
2101	49
2101	56
2102	8
2102	45
2102	91
2102	94
2102	95
2103	14
2103	15
2104	8
2104	45
2104	89
2104	91
2104	94
2104	95
2104	100
2105	39
2105	79
2105	81
2105	83
2106	31
2106	60
2106	99
2107	31
2107	99
2108	79
2108	81
2108	83
2109	18
2109	31
2109	59
2109	82
2109	99
2110	31
2110	38
2110	83
2111	7
2111	9
2111	15
2111	31
2111	46
2111	59
2111	60
2111	80
2111	82
2111	97
2111	99
2112	7
2112	9
2112	11
2112	15
2112	31
2112	46
2112	59
2112	60
2112	82
2112	97
2112	99
2113	31
2113	97
2114	7
2114	9
2114	11
2114	15
2114	31
2114	46
2114	59
2114	60
2114	97
2114	98
2114	99
2115	7
2115	9
2115	15
2115	19
2115	28
2115	31
2115	38
2115	46
2115	59
2115	97
2115	98
2116	7
2116	9
2116	11
2116	15
2116	19
2116	33
2116	46
2116	59
2116	82
2116	97
2116	98
2117	7
2117	9
2117	11
2117	15
2117	46
2117	59
2117	97
2117	99
2117	100
2118	15
2118	20
2118	28
2118	33
2118	46
2118	59
2118	97
2118	98
2118	100
2119	20
2119	46
2119	59
2119	82
2120	7
2120	9
2120	11
2120	15
2120	38
2120	46
2120	59
2120	64
2120	82
2120	97
2120	98
2120	99
2120	100
2120	105
2121	7
2121	9
2121	11
2121	15
2121	38
2121	46
2121	59
2121	64
2121	82
2121	97
2121	98
2121	99
2121	100
2121	105
2122	31
2122	46
2122	59
2122	82
2122	99
2122	105
2123	46
2123	59
2123	105
2124	33
2124	53
2124	99
2125	31
2125	33
2125	42
2125	50
2125	52
2125	53
2125	54
2125	80
2125	83
2125	99
2126	33
2126	53
2126	82
2126	83
2126	99
2127	33
2127	53
2127	54
2127	80
2127	82
2127	99
2128	99
2129	72
2129	73
2129	74
2129	78
2129	107
2130	13
2130	15
2130	99
2131	7
2131	9
2131	15
2131	33
2131	97
2132	28
2132	33
2132	97
2133	18
2133	19
2133	28
2133	33
2133	104
2134	15
2134	97
2134	98
2135	28
2135	59
2135	97
2136	15
2136	97
2136	98
2137	31
2137	33
2137	34
2137	37
2137	39
2137	42
2137	43
2137	54
2137	83
2137	98
2138	33
2138	97
2138	98
2139	15
2139	97
2139	98
2140	1
2140	3
2140	12
2140	39
2140	43
2140	83
2140	98
2141	7
2141	9
2141	15
2141	19
2141	97
2141	98
2142	31
2142	60
2142	99
2143	15
2143	28
2144	7
2144	9
2144	15
2144	28
2144	97
2145	23
2145	31
2145	33
2145	38
2145	39
2145	42
2145	43
2145	45
2145	46
2145	48
2145	52
2145	54
2145	56
2145	57
2145	80
2145	82
2145	83
2146	38
2146	46
2146	56
2146	80
2146	81
2146	83
2147	1
2147	10
2147	12
2148	1
2148	10
2148	12
2149	1
2149	10
2149	12
2150	1
2150	10
2150	12
2151	1
2151	10
2151	12
2152	1
2152	10
2152	12
2153	1
2153	10
2153	12
2154	1
2154	10
2154	12
2155	1
2155	10
2155	12
2156	1
2156	10
2156	12
2157	1
2157	10
2157	12
2158	1
2158	10
2158	12
2159	1
2159	10
2159	12
2160	1
2160	10
2160	12
2161	1
2161	10
2161	12
2162	1
2162	10
2162	12
2163	1
2163	10
2163	12
2164	1
2164	10
2164	12
2165	1
2165	10
2165	12
2166	1
2166	10
2166	12
2167	39
2167	83
2167	98
2167	99
2168	39
2168	43
2168	83
2168	98
2169	39
2169	64
2169	83
2169	98
2169	100
2170	1
2170	10
2170	12
2170	13
2170	14
2170	15
2171	1
2171	10
2171	12
2171	13
2171	15
2172	1
2172	10
2172	12
2172	13
2172	15
2173	1
2173	10
2173	12
2173	13
2173	14
2173	15
2174	1
2174	10
2174	12
2174	13
2174	14
2174	15
2175	1
2175	10
2175	12
2175	14
2175	15
2176	1
2176	10
2176	12
2176	13
2176	14
2176	15
2177	1
2177	10
2177	12
2177	13
2177	14
2177	15
2178	1
2178	10
2178	13
2178	15
2179	1
2179	10
2179	12
2179	13
2179	14
2179	15
2180	1
2180	10
2180	12
2180	13
2180	14
2180	15
2181	1
2181	10
2181	13
2181	14
2181	15
2182	1
2182	10
2182	12
2182	13
2182	15
2183	1
2183	10
2183	12
2183	13
2183	15
2184	1
2184	10
2184	12
2184	13
2184	14
2184	15
2185	2
2185	6
2185	7
2185	9
2185	11
2185	23
2185	25
2185	27
2185	28
2185	31
2185	33
2185	34
2185	38
2185	39
2185	45
2185	46
2185	49
2185	52
2185	56
2185	57
2185	80
2185	81
2185	83
2185	97
2185	98
2186	1
2186	10
2186	12
2186	13
2186	14
2186	15
2187	1
2187	10
2187	12
2187	14
2187	15
2188	1
2188	10
2188	12
2188	13
2188	15
2189	1
2189	6
2189	7
2189	9
2189	10
2189	11
2189	12
2189	47
2189	50
2189	53
2189	98
2190	6
2190	7
2190	9
2190	10
2190	11
2190	12
2190	21
2190	38
2190	46
2190	56
2190	57
2190	99
2191	1
2191	6
2191	7
2191	9
2191	10
2191	11
2191	12
2191	38
2191	46
2191	53
2191	56
2191	80
2191	99
2192	1
2192	6
2192	7
2192	9
2192	10
2192	11
2192	12
2192	21
2192	28
2192	40
2192	46
2192	47
2192	50
2192	52
2192	53
2192	56
2192	57
2192	80
2192	98
2192	99
2193	1
2193	6
2193	7
2193	9
2193	10
2193	11
2193	12
2193	21
2193	40
2193	46
2193	47
2193	50
2193	52
2193	53
2193	56
2193	57
2193	80
2193	98
2193	99
2194	1
2194	7
2194	9
2194	10
2194	11
2194	12
2194	46
2194	56
2195	1
2195	6
2195	7
2195	9
2195	10
2195	11
2195	12
2195	46
2195	47
2195	50
2195	53
2195	56
2195	57
2195	80
2195	98
2196	1
2196	7
2196	9
2196	10
2196	11
2196	12
2196	46
2196	52
2196	53
2196	56
2197	1
2197	6
2197	7
2197	9
2197	10
2197	11
2197	12
2197	21
2198	1
2198	7
2198	9
2198	10
2198	11
2198	12
2198	38
2198	40
2198	47
2198	50
2198	53
2198	56
2198	80
2199	1
2199	6
2199	7
2199	9
2199	10
2199	11
2199	12
2200	6
2200	7
2200	9
2200	11
2200	12
2200	38
2200	40
2200	46
2200	47
2200	50
2200	56
2200	80
2201	1
2201	6
2201	7
2201	9
2201	10
2201	11
2201	12
2201	38
2201	53
2201	56
2201	80
2202	1
2202	6
2202	7
2202	10
2202	11
2202	12
2202	40
2202	47
2202	52
2202	53
2202	80
2203	1
2203	6
2203	7
2203	9
2203	10
2203	11
2203	12
2203	21
2203	38
2203	47
2203	50
2203	52
2203	53
2203	56
2203	57
2203	80
2203	98
2204	1
2204	6
2204	7
2204	9
2204	10
2204	11
2204	12
2205	1
2205	7
2205	9
2205	10
2205	11
2205	12
2206	1
2206	10
2206	13
2206	15
2207	1
2207	10
2207	12
2207	13
2207	14
2207	15
2208	1
2208	10
2208	12
2208	13
2208	14
2208	15
2209	1
2209	6
2209	7
2209	9
2209	10
2209	11
2209	12
2209	21
2209	40
2209	47
2209	50
2209	52
2209	53
2209	57
2209	72
2209	73
2209	74
2209	78
2209	80
2209	98
2209	99
2210	1
2210	6
2210	7
2210	9
2210	10
2210	11
2210	12
2210	50
2210	53
2210	80
2211	1
2211	7
2211	9
2211	10
2211	11
2211	12
2211	47
2211	53
2211	99
2212	1
2212	7
2212	9
2212	10
2212	11
2212	12
2212	40
2212	47
2213	1
2213	6
2213	7
2213	9
2213	10
2213	11
2213	12
2213	21
2213	38
2213	40
2213	46
2213	47
2213	50
2213	52
2213	53
2213	56
2213	72
2213	73
2213	74
2213	78
2213	80
2213	98
2213	99
2214	1
2214	6
2214	7
2214	9
2214	10
2214	11
2214	12
2215	1
2215	6
2215	7
2215	9
2215	10
2215	11
2215	12
2215	21
2216	1
2216	6
2216	7
2216	9
2216	10
2216	11
2216	12
2216	21
2216	38
2216	56
2217	1
2217	6
2217	7
2217	9
2217	10
2217	11
2217	12
2217	38
2217	46
2217	56
2218	1
2218	6
2218	7
2218	9
2218	10
2218	11
2218	12
2218	21
2218	38
2218	46
2218	56
2218	57
2218	80
2219	1
2219	6
2219	7
2219	9
2219	10
2219	11
2219	12
2219	21
2220	7
2220	9
2220	10
2220	11
2220	12
2220	46
2220	56
2221	6
2221	7
2221	9
2221	10
2221	11
2221	12
2222	1
2222	7
2222	9
2222	11
2222	12
2222	21
2222	40
2222	47
2222	53
2222	56
2222	72
2222	73
2222	74
2222	78
2223	1
2223	7
2223	9
2223	10
2223	11
2223	12
2224	1
2224	6
2224	7
2224	9
2224	10
2224	12
2224	53
2225	1
2225	6
2225	7
2225	9
2225	10
2225	11
2225	12
2226	1
2226	7
2226	9
2226	10
2227	1
2227	7
2227	9
2227	10
2227	11
2227	12
2228	7
2228	11
2228	12
2228	21
2228	40
2228	46
2228	47
2228	52
2228	56
2228	80
2228	103
2229	1
2229	6
2229	7
2229	9
2229	10
2229	11
2229	12
2229	40
2229	46
2229	47
2229	56
2229	57
2229	80
2229	98
2229	99
2230	99
2231	1
2231	3
2231	10
2231	31
2231	35
2231	37
2231	43
2231	45
2231	50
2231	80
2231	83
2232	7
2232	9
2232	10
2232	31
2232	39
2232	43
2232	80
2232	83
2233	31
2233	35
2233	37
2233	39
2233	43
2233	45
2233	50
2233	80
2233	83
2233	97
2234	31
2234	45
2234	50
2234	80
2234	83
2235	31
2235	35
2235	39
2235	45
2235	80
2235	83
2235	97
2235	98
2236	31
2236	45
2236	80
2236	83
2237	31
2237	39
2237	45
2237	80
2237	83
2238	31
2238	35
2238	37
2238	39
2238	43
2238	45
2238	50
2238	80
2238	83
2238	97
2238	98
2239	7
2239	11
2239	12
2239	31
2239	43
2239	50
2239	80
2239	83
2240	31
2240	37
2240	39
2240	43
2240	45
2240	80
2240	83
2241	31
2241	45
2241	80
2241	83
2242	31
2242	39
2242	45
2242	80
2242	83
2242	97
2242	98
2243	80
2243	99
2244	80
2244	99
2245	80
2245	99
2246	80
2246	99
2247	80
2247	99
2248	31
2248	35
2248	37
2248	43
2248	45
2248	50
2248	80
2248	83
2248	97
2249	31
2249	35
2249	37
2249	39
2249	45
2249	50
2249	80
2249	83
2249	98
2250	31
2250	35
2250	37
2250	39
2250	45
2250	50
2250	83
2250	97
2251	31
2251	35
2251	39
2251	43
2251	45
2251	80
2251	97
2252	31
2252	35
2252	39
2252	43
2252	45
2252	80
2252	83
2253	31
2253	35
2253	39
2253	45
2253	50
2253	80
2253	83
2253	98
2254	6
2254	7
2254	9
2254	11
2254	12
2254	31
2254	35
2254	39
2254	43
2254	45
2254	50
2254	80
2254	83
2254	97
2255	31
2255	39
2255	45
2255	80
2255	83
2256	31
2256	35
2256	37
2256	39
2256	43
2256	45
2256	50
2256	80
2256	83
2256	97
2257	31
2257	35
2257	37
2257	39
2257	45
2257	50
2257	80
2257	83
2257	98
2258	31
2258	35
2258	37
2258	39
2258	43
2258	45
2258	50
2258	83
2258	97
2258	98
2259	31
2259	35
2259	37
2259	39
2259	43
2259	45
2259	50
2259	80
2259	83
2259	97
2260	31
2260	35
2260	43
2260	50
2260	80
2260	97
2261	31
2261	39
2261	43
2261	45
2261	50
2261	80
2261	83
2261	97
2261	98
2262	31
2262	35
2262	43
2262	80
2262	83
2262	98
2263	31
2263	39
2263	45
2263	80
2263	83
2264	31
2264	35
2264	37
2264	39
2264	43
2264	45
2264	50
2264	80
2264	83
2264	98
2265	31
2265	35
2265	39
2265	43
2265	45
2265	80
2265	83
2265	97
2265	98
2266	31
2266	35
2266	37
2266	39
2266	43
2266	45
2266	50
2266	80
2266	83
2266	97
2266	98
2267	1
2267	3
2267	7
2267	10
2267	11
2267	31
2267	37
2267	39
2267	45
2267	50
2267	80
2267	83
2267	97
2268	3
2268	7
2268	10
2268	11
2268	12
2268	31
2268	45
2268	50
2268	80
2268	83
2268	97
2269	7
2269	8
2269	11
2269	31
2269	37
2269	39
2269	43
2269	45
2269	80
2269	97
2269	98
2270	1
2270	3
2270	7
2270	9
2270	10
2270	11
2270	12
2270	15
2270	31
2270	35
2270	37
2270	39
2270	43
2270	45
2270	50
2270	80
2270	83
2271	1
2271	7
2271	10
2271	11
2271	31
2271	35
2271	37
2271	39
2271	43
2271	45
2271	50
2271	80
2271	83
2272	3
2272	7
2272	11
2272	12
2272	15
2272	31
2272	35
2272	39
2272	43
2272	45
2272	50
2272	80
2272	83
2272	99
2273	31
2273	39
2273	43
2273	45
2273	80
2273	83
2274	31
2274	39
2274	45
2274	80
2274	83
2275	31
2275	39
2275	43
2275	45
2275	80
2275	83
2276	31
2276	43
2276	45
2276	50
2276	80
2276	83
2277	7
2277	9
2277	11
2277	12
2277	39
2277	43
2277	50
2277	59
2277	80
2277	83
2278	31
2278	39
2278	45
2278	80
2278	83
2279	7
2279	10
2279	11
2279	12
2279	31
2279	80
2279	83
2280	7
2280	9
2280	11
2280	31
2280	35
2280	37
2280	39
2280	43
2280	45
2280	50
2280	80
2280	98
2281	6
2281	7
2281	9
2281	10
2281	11
2281	12
2281	31
2281	43
2281	45
2281	50
2281	80
2281	83
2281	99
2282	31
2282	39
2282	45
2282	80
2283	15
2284	15
2285	15
2286	15
2287	15
2288	15
2289	15
2290	15
2291	15
2292	38
2292	46
2292	56
2292	80
2292	81
2293	31
2293	34
2293	45
2293	48
2294	31
2294	34
2294	45
2295	31
2295	34
2295	45
2296	31
2296	34
2296	49
2297	31
2297	34
2297	45
2298	34
2298	48
2299	31
2299	34
2300	31
2300	34
2301	31
2301	34
2302	31
2302	34
2302	45
2303	31
2303	34
2304	31
2304	33
2304	34
2305	31
2305	34
2305	45
2305	48
2306	31
2306	33
2306	34
2307	31
2307	34
2307	48
2308	31
2308	34
2309	31
2309	34
2309	45
2310	31
2310	33
2310	34
2311	31
2311	33
2311	34
2311	45
2312	34
2312	45
2313	33
2313	34
2314	31
2314	34
2314	45
2314	48
2315	31
2315	34
2315	45
2316	34
2316	45
2316	48
2316	49
2317	31
2317	34
2318	31
2318	34
2318	45
2319	31
2319	34
2320	31
2320	34
2321	31
2321	34
2322	31
2322	34
2322	48
2323	31
2323	34
2323	49
2324	31
2324	34
2325	33
2325	34
2325	45
2326	31
2326	34
2327	31
2327	33
2327	34
2328	31
2328	34
2329	31
2329	37
2329	39
2329	43
2329	50
2329	80
2329	83
2329	98
2330	35
2330	80
2330	83
2330	97
2330	98
2331	1
2331	3
2331	7
2331	10
2331	35
2331	37
2331	43
2331	50
2331	80
2331	83
2331	97
2332	31
2332	35
2332	37
2332	45
2332	80
2332	83
2332	98
2333	31
2333	37
2333	39
2333	43
2333	45
2333	50
2333	80
2333	83
2333	97
2333	98
2334	31
2334	35
2334	37
2334	39
2334	43
2334	45
2334	50
2334	80
2334	83
2335	31
2335	43
2335	80
2335	83
2336	31
2336	34
2337	31
2337	34
2338	31
2338	34
2338	49
2339	33
2339	34
2340	34
2340	45
2341	31
2341	34
2342	31
2342	33
2342	34
2342	48
2343	31
2343	34
2344	31
2344	34
2345	31
2345	34
2346	31
2346	34
2346	45
2346	49
2347	31
2347	34
2347	48
2348	31
2348	34
2349	31
2349	45
2349	80
2349	83
2350	31
2350	34
2351	31
2351	34
2352	31
2352	34
2353	31
2353	34
2354	31
2354	34
2355	31
2355	34
2356	31
2356	34
2357	31
2357	34
2358	31
2358	34
2359	31
2359	34
2360	34
2360	48
2361	31
2361	34
2362	34
2362	48
2363	31
2363	34
2363	48
2364	31
2364	34
2365	31
2365	34
2365	45
2366	31
2366	34
2367	31
2367	45
2367	80
2367	83
2368	38
2368	46
2368	56
2368	80
2368	81
2368	83
2369	31
2369	33
2369	38
2369	83
2370	23
2370	31
2370	33
2371	38
2371	46
2371	56
2371	97
2372	97
2372	98
2373	57
2374	38
2374	46
2374	56
2374	80
2374	81
2374	83
2375	97
2375	98
2376	97
2376	98
2377	97
2377	98
2378	97
2378	98
2379	97
2379	98
2380	23
2380	26
2380	108
2380	110
2380	111
2381	97
2381	98
2382	97
2382	98
2383	97
2383	98
2384	97
2384	98
2385	97
2385	98
2386	97
2386	98
2387	83
2388	20
2388	31
2388	80
2388	89
2388	101
2388	106
2388	109
2388	117
2389	20
2389	31
2389	80
2389	89
2389	101
2389	106
2389	109
2389	114
2389	117
2390	20
2390	31
2390	80
2390	89
2390	101
2390	106
2390	109
2390	117
2391	20
2391	31
2391	80
2391	89
2391	101
2391	106
2391	109
2391	114
2391	117
2392	20
2392	31
2392	80
2392	89
2392	101
2392	106
2392	109
2392	117
2393	20
2393	31
2393	80
2393	89
2393	101
2393	106
2393	109
2393	117
2394	31
2394	80
2394	101
2395	31
2395	80
2396	19
2396	21
2396	22
2396	26
2396	39
2396	42
2396	45
2396	48
2396	49
2396	54
2396	68
2396	82
2396	83
2397	23
2397	31
2397	33
2397	34
2397	37
2397	38
2397	44
2397	45
2397	48
2397	50
2397	51
2397	52
2397	80
2397	81
2397	82
2397	83
2398	38
2398	59
2398	79
2398	80
2398	81
2398	82
2398	83
2399	33
2399	38
2399	43
2399	46
2399	48
2399	56
2399	80
2399	81
2399	82
2399	83
2400	31
2400	80
2400	83
2401	31
2401	80
2401	83
2402	35
2402	38
2402	46
2402	56
2403	31
2404	1
2404	2
2404	3
2404	5
2404	6
2404	7
2404	8
2404	9
2404	10
2404	11
2404	12
2404	13
2404	14
2404	15
2404	16
2404	17
2404	18
2404	19
2404	21
2404	23
2404	25
2404	26
2404	27
2404	28
2404	30
2404	31
2404	32
2404	33
2404	34
2404	35
2404	38
2404	39
2404	41
2404	42
2404	43
2404	45
2404	46
2404	48
2404	49
2404	50
2404	52
2404	59
2404	60
2404	61
2404	64
2404	67
2404	68
2404	80
2404	81
2404	82
2404	83
2404	86
2404	87
2404	90
2404	91
2404	92
2404	93
2404	94
2404	95
2404	96
2404	97
2404	98
2404	99
2404	100
2404	104
2404	105
2404	107
2404	120
2405	1
2405	2
2405	3
2405	4
2405	5
2405	6
2405	7
2405	8
2405	9
2405	10
2405	11
2405	12
2405	13
2405	14
2405	15
2405	16
2405	17
2405	18
2405	19
2405	21
2405	22
2405	23
2405	24
2405	25
2405	26
2405	27
2405	30
2405	31
2405	32
2405	33
2405	34
2405	39
2405	41
2405	43
2405	45
2405	46
2405	48
2405	49
2405	50
2405	52
2405	56
2405	57
2405	58
2405	59
2405	60
2405	61
2405	64
2405	68
2405	79
2405	80
2405	81
2405	82
2405	83
2405	87
2405	88
2405	90
2405	92
2405	93
2405	94
2405	96
2405	97
2405	98
2405	99
2405	100
2405	104
2405	105
2405	107
2405	120
2405	122
2406	1
2406	2
2406	3
2406	4
2406	5
2406	6
2406	7
2406	8
2406	9
2406	10
2406	11
2406	12
2406	13
2406	14
2406	15
2406	16
2406	17
2406	18
2406	19
2406	21
2406	22
2406	23
2406	24
2406	25
2406	26
2406	27
2406	30
2406	31
2406	32
2406	33
2406	34
2406	38
2406	39
2406	41
2406	43
2406	45
2406	46
2406	48
2406	49
2406	50
2406	52
2406	56
2406	57
2406	58
2406	59
2406	60
2406	64
2406	68
2406	79
2406	80
2406	81
2406	82
2406	83
2406	87
2406	90
2406	93
2406	94
2406	95
2406	96
2406	97
2406	98
2406	99
2406	100
2406	104
2406	105
2406	107
2406	120
2406	122
2407	1
2407	2
2407	3
2407	4
2407	5
2407	6
2407	7
2407	8
2407	9
2407	10
2407	11
2407	12
2407	13
2407	14
2407	15
2407	16
2407	17
2407	18
2407	21
2407	22
2407	23
2407	24
2407	25
2407	26
2407	27
2407	28
2407	30
2407	31
2407	32
2407	33
2407	34
2407	38
2407	39
2407	43
2407	45
2407	46
2407	48
2407	49
2407	50
2407	56
2407	57
2407	58
2407	59
2407	60
2407	62
2407	63
2407	64
2407	67
2407	68
2407	79
2407	80
2407	81
2407	82
2407	83
2407	87
2407	90
2407	92
2407	93
2407	94
2407	95
2407	96
2407	97
2407	98
2407	99
2407	100
2407	102
2407	104
2407	105
2407	107
2407	118
2407	120
2407	122
2408	1
2408	2
2408	3
2408	4
2408	5
2408	6
2408	7
2408	8
2408	9
2408	10
2408	11
2408	12
2408	13
2408	14
2408	15
2408	16
2408	17
2408	18
2408	19
2408	21
2408	23
2408	24
2408	25
2408	26
2408	27
2408	28
2408	30
2408	31
2408	32
2408	33
2408	34
2408	38
2408	39
2408	43
2408	45
2408	46
2408	49
2408	50
2408	52
2408	56
2408	57
2408	58
2408	59
2408	61
2408	64
2408	67
2408	68
2408	79
2408	80
2408	81
2408	82
2408	83
2408	87
2408	90
2408	91
2408	92
2408	93
2408	94
2408	95
2408	96
2408	97
2408	98
2408	99
2408	100
2408	104
2408	105
2408	107
2408	120
2408	122
2409	1
2409	2
2409	3
2409	5
2409	6
2409	7
2409	8
2409	9
2409	10
2409	11
2409	12
2409	13
2409	14
2409	15
2409	16
2409	17
2409	18
2409	20
2409	21
2409	22
2409	23
2409	25
2409	26
2409	27
2409	28
2409	30
2409	31
2409	32
2409	33
2409	34
2409	35
2409	38
2409	39
2409	41
2409	42
2409	43
2409	45
2409	46
2409	48
2409	49
2409	50
2409	52
2409	54
2409	57
2409	58
2409	59
2409	60
2409	61
2409	64
2409	67
2409	68
2409	80
2409	81
2409	82
2409	83
2409	86
2409	87
2409	90
2409	93
2409	94
2409	95
2409	96
2409	99
2409	100
2409	102
2409	104
2409	105
2409	107
2409	120
2410	1
2410	2
2410	3
2410	4
2410	5
2410	6
2410	7
2410	8
2410	9
2410	10
2410	11
2410	12
2410	13
2410	14
2410	15
2410	16
2410	17
2410	18
2410	20
2410	21
2410	22
2410	23
2410	24
2410	25
2410	26
2410	27
2410	28
2410	30
2410	31
2410	32
2410	33
2410	34
2410	39
2410	41
2410	43
2410	45
2410	46
2410	49
2410	50
2410	52
2410	56
2410	57
2410	58
2410	59
2410	60
2410	61
2410	64
2410	67
2410	68
2410	79
2410	80
2410	81
2410	82
2410	83
2410	87
2410	90
2410	92
2410	93
2410	94
2410	95
2410	96
2410	97
2410	98
2410	99
2410	100
2410	104
2410	105
2410	107
2410	112
2410	120
2410	122
2411	1
2411	2
2411	3
2411	4
2411	5
2411	6
2411	7
2411	8
2411	9
2411	10
2411	11
2411	12
2411	13
2411	14
2411	15
2411	16
2411	17
2411	18
2411	19
2411	21
2411	22
2411	23
2411	25
2411	26
2411	27
2411	28
2411	30
2411	31
2411	32
2411	33
2411	34
2411	38
2411	39
2411	41
2411	43
2411	45
2411	46
2411	48
2411	49
2411	50
2411	52
2411	56
2411	58
2411	59
2411	60
2411	61
2411	64
2411	67
2411	68
2411	79
2411	80
2411	81
2411	82
2411	83
2411	87
2411	90
2411	93
2411	94
2411	95
2411	96
2411	97
2411	98
2411	99
2411	100
2411	102
2411	104
2411	105
2411	107
2411	120
2411	122
2412	33
2412	34
2412	38
2412	42
2412	43
2412	50
2412	57
2412	80
2412	82
2412	83
2412	97
2413	1
2413	2
2413	3
2413	4
2413	5
2413	6
2413	7
2413	8
2413	9
2413	10
2413	11
2413	12
2413	13
2413	14
2413	15
2413	16
2413	17
2413	18
2413	19
2413	21
2413	22
2413	24
2413	25
2413	26
2413	27
2413	28
2413	30
2413	31
2413	32
2413	33
2413	34
2413	38
2413	39
2413	43
2413	45
2413	46
2413	49
2413	50
2413	52
2413	56
2413	57
2413	58
2413	59
2413	60
2413	61
2413	68
2413	79
2413	80
2413	81
2413	82
2413	83
2413	87
2413	90
2413	93
2413	94
2413	95
2413	96
2413	97
2413	98
2413	99
2413	100
2413	104
2413	105
2413	107
2413	120
2413	122
2414	1
2414	2
2414	3
2414	5
2414	6
2414	7
2414	8
2414	9
2414	10
2414	11
2414	12
2414	13
2414	14
2414	15
2414	16
2414	17
2414	19
2414	20
2414	21
2414	23
2414	25
2414	26
2414	27
2414	28
2414	30
2414	31
2414	32
2414	33
2414	34
2414	35
2414	38
2414	39
2414	41
2414	42
2414	43
2414	45
2414	46
2414	48
2414	49
2414	50
2414	52
2414	57
2414	58
2414	59
2414	60
2414	61
2414	62
2414	63
2414	64
2414	67
2414	68
2414	80
2414	81
2414	82
2414	83
2414	84
2414	85
2414	86
2414	87
2414	90
2414	91
2414	93
2414	94
2414	95
2414	96
2414	97
2414	98
2414	99
2414	100
2414	102
2414	104
2414	105
2414	107
2414	120
2415	1
2415	2
2415	3
2415	5
2415	6
2415	7
2415	8
2415	9
2415	10
2415	11
2415	12
2415	13
2415	14
2415	15
2415	16
2415	17
2415	18
2415	20
2415	21
2415	22
2415	23
2415	25
2415	26
2415	27
2415	28
2415	30
2415	31
2415	32
2415	33
2415	34
2415	35
2415	38
2415	39
2415	41
2415	42
2415	43
2415	45
2415	46
2415	48
2415	49
2415	50
2415	52
2415	57
2415	58
2415	59
2415	60
2415	61
2415	62
2415	63
2415	64
2415	67
2415	68
2415	80
2415	81
2415	82
2415	83
2415	84
2415	85
2415	86
2415	87
2415	90
2415	91
2415	93
2415	94
2415	95
2415	96
2415	97
2415	98
2415	99
2415	100
2415	104
2415	105
2415	107
2415	120
2416	1
2416	2
2416	3
2416	5
2416	6
2416	7
2416	8
2416	9
2416	10
2416	11
2416	12
2416	13
2416	14
2416	15
2416	23
2416	25
2416	26
2416	27
2416	28
2416	30
2416	31
2416	32
2416	33
2416	34
2416	35
2416	38
2416	39
2416	41
2416	42
2416	43
2416	45
2416	46
2416	48
2416	49
2416	50
2416	57
2416	58
2416	59
2416	60
2416	61
2416	62
2416	63
2416	64
2416	67
2416	80
2416	81
2416	82
2416	83
2416	87
2416	89
2416	90
2416	93
2416	94
2416	95
2416	96
2416	97
2416	98
2416	99
2416	100
2416	102
2416	104
2416	105
2416	107
2416	120
2417	1
2417	2
2417	3
2417	5
2417	6
2417	7
2417	8
2417	9
2417	10
2417	11
2417	12
2417	13
2417	14
2417	15
2417	17
2417	18
2417	19
2417	21
2417	22
2417	23
2417	25
2417	26
2417	27
2417	28
2417	30
2417	31
2417	32
2417	33
2417	34
2417	35
2417	38
2417	39
2417	41
2417	42
2417	43
2417	45
2417	46
2417	48
2417	49
2417	50
2417	52
2417	57
2417	58
2417	59
2417	60
2417	61
2417	62
2417	63
2417	64
2417	67
2417	68
2417	80
2417	81
2417	82
2417	83
2417	84
2417	85
2417	86
2417	87
2417	89
2417	90
2417	92
2417	93
2417	94
2417	95
2417	96
2417	97
2417	99
2417	100
2417	104
2417	105
2417	107
2417	120
2418	5
2418	6
2418	7
2418	8
2418	10
2418	11
2418	12
2418	13
2418	14
2418	15
2418	23
2418	26
2418	27
2418	28
2418	30
2418	31
2418	33
2418	34
2418	35
2418	38
2418	39
2418	41
2418	42
2418	43
2418	45
2418	46
2418	48
2418	49
2418	50
2418	52
2418	57
2418	59
2418	60
2418	61
2418	64
2418	80
2418	81
2418	82
2418	83
2418	90
2418	92
2418	93
2418	94
2418	96
2418	97
2418	99
2418	100
2418	102
2418	104
2418	105
2418	107
2418	120
2419	1
2419	2
2419	3
2419	5
2419	6
2419	7
2419	8
2419	9
2419	10
2419	11
2419	12
2419	13
2419	14
2419	15
2419	18
2419	19
2419	21
2419	22
2419	23
2419	25
2419	26
2419	27
2419	28
2419	30
2419	31
2419	32
2419	33
2419	34
2419	35
2419	38
2419	39
2419	41
2419	42
2419	43
2419	45
2419	46
2419	48
2419	49
2419	50
2419	52
2419	58
2419	59
2419	60
2419	61
2419	64
2419	67
2419	68
2419	80
2419	81
2419	82
2419	83
2419	86
2419	87
2419	90
2419	92
2419	93
2419	94
2419	95
2419	96
2419	97
2419	99
2419	100
2419	105
2419	107
2419	118
2419	120
2420	1
2420	2
2420	3
2420	4
2420	5
2420	6
2420	7
2420	8
2420	9
2420	10
2420	11
2420	12
2420	13
2420	14
2420	15
2420	16
2420	17
2420	18
2420	19
2420	21
2420	22
2420	23
2420	24
2420	25
2420	26
2420	27
2420	28
2420	30
2420	31
2420	32
2420	33
2420	34
2420	38
2420	39
2420	43
2420	45
2420	46
2420	48
2420	49
2420	50
2420	52
2420	56
2420	57
2420	58
2420	59
2420	60
2420	61
2420	62
2420	63
2420	64
2420	67
2420	79
2420	80
2420	81
2420	82
2420	83
2420	87
2420	90
2420	92
2420	93
2420	94
2420	96
2420	97
2420	98
2420	99
2420	100
2420	102
2420	104
2420	105
2420	107
2420	120
2420	122
2421	1
2421	2
2421	3
2421	5
2421	6
2421	7
2421	8
2421	9
2421	10
2421	11
2421	12
2421	13
2421	14
2421	15
2421	16
2421	17
2421	19
2421	21
2421	22
2421	23
2421	25
2421	26
2421	27
2421	28
2421	30
2421	31
2421	32
2421	33
2421	34
2421	35
2421	38
2421	39
2421	41
2421	42
2421	43
2421	45
2421	46
2421	48
2421	49
2421	50
2421	52
2421	57
2421	58
2421	59
2421	60
2421	61
2421	62
2421	63
2421	64
2421	67
2421	68
2421	80
2421	81
2421	82
2421	83
2421	86
2421	88
2421	89
2421	90
2421	92
2421	93
2421	95
2421	96
2421	97
2421	99
2421	100
2421	104
2421	105
2421	107
2421	120
2422	6
2422	7
2422	8
2422	9
2422	10
2422	11
2422	21
2422	26
2422	27
2422	28
2422	30
2422	31
2422	33
2422	34
2422	35
2422	38
2422	42
2422	43
2422	45
2422	46
2422	50
2422	52
2422	57
2422	59
2422	60
2422	64
2422	80
2422	81
2422	82
2422	83
2422	87
2422	90
2422	93
2422	94
2422	95
2422	97
2422	98
2422	99
2422	100
2422	120
2423	31
2423	33
2423	34
2423	35
2423	38
2423	39
2423	42
2423	43
2423	45
2423	49
2423	57
2423	64
2423	80
2423	81
2423	82
2423	83
2423	97
2423	99
2423	100
2424	1
2424	2
2424	3
2424	5
2424	6
2424	7
2424	8
2424	9
2424	10
2424	11
2424	12
2424	13
2424	14
2424	15
2424	16
2424	17
2424	18
2424	21
2424	22
2424	23
2424	25
2424	26
2424	27
2424	28
2424	30
2424	31
2424	32
2424	33
2424	34
2424	35
2424	38
2424	39
2424	41
2424	42
2424	43
2424	45
2424	46
2424	48
2424	49
2424	50
2424	52
2424	58
2424	59
2424	60
2424	61
2424	62
2424	63
2424	64
2424	67
2424	68
2424	80
2424	81
2424	82
2424	83
2424	84
2424	85
2424	86
2424	87
2424	89
2424	90
2424	92
2424	93
2424	95
2424	96
2424	97
2424	98
2424	99
2424	100
2424	104
2424	105
2424	107
2424	120
2425	1
2425	2
2425	3
2425	4
2425	5
2425	6
2425	7
2425	8
2425	9
2425	10
2425	11
2425	12
2425	13
2425	14
2425	15
2425	16
2425	17
2425	19
2425	21
2425	23
2425	24
2425	25
2425	26
2425	27
2425	28
2425	30
2425	31
2425	32
2425	33
2425	34
2425	39
2425	41
2425	43
2425	45
2425	46
2425	48
2425	49
2425	50
2425	52
2425	56
2425	57
2425	58
2425	59
2425	61
2425	62
2425	63
2425	64
2425	67
2425	79
2425	80
2425	81
2425	82
2425	83
2425	87
2425	89
2425	90
2425	92
2425	93
2425	94
2425	95
2425	96
2425	97
2425	98
2425	99
2425	100
2425	102
2425	104
2425	105
2425	107
2425	120
2425	122
2426	1
2426	2
2426	3
2426	5
2426	6
2426	7
2426	8
2426	9
2426	10
2426	11
2426	12
2426	13
2426	14
2426	15
2426	16
2426	17
2426	19
2426	20
2426	21
2426	22
2426	23
2426	25
2426	26
2426	27
2426	28
2426	30
2426	31
2426	32
2426	33
2426	34
2426	35
2426	38
2426	42
2426	43
2426	45
2426	46
2426	48
2426	49
2426	50
2426	57
2426	58
2426	59
2426	60
2426	61
2426	64
2426	67
2426	68
2426	80
2426	81
2426	82
2426	83
2426	84
2426	85
2426	86
2426	87
2426	89
2426	90
2426	93
2426	94
2426	95
2426	96
2426	97
2426	99
2426	100
2426	102
2426	104
2426	105
2426	107
2426	120
2427	1
2427	2
2427	3
2427	5
2427	6
2427	7
2427	8
2427	9
2427	10
2427	11
2427	12
2427	13
2427	14
2427	15
2427	16
2427	17
2427	18
2427	19
2427	21
2427	22
2427	23
2427	25
2427	26
2427	27
2427	28
2427	30
2427	31
2427	32
2427	33
2427	34
2427	35
2427	38
2427	39
2427	41
2427	42
2427	43
2427	45
2427	46
2427	48
2427	49
2427	50
2427	52
2427	57
2427	58
2427	59
2427	60
2427	61
2427	62
2427	63
2427	64
2427	67
2427	80
2427	81
2427	82
2427	83
2427	84
2427	85
2427	86
2427	87
2427	88
2427	90
2427	92
2427	93
2427	94
2427	95
2427	96
2427	97
2427	99
2427	100
2427	104
2427	105
2427	107
2427	118
2427	120
2428	1
2428	2
2428	3
2428	5
2428	6
2428	7
2428	8
2428	10
2428	11
2428	12
2428	13
2428	14
2428	15
2428	16
2428	17
2428	22
2428	23
2428	25
2428	26
2428	27
2428	28
2428	30
2428	31
2428	32
2428	33
2428	34
2428	35
2428	38
2428	39
2428	41
2428	42
2428	43
2428	45
2428	46
2428	48
2428	49
2428	50
2428	52
2428	57
2428	58
2428	59
2428	60
2428	61
2428	62
2428	63
2428	64
2428	67
2428	80
2428	81
2428	82
2428	83
2428	87
2428	89
2428	90
2428	93
2428	97
2428	98
2428	99
2428	100
2428	102
2428	104
2428	105
2428	107
2428	120
2429	1
2429	2
2429	3
2429	4
2429	5
2429	6
2429	7
2429	8
2429	9
2429	10
2429	11
2429	12
2429	13
2429	14
2429	15
2429	16
2429	17
2429	18
2429	19
2429	21
2429	22
2429	23
2429	24
2429	26
2429	27
2429	28
2429	30
2429	31
2429	32
2429	33
2429	34
2429	38
2429	39
2429	41
2429	43
2429	45
2429	46
2429	49
2429	50
2429	52
2429	56
2429	57
2429	59
2429	60
2429	61
2429	64
2429	67
2429	68
2429	79
2429	80
2429	81
2429	82
2429	83
2429	87
2429	90
2429	92
2429	93
2429	94
2429	95
2429	96
2429	97
2429	98
2429	99
2429	100
2429	104
2429	105
2429	107
2429	120
2429	122
2430	1
2430	2
2430	3
2430	4
2430	5
2430	6
2430	7
2430	8
2430	9
2430	10
2430	11
2430	12
2430	13
2430	14
2430	15
2430	16
2430	17
2430	19
2430	21
2430	22
2430	23
2430	24
2430	25
2430	26
2430	27
2430	28
2430	30
2430	31
2430	32
2430	33
2430	34
2430	39
2430	41
2430	43
2430	45
2430	46
2430	48
2430	49
2430	50
2430	52
2430	56
2430	58
2430	59
2430	60
2430	61
2430	64
2430	67
2430	68
2430	79
2430	80
2430	81
2430	82
2430	83
2430	87
2430	90
2430	93
2430	94
2430	96
2430	97
2430	98
2430	99
2430	100
2430	102
2430	104
2430	105
2430	107
2430	120
2430	122
2431	1
2431	2
2431	3
2431	5
2431	6
2431	7
2431	8
2431	9
2431	10
2431	11
2431	12
2431	13
2431	14
2431	15
2431	18
2431	21
2431	22
2431	25
2431	26
2431	27
2431	28
2431	30
2431	31
2431	32
2431	33
2431	34
2431	35
2431	38
2431	39
2431	41
2431	42
2431	43
2431	45
2431	46
2431	48
2431	49
2431	50
2431	52
2431	58
2431	59
2431	60
2431	61
2431	62
2431	63
2431	64
2431	67
2431	68
2431	80
2431	82
2431	83
2431	87
2431	89
2431	90
2431	91
2431	92
2431	93
2431	94
2431	95
2431	96
2431	97
2431	98
2431	99
2431	100
2431	102
2431	104
2431	105
2431	107
2431	120
2432	1
2432	2
2432	3
2432	5
2432	6
2432	7
2432	8
2432	9
2432	10
2432	11
2432	12
2432	13
2432	14
2432	15
2432	16
2432	17
2432	18
2432	19
2432	21
2432	22
2432	23
2432	25
2432	26
2432	27
2432	28
2432	30
2432	31
2432	32
2432	33
2432	34
2432	35
2432	38
2432	39
2432	41
2432	42
2432	43
2432	45
2432	46
2432	48
2432	49
2432	50
2432	52
2432	57
2432	58
2432	59
2432	61
2432	62
2432	63
2432	64
2432	67
2432	68
2432	80
2432	81
2432	82
2432	83
2432	84
2432	87
2432	89
2432	90
2432	91
2432	92
2432	93
2432	94
2432	95
2432	96
2432	97
2432	99
2432	100
2432	102
2432	104
2432	105
2432	107
2432	120
2433	1
2433	2
2433	3
2433	5
2433	6
2433	7
2433	8
2433	9
2433	10
2433	11
2433	12
2433	13
2433	14
2433	15
2433	16
2433	17
2433	18
2433	19
2433	21
2433	22
2433	23
2433	25
2433	26
2433	27
2433	28
2433	30
2433	31
2433	32
2433	33
2433	34
2433	35
2433	38
2433	39
2433	41
2433	42
2433	43
2433	45
2433	46
2433	48
2433	49
2433	50
2433	52
2433	54
2433	57
2433	58
2433	59
2433	60
2433	64
2433	67
2433	68
2433	80
2433	81
2433	82
2433	83
2433	86
2433	87
2433	89
2433	93
2433	94
2433	95
2433	96
2433	97
2433	98
2433	99
2433	100
2433	104
2433	105
2433	107
2433	118
2433	120
2434	1
2434	2
2434	3
2434	4
2434	5
2434	6
2434	7
2434	8
2434	9
2434	10
2434	11
2434	12
2434	13
2434	14
2434	15
2434	16
2434	17
2434	18
2434	21
2434	22
2434	23
2434	24
2434	25
2434	26
2434	27
2434	28
2434	30
2434	31
2434	32
2434	33
2434	34
2434	38
2434	39
2434	41
2434	43
2434	45
2434	46
2434	48
2434	49
2434	50
2434	52
2434	56
2434	58
2434	59
2434	60
2434	61
2434	62
2434	63
2434	64
2434	67
2434	68
2434	79
2434	80
2434	81
2434	82
2434	83
2434	87
2434	90
2434	92
2434	93
2434	94
2434	95
2434	96
2434	97
2434	98
2434	99
2434	100
2434	104
2434	105
2434	107
2434	120
2434	122
2435	3
2435	5
2435	6
2435	7
2435	8
2435	10
2435	12
2435	13
2435	23
2435	26
2435	27
2435	28
2435	30
2435	31
2435	33
2435	34
2435	35
2435	38
2435	39
2435	42
2435	43
2435	45
2435	46
2435	48
2435	49
2435	50
2435	52
2435	57
2435	58
2435	59
2435	60
2435	61
2435	80
2435	82
2435	83
2435	90
2435	93
2435	94
2435	97
2435	99
2435	105
2435	107
2435	120
2436	1
2436	2
2436	3
2436	5
2436	6
2436	7
2436	8
2436	9
2436	10
2436	11
2436	12
2436	13
2436	14
2436	15
2436	16
2436	17
2436	18
2436	19
2436	21
2436	22
2436	23
2436	25
2436	26
2436	27
2436	28
2436	30
2436	31
2436	32
2436	33
2436	34
2436	35
2436	38
2436	39
2436	42
2436	43
2436	45
2436	46
2436	48
2436	49
2436	50
2436	52
2436	57
2436	58
2436	59
2436	60
2436	61
2436	64
2436	67
2436	68
2436	80
2436	81
2436	82
2436	83
2436	84
2436	87
2436	88
2436	90
2436	92
2436	93
2436	94
2436	95
2436	96
2436	97
2436	99
2436	100
2436	104
2436	105
2436	107
2436	120
2437	1
2437	2
2437	3
2437	5
2437	6
2437	7
2437	8
2437	9
2437	10
2437	11
2437	12
2437	13
2437	14
2437	15
2437	16
2437	17
2437	18
2437	19
2437	21
2437	22
2437	23
2437	25
2437	26
2437	27
2437	28
2437	30
2437	31
2437	32
2437	33
2437	34
2437	35
2437	38
2437	39
2437	41
2437	42
2437	43
2437	45
2437	46
2437	48
2437	49
2437	50
2437	52
2437	57
2437	58
2437	59
2437	60
2437	61
2437	64
2437	68
2437	80
2437	81
2437	82
2437	83
2437	84
2437	85
2437	86
2437	87
2437	89
2437	90
2437	91
2437	92
2437	93
2437	94
2437	95
2437	96
2437	97
2437	99
2437	100
2437	102
2437	103
2437	104
2437	105
2437	107
2437	120
2438	1
2438	2
2438	3
2438	5
2438	6
2438	7
2438	8
2438	9
2438	10
2438	11
2438	12
2438	13
2438	14
2438	15
2438	23
2438	25
2438	26
2438	27
2438	28
2438	30
2438	31
2438	32
2438	33
2438	34
2438	35
2438	38
2438	39
2438	42
2438	43
2438	45
2438	46
2438	48
2438	49
2438	50
2438	52
2438	57
2438	58
2438	59
2438	60
2438	61
2438	64
2438	80
2438	81
2438	82
2438	83
2438	87
2438	89
2438	90
2438	92
2438	93
2438	94
2438	95
2438	96
2438	97
2438	99
2438	100
2438	104
2438	105
2438	107
2438	120
2439	1
2439	2
2439	3
2439	5
2439	6
2439	7
2439	8
2439	9
2439	10
2439	11
2439	12
2439	13
2439	14
2439	15
2439	16
2439	17
2439	18
2439	19
2439	21
2439	22
2439	23
2439	25
2439	27
2439	28
2439	30
2439	31
2439	32
2439	33
2439	34
2439	35
2439	38
2439	39
2439	42
2439	43
2439	45
2439	46
2439	48
2439	49
2439	50
2439	52
2439	54
2439	57
2439	58
2439	59
2439	60
2439	61
2439	64
2439	67
2439	68
2439	80
2439	81
2439	82
2439	83
2439	87
2439	89
2439	90
2439	92
2439	93
2439	94
2439	95
2439	96
2439	97
2439	99
2439	100
2439	104
2439	105
2439	107
2439	120
2440	1
2440	2
2440	3
2440	4
2440	5
2440	6
2440	7
2440	8
2440	9
2440	10
2440	11
2440	12
2440	13
2440	14
2440	15
2440	16
2440	18
2440	19
2440	21
2440	22
2440	23
2440	24
2440	25
2440	26
2440	27
2440	30
2440	31
2440	32
2440	33
2440	34
2440	38
2440	39
2440	41
2440	43
2440	45
2440	46
2440	48
2440	49
2440	50
2440	52
2440	56
2440	57
2440	58
2440	59
2440	61
2440	64
2440	79
2440	80
2440	81
2440	82
2440	83
2440	87
2440	89
2440	90
2440	92
2440	93
2440	94
2440	95
2440	96
2440	97
2440	98
2440	99
2440	100
2440	102
2440	104
2440	105
2440	107
2440	112
2440	120
2440	122
2441	1
2441	2
2441	3
2441	4
2441	5
2441	6
2441	7
2441	8
2441	9
2441	10
2441	11
2441	12
2441	13
2441	14
2441	15
2441	16
2441	17
2441	18
2441	19
2441	21
2441	22
2441	23
2441	24
2441	25
2441	26
2441	27
2441	28
2441	30
2441	31
2441	32
2441	33
2441	34
2441	38
2441	39
2441	41
2441	43
2441	45
2441	46
2441	48
2441	49
2441	50
2441	52
2441	56
2441	57
2441	58
2441	59
2441	60
2441	64
2441	68
2441	79
2441	80
2441	81
2441	82
2441	83
2441	87
2441	89
2441	90
2441	91
2441	92
2441	93
2441	94
2441	95
2441	96
2441	97
2441	98
2441	99
2441	100
2441	102
2441	103
2441	104
2441	105
2441	107
2441	122
2442	1
2442	2
2442	3
2442	4
2442	5
2442	6
2442	7
2442	8
2442	9
2442	10
2442	11
2442	12
2442	13
2442	14
2442	15
2442	17
2442	18
2442	19
2442	21
2442	23
2442	24
2442	25
2442	26
2442	27
2442	28
2442	30
2442	31
2442	32
2442	33
2442	34
2442	38
2442	39
2442	43
2442	45
2442	46
2442	49
2442	50
2442	52
2442	56
2442	57
2442	58
2442	59
2442	61
2442	64
2442	68
2442	79
2442	80
2442	81
2442	82
2442	83
2442	88
2442	89
2442	90
2442	93
2442	94
2442	95
2442	96
2442	97
2442	98
2442	99
2442	100
2442	104
2442	105
2442	107
2442	118
2442	120
2442	122
2443	23
2443	26
2443	27
2443	28
2443	30
2443	31
2443	33
2443	34
2443	35
2443	38
2443	39
2443	42
2443	43
2443	45
2443	46
2443	48
2443	49
2443	50
2443	52
2443	58
2443	59
2443	61
2443	64
2443	80
2443	81
2443	82
2443	83
2443	87
2443	90
2443	97
2443	99
2443	100
2443	104
2443	105
2443	107
2443	120
2444	1
2444	2
2444	3
2444	5
2444	6
2444	7
2444	8
2444	9
2444	10
2444	11
2444	12
2444	13
2444	14
2444	15
2444	16
2444	17
2444	18
2444	19
2444	21
2444	22
2444	23
2444	25
2444	26
2444	27
2444	28
2444	30
2444	31
2444	32
2444	33
2444	34
2444	35
2444	38
2444	39
2444	41
2444	42
2444	43
2444	45
2444	46
2444	48
2444	49
2444	50
2444	52
2444	57
2444	58
2444	59
2444	60
2444	61
2444	64
2444	68
2444	80
2444	81
2444	83
2444	86
2444	87
2444	88
2444	90
2444	93
2444	95
2444	96
2444	98
2444	99
2444	100
2444	104
2444	105
2444	107
2444	120
2445	1
2445	2
2445	3
2445	4
2445	5
2445	6
2445	7
2445	8
2445	9
2445	10
2445	11
2445	12
2445	13
2445	14
2445	15
2445	18
2445	19
2445	21
2445	22
2445	24
2445	25
2445	26
2445	27
2445	28
2445	30
2445	31
2445	32
2445	33
2445	34
2445	38
2445	39
2445	41
2445	43
2445	45
2445	46
2445	48
2445	49
2445	50
2445	52
2445	56
2445	57
2445	58
2445	59
2445	61
2445	64
2445	67
2445	68
2445	79
2445	80
2445	81
2445	82
2445	83
2445	87
2445	89
2445	90
2445	93
2445	94
2445	95
2445	96
2445	97
2445	98
2445	99
2445	100
2445	104
2445	105
2445	107
2445	118
2445	120
2445	122
2446	1
2446	2
2446	3
2446	4
2446	5
2446	6
2446	7
2446	8
2446	9
2446	10
2446	11
2446	12
2446	13
2446	14
2446	15
2446	16
2446	17
2446	18
2446	19
2446	21
2446	22
2446	23
2446	24
2446	25
2446	26
2446	27
2446	28
2446	30
2446	31
2446	32
2446	33
2446	34
2446	38
2446	39
2446	41
2446	43
2446	45
2446	46
2446	48
2446	49
2446	50
2446	52
2446	56
2446	57
2446	58
2446	59
2446	60
2446	61
2446	64
2446	68
2446	79
2446	80
2446	81
2446	82
2446	83
2446	87
2446	89
2446	93
2446	94
2446	95
2446	96
2446	97
2446	98
2446	99
2446	100
2446	105
2446	107
2446	120
2446	122
2447	1
2447	2
2447	3
2447	4
2447	5
2447	6
2447	7
2447	8
2447	9
2447	10
2447	11
2447	12
2447	13
2447	14
2447	15
2447	16
2447	17
2447	19
2447	21
2447	22
2447	24
2447	25
2447	26
2447	27
2447	30
2447	31
2447	32
2447	33
2447	34
2447	39
2447	41
2447	43
2447	45
2447	46
2447	48
2447	49
2447	50
2447	52
2447	56
2447	57
2447	59
2447	60
2447	61
2447	64
2447	68
2447	79
2447	81
2447	82
2447	83
2447	87
2447	89
2447	90
2447	92
2447	93
2447	95
2447	96
2447	97
2447	98
2447	99
2447	100
2447	104
2447	105
2447	107
2447	120
2447	122
2448	23
2448	26
2448	27
2448	28
2448	30
2448	31
2448	33
2448	34
2448	35
2448	38
2448	39
2448	42
2448	43
2448	45
2448	46
2448	48
2448	49
2448	50
2448	52
2448	57
2448	58
2448	59
2448	60
2448	61
2448	64
2448	80
2448	81
2448	82
2448	83
2448	87
2448	89
2448	90
2448	92
2448	93
2448	94
2448	97
2448	99
2448	100
2448	104
2448	105
2448	107
2448	120
2449	1
2449	2
2449	3
2449	5
2449	6
2449	7
2449	8
2449	9
2449	10
2449	11
2449	12
2449	13
2449	14
2449	15
2449	16
2449	17
2449	20
2449	21
2449	22
2449	23
2449	25
2449	26
2449	27
2449	28
2449	30
2449	31
2449	32
2449	33
2449	35
2449	38
2449	39
2449	41
2449	42
2449	43
2449	45
2449	46
2449	48
2449	49
2449	50
2449	52
2449	57
2449	58
2449	59
2449	60
2449	61
2449	62
2449	63
2449	64
2449	67
2449	68
2449	80
2449	81
2449	82
2449	83
2449	84
2449	86
2449	87
2449	90
2449	91
2449	92
2449	93
2449	94
2449	95
2449	99
2449	100
2449	104
2449	105
2449	107
2449	120
2450	1
2450	2
2450	3
2450	5
2450	6
2450	7
2450	8
2450	9
2450	10
2450	11
2450	12
2450	13
2450	14
2450	15
2450	16
2450	17
2450	18
2450	19
2450	20
2450	21
2450	23
2450	25
2450	26
2450	27
2450	28
2450	30
2450	31
2450	32
2450	33
2450	34
2450	35
2450	38
2450	39
2450	41
2450	42
2450	43
2450	45
2450	46
2450	48
2450	49
2450	50
2450	52
2450	57
2450	58
2450	59
2450	60
2450	61
2450	62
2450	63
2450	64
2450	67
2450	68
2450	80
2450	81
2450	82
2450	83
2450	84
2450	85
2450	86
2450	87
2450	88
2450	90
2450	92
2450	93
2450	94
2450	95
2450	96
2450	97
2450	98
2450	99
2450	100
2450	104
2450	105
2450	107
2450	120
2451	1
2451	2
2451	3
2451	4
2451	5
2451	6
2451	7
2451	8
2451	9
2451	10
2451	11
2451	12
2451	13
2451	14
2451	15
2451	16
2451	17
2451	18
2451	19
2451	21
2451	22
2451	25
2451	26
2451	27
2451	28
2451	30
2451	31
2451	32
2451	33
2451	34
2451	38
2451	39
2451	41
2451	43
2451	45
2451	46
2451	48
2451	49
2451	50
2451	52
2451	56
2451	58
2451	59
2451	60
2451	61
2451	64
2451	68
2451	79
2451	80
2451	81
2451	82
2451	83
2451	87
2451	89
2451	90
2451	92
2451	93
2451	94
2451	96
2451	97
2451	98
2451	99
2451	100
2451	104
2451	105
2451	120
2451	122
2452	1
2452	2
2452	3
2452	4
2452	5
2452	6
2452	7
2452	8
2452	9
2452	10
2452	11
2452	12
2452	13
2452	14
2452	15
2452	16
2452	17
2452	18
2452	19
2452	21
2452	24
2452	25
2452	26
2452	27
2452	28
2452	29
2452	30
2452	31
2452	32
2452	33
2452	34
2452	38
2452	39
2452	41
2452	43
2452	45
2452	46
2452	48
2452	49
2452	50
2452	52
2452	56
2452	57
2452	58
2452	59
2452	60
2452	61
2452	64
2452	68
2452	79
2452	80
2452	81
2452	82
2452	83
2452	87
2452	90
2452	91
2452	93
2452	94
2452	95
2452	96
2452	97
2452	98
2452	99
2452	100
2452	104
2452	105
2452	120
2452	122
2453	1
2453	2
2453	3
2453	5
2453	6
2453	7
2453	8
2453	9
2453	10
2453	11
2453	12
2453	13
2453	14
2453	15
2453	16
2453	17
2453	18
2453	19
2453	21
2453	22
2453	23
2453	25
2453	26
2453	27
2453	28
2453	30
2453	31
2453	32
2453	33
2453	34
2453	35
2453	38
2453	39
2453	41
2453	42
2453	43
2453	45
2453	46
2453	48
2453	49
2453	50
2453	52
2453	57
2453	58
2453	59
2453	60
2453	62
2453	63
2453	64
2453	67
2453	80
2453	81
2453	82
2453	83
2453	84
2453	85
2453	87
2453	90
2453	91
2453	93
2453	94
2453	95
2453	96
2453	97
2453	98
2453	99
2453	100
2453	104
2453	105
2453	107
2453	112
2453	120
2454	3
2454	7
2454	8
2454	10
2454	21
2454	31
2454	33
2454	34
2454	35
2454	38
2454	39
2454	42
2454	43
2454	45
2454	48
2454	49
2454	50
2454	52
2454	54
2454	57
2454	64
2454	80
2454	81
2454	82
2454	83
2454	94
2454	96
2454	97
2454	99
2454	100
2455	1
2455	2
2455	3
2455	5
2455	6
2455	7
2455	8
2455	9
2455	10
2455	11
2455	12
2455	13
2455	14
2455	15
2455	16
2455	17
2455	18
2455	19
2455	23
2455	25
2455	26
2455	27
2455	28
2455	30
2455	31
2455	32
2455	33
2455	34
2455	35
2455	38
2455	39
2455	41
2455	42
2455	43
2455	45
2455	46
2455	48
2455	49
2455	50
2455	52
2455	58
2455	59
2455	61
2455	64
2455	80
2455	81
2455	82
2455	83
2455	84
2455	85
2455	86
2455	87
2455	89
2455	90
2455	91
2455	92
2455	93
2455	94
2455	95
2455	96
2455	97
2455	99
2455	100
2455	102
2455	104
2455	105
2455	107
2455	120
2456	1
2456	2
2456	3
2456	5
2456	6
2456	7
2456	8
2456	9
2456	10
2456	11
2456	12
2456	13
2456	14
2456	15
2456	16
2456	17
2456	18
2456	19
2456	21
2456	22
2456	23
2456	25
2456	26
2456	27
2456	28
2456	30
2456	31
2456	32
2456	33
2456	34
2456	35
2456	38
2456	39
2456	41
2456	42
2456	43
2456	45
2456	46
2456	48
2456	49
2456	50
2456	52
2456	54
2456	57
2456	58
2456	59
2456	60
2456	61
2456	62
2456	63
2456	67
2456	68
2456	80
2456	81
2456	82
2456	83
2456	84
2456	85
2456	86
2456	87
2456	90
2456	92
2456	93
2456	94
2456	95
2456	96
2456	97
2456	99
2456	100
2456	104
2456	105
2456	107
2456	120
2457	1
2457	2
2457	3
2457	4
2457	5
2457	6
2457	7
2457	8
2457	9
2457	10
2457	11
2457	12
2457	13
2457	14
2457	15
2457	16
2457	17
2457	19
2457	21
2457	22
2457	23
2457	24
2457	25
2457	26
2457	27
2457	30
2457	31
2457	32
2457	33
2457	34
2457	38
2457	39
2457	43
2457	45
2457	46
2457	48
2457	49
2457	50
2457	52
2457	56
2457	57
2457	58
2457	59
2457	60
2457	61
2457	64
2457	68
2457	79
2457	80
2457	81
2457	82
2457	83
2457	87
2457	90
2457	91
2457	92
2457	93
2457	94
2457	95
2457	96
2457	98
2457	99
2457	100
2457	104
2457	105
2457	107
2457	112
2457	120
2457	122
2458	1
2458	2
2458	3
2458	4
2458	5
2458	6
2458	7
2458	8
2458	9
2458	10
2458	11
2458	12
2458	13
2458	14
2458	15
2458	16
2458	17
2458	18
2458	19
2458	21
2458	22
2458	23
2458	24
2458	25
2458	27
2458	28
2458	30
2458	31
2458	32
2458	33
2458	34
2458	38
2458	39
2458	43
2458	45
2458	46
2458	48
2458	49
2458	50
2458	52
2458	56
2458	57
2458	58
2458	59
2458	61
2458	64
2458	67
2458	68
2458	79
2458	80
2458	81
2458	82
2458	83
2458	87
2458	88
2458	89
2458	90
2458	93
2458	94
2458	95
2458	96
2458	97
2458	98
2458	99
2458	100
2458	102
2458	104
2458	105
2458	107
2458	120
2458	122
2459	1
2459	2
2459	3
2459	4
2459	5
2459	6
2459	7
2459	8
2459	9
2459	10
2459	11
2459	12
2459	13
2459	14
2459	15
2459	16
2459	17
2459	18
2459	19
2459	21
2459	22
2459	23
2459	24
2459	25
2459	26
2459	27
2459	30
2459	31
2459	32
2459	33
2459	34
2459	38
2459	39
2459	41
2459	43
2459	45
2459	46
2459	48
2459	49
2459	50
2459	52
2459	56
2459	57
2459	58
2459	59
2459	60
2459	61
2459	64
2459	67
2459	68
2459	79
2459	80
2459	81
2459	82
2459	83
2459	92
2459	93
2459	94
2459	95
2459	96
2459	97
2459	98
2459	99
2459	100
2459	103
2459	104
2459	105
2459	107
2459	112
2459	120
2459	122
2460	1
2460	2
2460	3
2460	4
2460	5
2460	6
2460	7
2460	8
2460	9
2460	10
2460	11
2460	12
2460	13
2460	14
2460	15
2460	16
2460	17
2460	18
2460	19
2460	21
2460	24
2460	25
2460	26
2460	27
2460	28
2460	30
2460	31
2460	32
2460	33
2460	34
2460	38
2460	39
2460	41
2460	43
2460	45
2460	46
2460	48
2460	49
2460	50
2460	52
2460	56
2460	58
2460	59
2460	60
2460	64
2460	68
2460	79
2460	80
2460	81
2460	82
2460	83
2460	87
2460	90
2460	92
2460	93
2460	94
2460	95
2460	96
2460	97
2460	98
2460	99
2460	100
2460	102
2460	104
2460	105
2460	107
2460	120
2460	122
2461	1
2461	2
2461	3
2461	5
2461	6
2461	7
2461	8
2461	9
2461	10
2461	11
2461	12
2461	13
2461	14
2461	15
2461	16
2461	17
2461	18
2461	19
2461	21
2461	22
2461	23
2461	25
2461	26
2461	27
2461	28
2461	30
2461	31
2461	32
2461	33
2461	34
2461	35
2461	38
2461	39
2461	41
2461	42
2461	43
2461	45
2461	46
2461	48
2461	49
2461	50
2461	52
2461	57
2461	58
2461	59
2461	60
2461	61
2461	64
2461	68
2461	80
2461	81
2461	82
2461	83
2461	84
2461	85
2461	86
2461	87
2461	89
2461	90
2461	92
2461	93
2461	94
2461	95
2461	96
2461	97
2461	98
2461	99
2461	100
2461	104
2461	105
2461	107
2462	1
2462	2
2462	3
2462	4
2462	5
2462	6
2462	7
2462	8
2462	9
2462	10
2462	11
2462	12
2462	13
2462	14
2462	15
2462	16
2462	17
2462	18
2462	19
2462	21
2462	23
2462	24
2462	25
2462	26
2462	27
2462	28
2462	30
2462	31
2462	32
2462	33
2462	34
2462	38
2462	39
2462	43
2462	45
2462	46
2462	48
2462	49
2462	50
2462	56
2462	57
2462	58
2462	59
2462	60
2462	61
2462	64
2462	68
2462	79
2462	80
2462	81
2462	82
2462	83
2462	87
2462	90
2462	91
2462	93
2462	94
2462	95
2462	96
2462	97
2462	98
2462	99
2462	100
2462	104
2462	105
2462	107
2462	120
2462	122
2463	1
2463	2
2463	3
2463	5
2463	6
2463	7
2463	8
2463	9
2463	10
2463	11
2463	12
2463	13
2463	14
2463	15
2463	16
2463	17
2463	18
2463	19
2463	20
2463	21
2463	22
2463	23
2463	25
2463	26
2463	27
2463	28
2463	30
2463	31
2463	32
2463	33
2463	34
2463	35
2463	38
2463	39
2463	41
2463	42
2463	43
2463	45
2463	46
2463	48
2463	49
2463	50
2463	52
2463	57
2463	58
2463	59
2463	61
2463	62
2463	63
2463	64
2463	67
2463	80
2463	81
2463	82
2463	83
2463	84
2463	85
2463	87
2463	89
2463	90
2463	91
2463	92
2463	93
2463	94
2463	95
2463	96
2463	97
2463	99
2463	100
2463	104
2463	105
2463	107
2463	118
2463	120
2464	1
2464	2
2464	3
2464	4
2464	5
2464	6
2464	7
2464	8
2464	9
2464	10
2464	11
2464	12
2464	13
2464	14
2464	15
2464	16
2464	17
2464	18
2464	19
2464	21
2464	22
2464	23
2464	24
2464	25
2464	26
2464	27
2464	28
2464	30
2464	31
2464	32
2464	33
2464	34
2464	39
2464	41
2464	43
2464	45
2464	46
2464	48
2464	49
2464	50
2464	52
2464	56
2464	58
2464	59
2464	60
2464	61
2464	64
2464	67
2464	68
2464	79
2464	80
2464	81
2464	82
2464	83
2464	87
2464	90
2464	91
2464	93
2464	94
2464	95
2464	96
2464	97
2464	98
2464	99
2464	100
2464	102
2464	104
2464	105
2464	107
2464	112
2464	120
2464	122
2465	1
2465	2
2465	3
2465	5
2465	6
2465	7
2465	8
2465	9
2465	10
2465	11
2465	12
2465	13
2465	14
2465	15
2465	16
2465	17
2465	18
2465	19
2465	21
2465	22
2465	23
2465	25
2465	26
2465	27
2465	28
2465	30
2465	31
2465	32
2465	33
2465	34
2465	35
2465	38
2465	39
2465	42
2465	43
2465	45
2465	46
2465	48
2465	49
2465	50
2465	52
2465	57
2465	58
2465	59
2465	61
2465	62
2465	63
2465	64
2465	67
2465	68
2465	80
2465	81
2465	82
2465	83
2465	86
2465	87
2465	90
2465	91
2465	92
2465	93
2465	94
2465	95
2465	96
2465	97
2465	99
2465	100
2465	104
2465	105
2465	107
2465	120
2466	1
2466	2
2466	3
2466	5
2466	6
2466	7
2466	8
2466	9
2466	10
2466	11
2466	12
2466	13
2466	14
2466	15
2466	16
2466	17
2466	18
2466	19
2466	21
2466	23
2466	25
2466	26
2466	27
2466	28
2466	30
2466	31
2466	32
2466	33
2466	34
2466	35
2466	38
2466	39
2466	41
2466	42
2466	43
2466	45
2466	46
2466	49
2466	50
2466	52
2466	54
2466	57
2466	58
2466	59
2466	60
2466	61
2466	64
2466	67
2466	68
2466	80
2466	82
2466	83
2466	84
2466	85
2466	86
2466	87
2466	89
2466	90
2466	93
2466	95
2466	96
2466	97
2466	98
2466	99
2466	100
2466	104
2466	105
2466	107
2466	120
2467	1
2467	2
2467	3
2467	4
2467	5
2467	6
2467	7
2467	8
2467	9
2467	10
2467	11
2467	12
2467	13
2467	14
2467	15
2467	16
2467	17
2467	18
2467	19
2467	21
2467	22
2467	23
2467	24
2467	25
2467	26
2467	27
2467	28
2467	30
2467	31
2467	32
2467	33
2467	34
2467	38
2467	39
2467	41
2467	43
2467	45
2467	46
2467	48
2467	49
2467	50
2467	52
2467	56
2467	57
2467	59
2467	60
2467	64
2467	79
2467	80
2467	81
2467	82
2467	83
2467	87
2467	89
2467	90
2467	92
2467	93
2467	94
2467	95
2467	96
2467	97
2467	98
2467	99
2467	100
2467	104
2467	105
2467	107
2467	120
2467	122
2468	1
2468	2
2468	3
2468	4
2468	5
2468	6
2468	7
2468	8
2468	9
2468	10
2468	11
2468	12
2468	13
2468	14
2468	15
2468	16
2468	17
2468	19
2468	21
2468	22
2468	23
2468	24
2468	25
2468	26
2468	27
2468	30
2468	31
2468	32
2468	33
2468	34
2468	39
2468	43
2468	45
2468	46
2468	48
2468	49
2468	50
2468	52
2468	56
2468	57
2468	58
2468	59
2468	60
2468	62
2468	63
2468	64
2468	67
2468	68
2468	79
2468	80
2468	81
2468	82
2468	83
2468	87
2468	90
2468	92
2468	93
2468	94
2468	95
2468	96
2468	97
2468	98
2468	99
2468	100
2468	104
2468	105
2468	107
2468	120
2468	122
2469	1
2469	2
2469	3
2469	5
2469	6
2469	7
2469	8
2469	9
2469	10
2469	11
2469	12
2469	13
2469	14
2469	15
2469	16
2469	17
2469	18
2469	19
2469	20
2469	21
2469	22
2469	23
2469	25
2469	26
2469	27
2469	28
2469	30
2469	31
2469	32
2469	33
2469	34
2469	35
2469	38
2469	39
2469	42
2469	43
2469	45
2469	46
2469	48
2469	49
2469	50
2469	52
2469	57
2469	58
2469	59
2469	61
2469	62
2469	63
2469	64
2469	67
2469	68
2469	80
2469	81
2469	82
2469	83
2469	87
2469	89
2469	90
2469	93
2469	94
2469	95
2469	96
2469	97
2469	99
2469	100
2469	104
2469	105
2469	120
2470	1
2470	2
2470	3
2470	5
2470	6
2470	7
2470	8
2470	9
2470	10
2470	11
2470	12
2470	13
2470	14
2470	15
2470	16
2470	17
2470	18
2470	19
2470	21
2470	22
2470	23
2470	25
2470	26
2470	27
2470	28
2470	30
2470	31
2470	32
2470	33
2470	34
2470	35
2470	38
2470	39
2470	42
2470	43
2470	45
2470	46
2470	48
2470	49
2470	50
2470	52
2470	58
2470	59
2470	60
2470	61
2470	62
2470	63
2470	64
2470	67
2470	68
2470	80
2470	81
2470	82
2470	83
2470	84
2470	85
2470	86
2470	87
2470	89
2470	90
2470	93
2470	94
2470	95
2470	96
2470	97
2470	99
2470	100
2470	104
2470	105
2470	107
2470	120
2471	1
2471	2
2471	3
2471	5
2471	6
2471	7
2471	8
2471	9
2471	10
2471	11
2471	12
2471	13
2471	14
2471	15
2471	16
2471	18
2471	20
2471	21
2471	22
2471	24
2471	25
2471	26
2471	27
2471	28
2471	30
2471	31
2471	32
2471	33
2471	34
2471	38
2471	39
2471	41
2471	43
2471	45
2471	46
2471	48
2471	49
2471	50
2471	52
2471	56
2471	57
2471	58
2471	59
2471	60
2471	61
2471	64
2471	68
2471	79
2471	80
2471	81
2471	82
2471	83
2471	90
2471	92
2471	93
2471	94
2471	95
2471	98
2471	99
2471	100
2471	104
2471	105
2471	107
2472	1
2472	2
2472	3
2472	4
2472	5
2472	6
2472	7
2472	8
2472	9
2472	10
2472	11
2472	12
2472	13
2472	14
2472	15
2472	16
2472	17
2472	18
2472	19
2472	21
2472	23
2472	24
2472	26
2472	27
2472	28
2472	30
2472	31
2472	32
2472	33
2472	34
2472	38
2472	39
2472	41
2472	43
2472	45
2472	46
2472	48
2472	49
2472	50
2472	52
2472	56
2472	59
2472	60
2472	61
2472	63
2472	64
2472	67
2472	68
2472	79
2472	80
2472	81
2472	82
2472	83
2472	87
2472	89
2472	90
2472	92
2472	93
2472	94
2472	95
2472	96
2472	97
2472	98
2472	99
2472	100
2472	104
2472	105
2472	107
2472	112
2472	120
2472	122
2473	1
2473	2
2473	3
2473	4
2473	5
2473	6
2473	7
2473	8
2473	9
2473	10
2473	11
2473	12
2473	13
2473	14
2473	15
2473	16
2473	17
2473	18
2473	19
2473	21
2473	22
2473	23
2473	24
2473	25
2473	26
2473	27
2473	28
2473	30
2473	31
2473	32
2473	33
2473	34
2473	38
2473	39
2473	43
2473	45
2473	46
2473	48
2473	49
2473	50
2473	52
2473	56
2473	57
2473	58
2473	59
2473	60
2473	61
2473	62
2473	63
2473	64
2473	67
2473	68
2473	79
2473	80
2473	81
2473	82
2473	83
2473	90
2473	93
2473	94
2473	96
2473	97
2473	98
2473	99
2473	100
2473	104
2473	105
2473	107
2473	120
2473	122
2474	1
2474	2
2474	3
2474	5
2474	6
2474	7
2474	8
2474	9
2474	10
2474	11
2474	12
2474	13
2474	14
2474	15
2474	16
2474	17
2474	18
2474	19
2474	21
2474	22
2474	23
2474	25
2474	26
2474	27
2474	28
2474	30
2474	31
2474	32
2474	33
2474	34
2474	38
2474	39
2474	41
2474	42
2474	43
2474	45
2474	46
2474	48
2474	49
2474	50
2474	52
2474	57
2474	58
2474	59
2474	60
2474	61
2474	64
2474	67
2474	80
2474	81
2474	82
2474	83
2474	84
2474	85
2474	86
2474	87
2474	89
2474	90
2474	92
2474	93
2474	94
2474	95
2474	96
2474	97
2474	99
2474	100
2474	104
2474	105
2474	107
2474	120
2475	1
2475	2
2475	3
2475	4
2475	5
2475	6
2475	7
2475	8
2475	9
2475	10
2475	11
2475	12
2475	13
2475	14
2475	15
2475	16
2475	17
2475	18
2475	19
2475	21
2475	22
2475	24
2475	25
2475	26
2475	27
2475	28
2475	30
2475	31
2475	32
2475	33
2475	34
2475	38
2475	39
2475	43
2475	45
2475	46
2475	48
2475	49
2475	50
2475	56
2475	57
2475	58
2475	59
2475	60
2475	61
2475	62
2475	63
2475	64
2475	67
2475	68
2475	79
2475	80
2475	81
2475	82
2475	83
2475	87
2475	90
2475	92
2475	93
2475	94
2475	95
2475	96
2475	97
2475	98
2475	99
2475	100
2475	103
2475	104
2475	105
2475	107
2475	120
2475	122
2476	1
2476	2
2476	3
2476	4
2476	5
2476	6
2476	7
2476	8
2476	9
2476	10
2476	11
2476	12
2476	13
2476	14
2476	15
2476	16
2476	17
2476	18
2476	20
2476	21
2476	22
2476	23
2476	24
2476	25
2476	26
2476	27
2476	30
2476	31
2476	32
2476	33
2476	34
2476	38
2476	39
2476	41
2476	43
2476	45
2476	46
2476	48
2476	49
2476	50
2476	52
2476	56
2476	57
2476	59
2476	60
2476	61
2476	64
2476	67
2476	68
2476	79
2476	80
2476	81
2476	82
2476	83
2476	87
2476	90
2476	91
2476	92
2476	93
2476	94
2476	95
2476	96
2476	97
2476	98
2476	99
2476	100
2476	104
2476	105
2476	107
2476	120
2476	122
2477	1
2477	2
2477	3
2477	5
2477	6
2477	7
2477	8
2477	10
2477	11
2477	12
2477	13
2477	14
2477	15
2477	16
2477	17
2477	19
2477	20
2477	21
2477	22
2477	23
2477	25
2477	26
2477	27
2477	28
2477	30
2477	31
2477	32
2477	33
2477	34
2477	35
2477	38
2477	39
2477	41
2477	42
2477	43
2477	45
2477	46
2477	48
2477	49
2477	50
2477	52
2477	57
2477	58
2477	59
2477	60
2477	61
2477	64
2477	67
2477	68
2477	81
2477	82
2477	83
2477	84
2477	85
2477	86
2477	87
2477	90
2477	91
2477	93
2477	94
2477	95
2477	96
2477	97
2477	99
2477	100
2477	104
2477	105
2477	107
2477	112
2477	120
2478	1
2478	2
2478	3
2478	4
2478	5
2478	6
2478	7
2478	8
2478	9
2478	10
2478	11
2478	12
2478	13
2478	14
2478	15
2478	16
2478	17
2478	18
2478	19
2478	21
2478	22
2478	23
2478	24
2478	25
2478	26
2478	27
2478	30
2478	31
2478	32
2478	33
2478	34
2478	39
2478	41
2478	43
2478	45
2478	46
2478	48
2478	49
2478	50
2478	52
2478	56
2478	57
2478	58
2478	59
2478	61
2478	64
2478	67
2478	68
2478	79
2478	80
2478	81
2478	82
2478	83
2478	87
2478	88
2478	89
2478	90
2478	91
2478	93
2478	94
2478	95
2478	96
2478	97
2478	98
2478	99
2478	100
2478	102
2478	105
2478	107
2478	120
2478	122
2479	1
2479	2
2479	3
2479	4
2479	5
2479	6
2479	7
2479	8
2479	9
2479	10
2479	11
2479	12
2479	13
2479	14
2479	15
2479	16
2479	18
2479	19
2479	21
2479	22
2479	23
2479	24
2479	25
2479	26
2479	27
2479	28
2479	30
2479	31
2479	32
2479	33
2479	34
2479	38
2479	39
2479	43
2479	45
2479	46
2479	48
2479	49
2479	50
2479	52
2479	56
2479	58
2479	59
2479	61
2479	64
2479	68
2479	79
2479	80
2479	81
2479	82
2479	83
2479	87
2479	90
2479	92
2479	93
2479	94
2479	95
2479	96
2479	97
2479	98
2479	99
2479	100
2479	104
2479	105
2479	120
2479	122
2480	1
2480	2
2480	3
2480	4
2480	5
2480	6
2480	7
2480	8
2480	9
2480	10
2480	11
2480	12
2480	13
2480	14
2480	15
2480	16
2480	18
2480	19
2480	20
2480	21
2480	22
2480	23
2480	24
2480	25
2480	26
2480	27
2480	28
2480	30
2480	31
2480	32
2480	33
2480	34
2480	38
2480	39
2480	41
2480	43
2480	45
2480	46
2480	48
2480	49
2480	50
2480	52
2480	56
2480	57
2480	58
2480	59
2480	61
2480	64
2480	67
2480	68
2480	79
2480	80
2480	81
2480	82
2480	83
2480	87
2480	89
2480	90
2480	92
2480	93
2480	94
2480	95
2480	96
2480	97
2480	98
2480	99
2480	100
2480	105
2480	107
2480	112
2480	120
2480	122
2481	1
2481	2
2481	3
2481	4
2481	5
2481	6
2481	7
2481	8
2481	9
2481	10
2481	11
2481	12
2481	13
2481	14
2481	15
2481	18
2481	19
2481	21
2481	22
2481	24
2481	25
2481	26
2481	27
2481	30
2481	31
2481	32
2481	33
2481	34
2481	38
2481	39
2481	41
2481	43
2481	45
2481	46
2481	48
2481	49
2481	50
2481	52
2481	56
2481	57
2481	58
2481	59
2481	60
2481	61
2481	62
2481	63
2481	64
2481	67
2481	68
2481	79
2481	80
2481	81
2481	82
2481	83
2481	87
2481	89
2481	90
2481	93
2481	94
2481	95
2481	96
2481	98
2481	99
2481	100
2481	102
2481	104
2481	105
2481	107
2481	120
2481	122
2482	1
2482	2
2482	3
2482	4
2482	5
2482	6
2482	7
2482	8
2482	9
2482	10
2482	11
2482	12
2482	13
2482	14
2482	15
2482	16
2482	17
2482	18
2482	19
2482	20
2482	21
2482	23
2482	24
2482	25
2482	26
2482	27
2482	28
2482	30
2482	31
2482	32
2482	33
2482	34
2482	38
2482	39
2482	41
2482	43
2482	45
2482	46
2482	48
2482	49
2482	50
2482	52
2482	56
2482	57
2482	58
2482	59
2482	60
2482	64
2482	68
2482	79
2482	80
2482	81
2482	82
2482	83
2482	87
2482	89
2482	90
2482	92
2482	93
2482	94
2482	96
2482	97
2482	98
2482	99
2482	100
2482	105
2482	107
2482	122
2483	1
2483	2
2483	3
2483	5
2483	6
2483	7
2483	8
2483	9
2483	10
2483	11
2483	12
2483	13
2483	14
2483	15
2483	16
2483	18
2483	19
2483	21
2483	22
2483	23
2483	25
2483	26
2483	27
2483	28
2483	30
2483	31
2483	32
2483	33
2483	34
2483	35
2483	38
2483	41
2483	42
2483	43
2483	45
2483	46
2483	48
2483	49
2483	50
2483	52
2483	54
2483	57
2483	58
2483	59
2483	60
2483	61
2483	62
2483	63
2483	67
2483	68
2483	80
2483	81
2483	82
2483	83
2483	86
2483	87
2483	90
2483	92
2483	93
2483	94
2483	96
2483	97
2483	98
2483	99
2483	100
2483	102
2483	104
2483	105
2483	120
2484	1
2484	2
2484	3
2484	5
2484	6
2484	7
2484	8
2484	9
2484	10
2484	11
2484	12
2484	13
2484	14
2484	15
2484	16
2484	17
2484	18
2484	19
2484	20
2484	21
2484	22
2484	23
2484	25
2484	26
2484	27
2484	28
2484	30
2484	31
2484	32
2484	33
2484	34
2484	35
2484	38
2484	39
2484	41
2484	42
2484	43
2484	45
2484	46
2484	48
2484	49
2484	50
2484	52
2484	54
2484	57
2484	59
2484	60
2484	61
2484	62
2484	63
2484	64
2484	67
2484	80
2484	81
2484	82
2484	83
2484	86
2484	87
2484	88
2484	89
2484	90
2484	91
2484	93
2484	94
2484	96
2484	97
2484	99
2484	100
2484	104
2484	105
2484	107
2484	120
2485	1
2485	2
2485	3
2485	4
2485	5
2485	6
2485	7
2485	8
2485	9
2485	10
2485	11
2485	12
2485	13
2485	14
2485	15
2485	16
2485	17
2485	18
2485	19
2485	20
2485	21
2485	22
2485	23
2485	24
2485	25
2485	26
2485	27
2485	28
2485	30
2485	31
2485	32
2485	33
2485	34
2485	38
2485	39
2485	41
2485	43
2485	45
2485	46
2485	48
2485	49
2485	50
2485	52
2485	56
2485	57
2485	59
2485	60
2485	61
2485	62
2485	63
2485	64
2485	67
2485	79
2485	80
2485	81
2485	82
2485	83
2485	87
2485	88
2485	93
2485	94
2485	95
2485	96
2485	97
2485	98
2485	99
2485	100
2485	104
2485	105
2485	107
2485	120
2485	122
2486	1
2486	2
2486	3
2486	4
2486	5
2486	6
2486	7
2486	8
2486	9
2486	10
2486	11
2486	12
2486	13
2486	14
2486	15
2486	16
2486	17
2486	18
2486	19
2486	21
2486	22
2486	23
2486	24
2486	25
2486	26
2486	27
2486	30
2486	31
2486	32
2486	33
2486	34
2486	38
2486	39
2486	41
2486	43
2486	45
2486	46
2486	48
2486	49
2486	50
2486	52
2486	56
2486	57
2486	58
2486	59
2486	61
2486	64
2486	67
2486	79
2486	80
2486	81
2486	82
2486	83
2486	87
2486	90
2486	92
2486	93
2486	94
2486	95
2486	96
2486	97
2486	98
2486	99
2486	100
2486	104
2486	105
2486	107
2486	112
2486	120
2486	122
2487	2
2487	3
2487	5
2487	6
2487	7
2487	8
2487	9
2487	10
2487	11
2487	12
2487	13
2487	14
2487	15
2487	16
2487	17
2487	18
2487	19
2487	21
2487	22
2487	23
2487	25
2487	26
2487	27
2487	28
2487	30
2487	31
2487	32
2487	33
2487	34
2487	35
2487	38
2487	39
2487	41
2487	42
2487	43
2487	45
2487	46
2487	48
2487	49
2487	50
2487	52
2487	57
2487	58
2487	59
2487	60
2487	61
2487	64
2487	68
2487	80
2487	81
2487	82
2487	83
2487	84
2487	87
2487	90
2487	93
2487	94
2487	95
2487	96
2487	97
2487	98
2487	99
2487	100
2487	102
2487	103
2487	104
2487	105
2487	107
2487	118
2487	120
2488	1
2488	2
2488	3
2488	4
2488	5
2488	6
2488	7
2488	8
2488	9
2488	10
2488	11
2488	12
2488	13
2488	14
2488	15
2488	16
2488	17
2488	18
2488	19
2488	21
2488	22
2488	23
2488	24
2488	25
2488	26
2488	27
2488	28
2488	30
2488	31
2488	32
2488	33
2488	34
2488	39
2488	41
2488	43
2488	45
2488	46
2488	48
2488	49
2488	50
2488	52
2488	56
2488	57
2488	58
2488	59
2488	60
2488	61
2488	64
2488	68
2488	79
2488	80
2488	81
2488	82
2488	83
2488	87
2488	88
2488	90
2488	93
2488	94
2488	95
2488	96
2488	97
2488	98
2488	99
2488	100
2488	105
2488	107
2488	120
2488	122
2489	1
2489	2
2489	3
2489	5
2489	6
2489	7
2489	8
2489	9
2489	10
2489	11
2489	12
2489	13
2489	14
2489	15
2489	16
2489	17
2489	18
2489	21
2489	22
2489	23
2489	25
2489	26
2489	27
2489	28
2489	30
2489	31
2489	32
2489	33
2489	34
2489	35
2489	38
2489	42
2489	43
2489	45
2489	46
2489	48
2489	49
2489	50
2489	52
2489	57
2489	58
2489	59
2489	60
2489	61
2489	64
2489	67
2489	68
2489	80
2489	81
2489	82
2489	83
2489	84
2489	85
2489	86
2489	87
2489	90
2489	92
2489	93
2489	94
2489	95
2489	96
2489	97
2489	99
2489	100
2489	102
2489	104
2489	105
2489	107
2489	120
2490	1
2490	2
2490	3
2490	5
2490	6
2490	7
2490	8
2490	9
2490	10
2490	11
2490	12
2490	13
2490	14
2490	15
2490	16
2490	17
2490	18
2490	19
2490	21
2490	22
2490	23
2490	25
2490	26
2490	27
2490	28
2490	30
2490	31
2490	32
2490	33
2490	34
2490	35
2490	38
2490	39
2490	41
2490	42
2490	43
2490	45
2490	46
2490	48
2490	49
2490	50
2490	52
2490	54
2490	57
2490	58
2490	59
2490	60
2490	61
2490	64
2490	67
2490	68
2490	80
2490	81
2490	82
2490	83
2490	84
2490	85
2490	86
2490	87
2490	88
2490	90
2490	92
2490	93
2490	94
2490	95
2490	97
2490	98
2490	99
2490	100
2490	104
2490	105
2490	107
2490	118
2490	120
2491	1
2491	2
2491	3
2491	5
2491	6
2491	7
2491	8
2491	9
2491	10
2491	11
2491	12
2491	13
2491	14
2491	15
2491	16
2491	17
2491	18
2491	19
2491	21
2491	23
2491	25
2491	26
2491	27
2491	30
2491	31
2491	32
2491	33
2491	34
2491	35
2491	38
2491	39
2491	42
2491	43
2491	45
2491	46
2491	48
2491	49
2491	50
2491	52
2491	57
2491	58
2491	59
2491	60
2491	61
2491	64
2491	67
2491	68
2491	80
2491	81
2491	82
2491	83
2491	86
2491	87
2491	89
2491	90
2491	93
2491	94
2491	95
2491	96
2491	97
2491	99
2491	100
2491	104
2491	105
2491	107
2491	120
2492	1
2492	2
2492	3
2492	4
2492	5
2492	6
2492	7
2492	8
2492	9
2492	10
2492	11
2492	12
2492	13
2492	14
2492	15
2492	16
2492	17
2492	18
2492	19
2492	21
2492	23
2492	24
2492	25
2492	26
2492	27
2492	28
2492	30
2492	31
2492	32
2492	33
2492	34
2492	39
2492	41
2492	43
2492	45
2492	46
2492	49
2492	50
2492	56
2492	57
2492	58
2492	59
2492	60
2492	61
2492	64
2492	79
2492	80
2492	81
2492	82
2492	83
2492	87
2492	90
2492	93
2492	94
2492	95
2492	96
2492	97
2492	98
2492	99
2492	100
2492	104
2492	105
2492	107
2492	120
2492	122
2493	1
2493	2
2493	3
2493	4
2493	5
2493	6
2493	7
2493	8
2493	9
2493	10
2493	11
2493	12
2493	13
2493	14
2493	15
2493	16
2493	17
2493	19
2493	21
2493	23
2493	24
2493	25
2493	26
2493	27
2493	28
2493	30
2493	31
2493	32
2493	33
2493	34
2493	38
2493	39
2493	43
2493	45
2493	46
2493	48
2493	49
2493	50
2493	52
2493	56
2493	57
2493	58
2493	59
2493	60
2493	62
2493	63
2493	64
2493	67
2493	68
2493	79
2493	80
2493	81
2493	82
2493	83
2493	90
2493	93
2493	94
2493	95
2493	96
2493	97
2493	98
2493	99
2493	100
2493	104
2493	105
2493	107
2493	118
2493	120
2493	122
