1	1
1	2
1	3
1	4
1	5
1	6
1	7
1	8
1	9
1	10
1	11
1	12
1	13
1	14
1	15
1	16
1	17
1	18
1	19
1	20
1	21
1	22
1	23
1	24
1	25
1	26
1	27
1	28
1	29
1	30
1	31
1	32
1	33
1	34
1	35
1	36
1	37
1	38
1	39
1	40
1	41
1	42
1	43
1	44
1	45
1	46
1	47
1	48
1	49
1	50
1	52
1	53
1	54
1	55
1	56
1	57
1	58
1	59
1	60
1	61
1	62
1	63
1	64
1	65
1	66
1	67
1	68
1	69
1	70
1	71
1	73
1	74
1	75
1	76
2	1
2	2
2	3
2	4
2	5
2	6
2	7
2	8
2	9
2	11
2	12
2	13
2	14
2	15
2	22
2	25
2	26
2	27
2	28
2	29
2	30
2	31
2	32
2	33
2	34
2	35
2	36
2	37
2	38
2	39
2	40
2	41
2	42
2	43
2	44
2	45
2	46
2	47
2	48
2	49
2	50
2	52
2	53
2	54
2	55
2	56
2	58
2	59
2	60
2	61
2	62
2	64
2	65
2	66
2	67
2	69
2	73
2	74
2	75
2	76
2	77
2	78
2	79
3	1
3	2
3	3
3	5
3	6
3	7
3	8
3	9
3	10
3	11
3	12
3	13
3	14
3	15
3	22
3	26
3	27
3	28
3	29
3	31
3	32
3	33
3	34
3	35
3	36
3	37
3	39
3	40
3	41
3	42
3	43
3	44
3	46
3	47
3	48
3	49
3	50
3	53
3	59
3	60
3	69
3	78
4	1
4	2
4	3
4	4
4	5
4	6
4	7
4	8
4	9
4	10
4	11
4	12
4	13
4	14
4	15
4	26
4	28
4	29
4	30
4	31
4	32
4	34
4	35
4	36
4	37
4	38
4	39
4	40
4	41
4	42
4	43
4	45
4	46
4	48
4	49
4	50
4	52
4	53
4	54
4	55
4	56
4	57
4	58
4	59
4	60
4	61
4	64
4	65
4	66
4	67
4	68
4	69
4	70
4	71
4	72
4	73
4	76
4	78
4	80
4	81
4	82
4	83
4	85
5	1
5	2
5	3
5	5
5	6
5	7
5	8
5	9
5	10
5	11
5	12
5	13
5	14
5	15
5	28
5	29
5	30
5	31
5	32
5	34
5	35
5	36
5	37
5	38
5	48
5	49
5	55
5	59
5	60
5	61
5	64
5	67
5	68
5	71
5	82
5	83
6	2
6	3
6	5
6	6
6	7
6	8
6	11
6	12
6	13
6	14
6	15
6	26
6	27
6	28
6	30
6	34
6	35
6	36
6	38
6	39
6	45
6	46
6	48
6	50
6	52
6	53
6	54
6	55
6	56
6	59
6	60
6	61
6	65
6	66
6	70
6	72
6	73
6	78
6	79
6	86
7	1
7	3
7	6
7	8
7	11
7	12
7	13
7	14
7	15
7	26
7	27
7	31
7	33
7	34
7	35
7	37
7	38
7	39
7	47
7	48
7	54
7	61
7	64
7	69
7	71
7	81
7	82
8	1
8	2
8	3
8	5
8	6
8	7
8	8
8	11
8	13
8	14
8	15
8	28
8	29
8	30
8	33
8	34
8	36
8	38
8	39
8	40
8	41
8	44
8	46
8	47
8	48
8	50
8	53
8	59
8	60
9	1
9	2
9	3
9	4
9	5
9	6
9	7
9	8
9	9
9	11
9	12
9	13
9	14
9	15
9	26
9	27
9	28
9	29
9	30
9	31
9	32
9	33
9	34
9	35
9	36
9	37
9	38
9	39
9	40
9	41
9	42
9	43
9	44
9	45
9	46
9	47
9	48
9	49
9	50
9	53
9	55
9	58
9	59
9	60
9	61
9	64
9	67
9	71
9	78
9	81
9	82
9	83
10	1
10	2
10	5
10	6
10	7
10	9
10	10
10	27
10	31
10	32
10	33
10	35
10	69
11	1
11	2
11	3
11	5
11	6
11	8
11	9
11	10
11	11
11	12
11	13
11	14
11	15
11	22
11	26
11	27
11	28
11	29
11	30
11	31
11	32
11	33
11	34
11	35
11	36
11	37
11	38
11	39
11	40
11	41
11	42
11	43
11	44
11	45
11	46
11	47
11	48
11	49
11	50
11	52
11	53
11	55
11	56
11	57
11	59
11	60
11	61
11	64
11	66
11	67
11	68
11	70
11	71
11	78
11	80
12	1
12	2
12	3
12	4
12	5
12	6
12	7
12	8
12	9
12	11
12	12
12	13
12	14
12	15
12	26
12	27
12	28
12	30
12	31
12	32
12	33
12	34
12	35
12	36
12	37
12	38
12	39
12	41
12	42
12	44
12	45
12	46
12	48
12	49
12	50
12	52
12	53
12	54
12	55
12	56
12	57
12	59
12	60
12	61
12	64
12	65
12	66
12	67
12	68
12	69
12	73
12	76
12	77
12	81
12	82
12	87
13	1
13	2
13	3
13	4
13	5
13	6
13	7
13	8
13	9
13	10
13	11
13	12
13	13
13	14
13	15
13	26
13	27
13	28
13	30
13	31
13	32
13	34
13	35
13	36
13	37
13	38
13	39
13	40
13	41
13	42
13	43
13	44
13	45
13	46
13	47
13	48
13	49
13	50
13	53
13	59
13	60
13	61
13	64
13	65
13	67
13	68
13	69
13	78
13	81
13	82
13	83
14	1
14	2
14	3
14	5
14	6
14	7
14	8
14	9
14	10
14	11
14	12
14	13
14	14
14	15
14	26
14	28
14	29
14	30
14	31
14	32
14	33
14	34
14	35
14	36
14	37
14	38
14	39
14	40
14	41
14	42
14	43
14	44
14	45
14	46
14	47
14	48
14	49
14	50
14	52
14	53
14	54
14	55
14	56
14	57
14	58
14	59
14	60
14	66
14	68
14	70
14	78
15	1
15	2
15	3
15	4
15	5
15	6
15	7
15	8
15	9
15	11
15	12
15	13
15	14
15	15
15	26
15	27
15	28
15	29
15	30
15	31
15	32
15	33
15	34
15	35
15	36
15	37
15	38
15	39
15	40
15	41
15	42
15	44
15	45
15	46
15	47
15	48
15	49
15	50
15	53
15	54
15	55
15	59
15	60
15	61
15	64
15	66
15	67
15	68
15	69
15	70
15	71
15	72
15	78
15	81
15	82
15	83
15	84
16	1
16	2
16	3
16	4
16	5
16	6
16	7
16	8
16	9
16	10
16	11
16	12
16	13
16	14
16	15
16	26
16	27
16	28
16	29
16	30
16	31
16	32
16	33
16	34
16	35
16	36
16	37
16	38
16	39
16	40
16	41
16	43
16	44
16	45
16	46
16	47
16	48
16	49
16	50
16	53
16	54
16	59
16	60
16	61
16	62
16	64
16	66
16	67
16	69
16	71
16	73
16	77
16	78
17	1
17	2
17	3
17	4
17	5
17	6
17	7
17	8
17	9
17	11
17	12
17	13
17	14
17	15
17	25
17	26
17	27
17	28
17	29
17	30
17	31
17	32
17	33
17	34
17	35
17	36
17	37
17	38
17	39
17	40
17	41
17	42
17	44
17	45
17	46
17	47
17	48
17	49
17	50
17	52
17	53
17	54
17	55
17	58
17	59
17	60
17	61
17	64
17	67
17	68
17	69
17	71
17	78
17	81
17	82
17	83
17	84
18	1
18	2
18	3
18	4
18	5
18	6
18	7
18	8
18	9
18	11
18	12
18	13
18	14
18	15
18	26
18	27
18	28
18	31
18	32
18	33
18	34
18	35
18	36
18	37
18	38
18	44
18	49
18	59
18	60
18	62
18	64
18	65
18	67
18	68
18	69
18	73
18	74
18	78
18	82
19	1
19	2
19	3
19	4
19	5
19	6
19	7
19	8
19	11
19	12
19	13
19	15
19	26
19	27
19	28
19	29
19	30
19	31
19	32
19	34
19	35
19	36
19	37
19	38
19	39
19	40
19	41
19	43
19	44
19	45
19	46
19	47
19	48
19	49
19	50
19	51
19	52
19	53
19	54
19	55
19	56
19	59
19	60
19	61
19	63
19	64
19	65
19	66
19	67
19	68
19	69
19	71
19	77
19	81
19	82
19	83
20	1
20	2
20	3
20	4
20	6
20	8
20	9
20	10
20	11
20	12
20	14
20	15
20	26
20	27
20	28
20	29
20	30
20	31
20	32
20	33
20	34
20	35
20	36
20	37
20	38
20	39
20	40
20	41
20	42
20	43
20	44
20	45
20	46
20	47
20	48
20	49
20	50
20	52
20	53
20	55
20	56
20	58
20	59
20	61
20	64
20	67
20	69
20	70
20	71
20	77
21	2
21	3
21	4
21	5
21	6
21	7
21	8
21	9
21	10
21	12
21	13
21	15
21	26
21	27
21	30
21	31
21	34
21	35
21	37
21	38
21	39
21	40
21	42
21	46
21	47
21	48
21	49
21	53
21	55
21	58
21	59
21	61
21	64
21	66
21	67
21	68
21	70
21	71
21	72
21	78
21	81
21	82
21	83
22	2
22	3
22	4
22	5
22	6
22	7
22	8
22	9
22	10
22	11
22	12
22	13
22	14
22	15
22	26
22	27
22	28
22	29
22	30
22	31
22	32
22	33
22	34
22	35
22	36
22	37
22	38
22	39
22	40
22	41
22	42
22	43
22	44
22	45
22	46
22	47
22	48
22	49
22	50
22	52
22	53
22	54
22	55
22	59
22	60
22	61
22	62
22	64
22	66
22	67
22	68
22	70
22	71
22	72
22	73
22	74
22	75
22	77
22	78
22	79
22	82
22	83
22	84
23	1
23	2
23	3
23	4
23	5
23	6
23	7
23	8
23	9
23	11
23	12
23	13
23	14
23	15
23	26
23	27
23	28
23	29
23	30
23	31
23	32
23	33
23	34
23	35
23	36
23	37
23	38
23	39
23	40
23	41
23	42
23	43
23	44
23	45
23	46
23	47
23	48
23	49
23	50
23	52
23	53
23	54
23	55
23	59
23	60
23	61
23	62
23	64
23	66
23	67
23	68
23	69
23	70
23	71
23	72
23	73
23	77
23	78
23	79
23	86
24	3
24	5
24	6
24	7
24	8
24	13
24	14
24	15
24	28
24	34
24	35
24	44
24	49
24	59
24	64
24	67
24	81
24	87
25	1
25	2
25	3
25	5
25	6
25	7
25	8
25	11
25	12
25	13
25	14
25	15
25	25
25	26
25	27
25	28
25	29
25	30
25	31
25	33
25	34
25	35
25	36
25	37
25	38
25	39
25	40
25	41
25	44
25	45
25	46
25	48
25	49
25	50
25	52
25	53
25	54
25	55
25	56
25	57
25	58
25	59
25	60
25	61
25	64
25	65
25	66
25	67
25	68
25	70
25	71
25	78
25	80
25	81
25	82
25	83
25	84
25	87
26	1
26	2
26	3
26	4
26	5
26	6
26	7
26	8
26	11
26	12
26	13
26	14
26	15
26	25
26	26
26	27
26	28
26	29
26	30
26	31
26	32
26	33
26	34
26	35
26	36
26	37
26	38
26	39
26	40
26	41
26	42
26	43
26	44
26	46
26	47
26	49
26	50
26	53
26	54
26	55
26	58
26	59
26	60
26	61
26	62
26	64
26	66
26	67
26	68
26	69
26	73
26	74
26	75
26	77
26	78
27	1
27	2
27	3
27	4
27	7
27	11
27	15
27	28
27	29
27	31
27	34
27	35
27	36
27	37
27	38
27	39
27	40
27	41
27	42
27	43
27	44
27	46
27	47
27	49
27	50
27	53
27	54
27	59
27	60
27	61
27	64
27	66
27	69
27	77
27	78
27	81
28	1
28	2
28	3
28	6
28	7
28	8
28	11
28	12
28	13
28	15
28	26
28	28
28	34
28	35
28	36
28	38
28	39
28	40
28	41
28	43
28	44
28	45
28	46
28	47
28	48
28	49
28	50
28	53
28	55
28	56
28	59
28	60
28	61
28	64
28	66
28	67
28	68
28	69
28	70
28	71
28	72
28	81
28	82
29	1
29	2
29	3
29	4
29	5
29	6
29	7
29	8
29	9
29	11
29	12
29	13
29	15
29	26
29	27
29	28
29	29
29	30
29	31
29	32
29	33
29	34
29	35
29	36
29	37
29	38
29	43
29	46
29	47
29	49
29	50
29	53
29	54
29	55
29	59
29	60
29	64
29	66
29	67
29	69
29	70
29	71
29	78
29	81
29	82
30	1
30	2
30	3
30	4
30	5
30	6
30	7
30	8
30	11
30	12
30	13
30	14
30	15
30	26
30	27
30	28
30	29
30	30
30	31
30	32
30	33
30	35
30	36
30	37
30	38
30	40
30	48
30	59
30	60
30	69
30	71
30	78
31	1
31	2
31	3
31	5
31	6
31	7
31	9
31	11
31	12
31	13
31	14
31	15
31	26
31	27
31	28
31	29
31	30
31	31
31	32
31	35
31	38
31	77
32	1
32	2
32	3
32	4
32	5
32	6
32	7
32	8
32	11
32	12
32	13
32	14
32	28
32	29
32	30
32	31
32	32
32	35
32	36
32	37
32	38
32	48
32	49
32	59
32	60
32	64
32	67
32	68
32	78
32	81
32	82
33	1
33	2
33	3
33	4
33	5
33	6
33	7
33	8
33	9
33	11
33	12
33	13
33	14
33	15
33	27
33	28
33	29
33	30
33	31
33	32
33	34
33	35
33	36
33	37
33	38
33	39
33	40
33	42
33	44
33	48
33	51
33	59
33	60
33	61
33	63
33	64
33	67
33	68
33	69
33	78
33	81
33	82
33	83
33	87
34	1
34	2
34	3
34	4
34	5
34	6
34	7
34	8
34	9
34	10
34	11
34	12
34	13
34	14
34	15
34	26
34	27
34	28
34	29
34	30
34	31
34	32
34	34
34	35
34	36
34	37
34	38
34	39
34	40
34	41
34	43
34	46
34	47
34	48
34	50
34	53
34	54
34	57
34	59
34	60
34	61
34	69
34	70
34	71
34	72
34	77
34	78
35	1
35	2
35	3
35	4
35	5
35	6
35	7
35	8
35	9
35	10
35	11
35	12
35	13
35	14
35	15
35	26
35	27
35	28
35	30
35	31
35	33
35	34
35	35
35	36
35	37
35	38
35	39
35	40
35	41
35	46
35	47
35	48
35	49
35	50
35	53
35	54
35	55
35	59
35	60
35	61
35	62
35	64
35	66
35	67
35	68
35	69
35	70
35	71
35	73
35	74
35	75
35	78
35	81
35	82
35	83
35	84
36	1
36	2
36	3
36	4
36	5
36	6
36	7
36	8
36	9
36	10
36	11
36	12
36	13
36	14
36	15
36	26
36	27
36	28
36	29
36	30
36	31
36	33
36	34
36	35
36	36
36	37
36	38
36	39
36	40
36	42
36	45
36	46
36	48
36	49
36	50
36	52
36	53
36	54
36	55
36	56
36	57
36	59
36	60
36	61
36	64
36	65
36	66
36	67
36	68
36	69
36	70
36	71
36	73
36	78
36	79
36	81
36	82
36	83
36	86
37	1
37	2
37	3
37	5
37	6
37	7
37	8
37	11
37	12
37	13
37	14
37	15
37	26
37	27
37	28
37	29
37	30
37	31
37	33
37	34
37	35
37	36
37	37
37	38
37	39
37	40
37	41
37	42
37	43
37	44
37	45
37	46
37	47
37	48
37	50
37	52
37	53
37	54
37	55
37	56
37	57
37	58
37	59
37	60
37	61
37	62
37	64
37	65
37	69
37	70
37	71
37	73
37	78
38	1
38	2
38	3
38	4
38	5
38	6
38	7
38	8
38	9
38	11
38	12
38	13
38	14
38	15
38	26
38	27
38	28
38	29
38	30
38	31
38	32
38	33
38	34
38	35
38	36
38	38
38	39
38	40
38	41
38	42
38	45
38	47
38	59
38	69
39	1
39	2
39	3
39	4
39	5
39	6
39	7
39	8
39	9
39	10
39	11
39	12
39	13
39	14
39	15
39	26
39	27
39	28
39	29
39	30
39	31
39	32
39	33
39	34
39	35
39	36
39	37
39	38
39	39
39	40
39	41
39	42
39	43
39	44
39	45
39	46
39	47
39	48
39	49
39	50
39	52
39	53
39	54
39	55
39	56
39	57
39	58
39	59
39	60
39	61
39	63
39	64
39	65
39	69
39	71
39	80
39	81
39	84
40	1
40	6
40	7
40	12
40	26
40	28
40	29
40	30
40	33
40	34
40	35
40	36
40	48
40	52
40	54
40	57
40	59
40	60
40	82
40	83
41	1
41	2
41	3
41	5
41	6
41	7
41	8
41	9
41	10
41	11
41	12
41	13
41	14
41	15
41	22
41	25
41	26
41	27
41	28
41	30
41	31
41	32
41	33
41	34
41	35
41	36
41	37
41	38
41	39
41	40
41	41
41	42
41	43
41	44
41	45
41	46
41	47
41	48
41	49
41	50
41	52
41	53
41	54
41	55
41	56
41	58
41	59
41	60
41	61
41	62
41	64
41	66
41	67
41	68
41	69
41	70
41	71
41	73
41	74
41	75
41	77
41	78
41	84
42	3
42	5
42	8
42	11
42	12
42	14
42	15
42	26
42	28
42	29
42	30
42	34
42	35
42	36
42	38
42	39
42	40
42	41
42	42
42	43
42	44
42	45
42	46
42	47
42	48
42	49
42	50
42	53
42	54
42	55
42	58
42	59
42	60
42	61
42	62
42	64
42	66
42	67
42	68
42	70
42	71
42	73
42	78
42	82
42	83
43	1
43	2
43	5
43	6
43	7
43	8
43	11
43	12
43	13
43	14
43	15
43	28
43	31
43	34
43	35
43	36
43	37
43	38
43	39
43	44
43	46
43	48
43	52
43	53
43	58
43	59
43	60
43	61
43	64
43	65
43	76
43	78
43	87
44	1
44	2
44	3
44	4
44	5
44	6
44	7
44	8
44	9
44	11
44	12
44	13
44	14
44	15
44	26
44	27
44	28
44	29
44	30
44	31
44	32
44	33
44	34
44	35
44	36
44	37
44	38
44	39
44	40
44	41
44	42
44	43
44	44
44	45
44	46
44	47
44	49
44	50
44	53
44	54
44	59
44	60
44	61
44	62
44	66
44	68
44	70
44	71
44	73
44	74
44	77
44	78
45	2
45	5
45	6
45	7
45	8
45	11
45	12
45	13
45	14
45	15
45	26
45	27
45	28
45	29
45	30
45	31
45	33
45	34
45	35
45	36
45	37
45	49
45	56
45	59
45	60
45	64
45	67
45	69
45	81
45	82
46	1
46	2
46	11
46	12
46	13
46	28
46	30
46	34
46	48
46	55
46	59
46	60
46	61
46	62
46	73
47	8
47	14
47	34
47	35
47	39
47	40
47	41
47	49
47	59
47	60
47	64
47	67
47	78
47	81
47	82
47	83
48	1
48	2
48	3
48	4
48	5
48	6
48	7
48	8
48	9
48	10
48	11
48	12
48	13
48	14
48	15
48	25
48	26
48	27
48	28
48	29
48	30
48	31
48	32
48	34
48	35
48	36
48	37
48	38
48	39
48	40
48	41
48	46
48	47
48	50
48	53
48	55
48	58
48	59
48	60
48	61
48	64
48	66
48	67
48	69
48	77
49	3
49	4
49	5
49	6
49	8
49	9
49	11
49	12
49	13
49	14
49	22
49	26
49	30
49	31
49	32
49	34
49	35
49	36
49	39
49	40
49	42
49	44
49	47
49	48
49	50
49	52
49	53
49	54
49	55
49	56
49	57
49	58
49	59
49	60
49	62
49	64
49	69
49	78
49	88
50	1
50	2
50	3
50	5
50	6
50	7
50	8
50	9
50	11
50	12
50	13
50	14
50	15
50	25
50	26
50	27
50	28
50	31
50	33
50	34
50	35
50	36
50	37
50	38
50	39
50	40
50	41
50	43
50	44
50	46
50	47
50	48
50	49
50	50
50	52
50	53
50	54
50	55
50	56
50	57
50	59
50	60
50	61
50	62
50	64
50	67
50	68
50	69
50	70
50	73
50	74
50	78
50	80
50	81
50	82
50	83
51	1
51	2
51	3
51	4
51	5
51	6
51	7
51	9
51	10
51	11
51	12
51	13
51	15
51	26
51	27
51	28
51	30
51	31
51	32
51	34
51	35
51	36
51	37
51	38
51	39
51	40
51	41
51	42
51	43
51	44
51	45
51	46
51	47
51	49
51	50
51	53
51	54
51	59
51	60
51	61
51	66
51	68
51	69
51	71
51	77
51	78
51	84
52	1
52	2
52	3
52	4
52	5
52	6
52	7
52	8
52	9
52	10
52	11
52	12
52	13
52	14
52	15
52	26
52	27
52	28
52	29
52	30
52	31
52	32
52	33
52	34
52	35
52	36
52	37
52	38
52	39
52	40
52	41
52	42
52	43
52	44
52	45
52	46
52	47
52	48
52	49
52	50
52	52
52	53
52	54
52	55
52	56
52	57
52	59
52	60
52	61
52	62
52	64
52	66
52	67
52	68
52	69
52	70
52	71
52	72
52	73
52	75
52	81
52	82
52	83
52	89
53	1
53	2
53	3
53	4
53	5
53	6
53	7
53	8
53	9
53	10
53	11
53	12
53	13
53	14
53	15
53	22
53	26
53	27
53	28
53	29
53	30
53	31
53	32
53	33
53	34
53	35
53	36
53	37
53	38
53	39
53	40
53	41
53	43
53	45
53	46
53	47
53	48
53	50
53	52
53	53
53	54
53	56
53	57
53	58
53	59
53	60
53	61
53	62
53	64
53	66
53	67
53	69
53	70
53	71
53	73
53	75
53	77
53	78
53	79
54	3
54	5
54	6
54	7
54	8
54	11
54	12
54	13
54	15
54	26
54	27
54	28
54	29
54	30
54	31
54	33
54	34
54	35
54	36
54	37
54	38
54	39
54	40
54	41
54	42
54	43
54	46
54	47
54	50
54	64
54	67
54	69
54	73
54	81
54	82
54	83
55	1
55	2
55	3
55	4
55	5
55	6
55	7
55	8
55	9
55	11
55	12
55	13
55	14
55	15
55	25
55	26
55	27
55	28
55	29
55	30
55	31
55	32
55	33
55	34
55	35
55	36
55	37
55	38
55	39
55	40
55	41
55	42
55	43
55	44
55	46
55	47
55	48
55	49
55	53
55	59
55	60
55	61
55	64
55	67
55	69
55	70
55	72
55	77
55	78
55	84
56	1
56	2
56	3
56	4
56	5
56	6
56	7
56	8
56	9
56	10
56	11
56	12
56	13
56	14
56	15
56	25
56	26
56	27
56	28
56	30
56	31
56	32
56	33
56	34
56	35
56	36
56	37
56	38
56	39
56	40
56	41
56	42
56	43
56	44
56	45
56	46
56	47
56	48
56	49
56	50
56	53
56	61
56	64
56	66
56	67
56	68
56	70
56	71
56	81
56	83
57	1
57	2
57	3
57	5
57	6
57	7
57	8
57	9
57	11
57	12
57	13
57	14
57	15
57	26
57	27
57	28
57	30
57	31
57	33
57	34
57	35
57	36
57	37
57	38
57	39
57	40
57	41
57	42
57	43
57	44
57	45
57	46
57	47
57	48
57	49
57	50
57	51
57	52
57	53
57	54
57	55
57	56
57	57
57	58
57	59
57	60
57	61
57	62
57	64
57	65
57	66
57	67
57	68
57	69
57	70
57	71
57	73
57	74
57	75
57	76
57	78
57	79
57	80
57	81
57	82
57	83
57	87
58	1
58	2
58	3
58	4
58	5
58	6
58	7
58	8
58	9
58	11
58	12
58	13
58	14
58	15
58	26
58	27
58	28
58	31
58	33
58	34
58	35
58	36
58	37
58	38
58	39
58	40
58	41
58	42
58	46
58	47
58	48
58	49
58	59
58	60
58	64
58	67
58	69
58	78
58	82
58	83
59	3
59	4
59	6
59	7
59	8
59	11
59	12
59	13
59	15
59	25
59	26
59	27
59	28
59	30
59	31
59	33
59	34
59	35
59	36
59	37
59	38
59	49
59	55
59	59
59	60
59	64
59	67
59	68
59	78
59	81
59	82
60	1
60	2
60	3
60	4
60	5
60	6
60	7
60	8
60	9
60	10
60	11
60	12
60	13
60	14
60	15
60	26
60	27
60	28
60	29
60	30
60	31
60	32
60	33
60	34
60	35
60	36
60	37
60	38
60	39
60	40
60	41
60	42
60	43
60	44
60	45
60	46
60	47
60	48
60	49
60	50
60	52
60	53
60	54
60	55
60	56
60	57
60	59
60	60
60	61
60	64
60	67
60	68
60	69
60	78
60	80
60	81
60	82
60	83
60	88
61	1
61	2
61	3
61	4
61	5
61	6
61	7
61	8
61	11
61	12
61	14
61	15
61	25
61	26
61	27
61	28
61	29
61	30
61	31
61	34
61	35
61	36
61	37
61	38
61	39
61	44
61	45
61	47
61	48
61	49
61	50
61	52
61	53
61	54
61	55
61	56
61	57
61	59
61	60
61	61
61	64
61	66
61	67
61	68
61	69
61	70
61	71
61	72
61	73
61	78
61	79
61	80
61	81
61	82
61	83
61	86
62	1
62	2
62	3
62	4
62	5
62	6
62	7
62	8
62	9
62	10
62	11
62	12
62	13
62	14
62	15
62	26
62	27
62	28
62	31
62	32
62	33
62	34
62	35
62	37
62	38
62	39
62	40
62	41
62	42
62	43
62	44
62	46
62	47
62	48
62	49
62	50
62	52
62	53
62	55
62	59
62	60
62	61
62	64
62	66
62	67
62	68
62	71
62	73
62	77
62	78
62	81
62	82
62	83
63	1
63	2
63	3
63	4
63	5
63	6
63	7
63	8
63	9
63	10
63	11
63	12
63	13
63	14
63	15
63	26
63	27
63	28
63	30
63	31
63	32
63	33
63	34
63	35
63	36
63	37
63	38
63	39
63	40
63	41
63	43
63	44
63	45
63	46
63	47
63	48
63	49
63	50
63	52
63	53
63	54
63	55
63	56
63	58
63	59
63	60
63	61
63	62
63	64
63	65
63	67
63	68
63	69
63	73
63	76
63	78
63	81
63	82
63	85
64	1
64	2
64	3
64	4
64	5
64	6
64	7
64	8
64	9
64	11
64	12
64	13
64	14
64	15
64	25
64	26
64	27
64	28
64	29
64	30
64	31
64	32
64	33
64	34
64	35
64	36
64	37
64	38
64	39
64	40
64	41
64	42
64	43
64	44
64	45
64	46
64	47
64	48
64	49
64	50
64	53
64	58
64	59
64	60
64	64
64	67
64	69
64	78
64	81
64	82
64	83
65	1
65	2
65	3
65	4
65	6
65	7
65	8
65	9
65	10
65	11
65	12
65	13
65	14
65	15
65	26
65	27
65	28
65	29
65	30
65	31
65	32
65	33
65	34
65	35
65	36
65	37
65	38
65	39
65	40
65	41
65	42
65	48
65	49
65	51
65	55
65	58
65	59
65	60
65	61
65	62
65	63
65	64
65	65
65	67
65	69
65	78
65	81
65	82
65	83
66	1
66	2
66	3
66	4
66	5
66	6
66	7
66	8
66	9
66	10
66	11
66	12
66	13
66	14
66	15
66	26
66	27
66	28
66	29
66	30
66	31
66	32
66	33
66	34
66	35
66	36
66	37
66	38
66	39
66	40
66	41
66	43
66	44
66	45
66	46
66	47
66	48
66	50
66	52
66	53
66	54
66	55
66	56
66	57
66	58
66	59
66	60
66	61
66	62
66	64
66	65
66	66
66	67
66	68
66	69
66	70
66	71
66	73
66	75
66	77
66	79
67	1
67	2
67	3
67	4
67	5
67	6
67	7
67	8
67	9
67	10
67	11
67	12
67	13
67	14
67	15
67	26
67	27
67	28
67	30
67	31
67	32
67	33
67	34
67	35
67	36
67	37
67	38
67	39
67	40
67	41
67	43
67	44
67	45
67	46
67	47
67	48
67	49
67	50
67	52
67	53
67	54
67	55
67	56
67	57
67	58
67	59
67	60
67	61
67	62
67	64
67	66
67	67
67	68
67	69
67	70
67	71
67	72
67	73
67	74
67	75
67	77
67	78
67	79
68	2
68	3
68	4
68	5
68	6
68	7
68	8
68	11
68	12
68	13
68	14
68	15
68	26
68	27
68	28
68	31
68	32
68	33
68	34
68	35
68	36
68	37
68	38
68	39
68	40
68	41
68	42
68	43
68	44
68	46
68	47
68	49
68	52
68	53
68	59
68	60
68	61
68	64
68	66
68	67
68	68
68	69
68	70
68	72
68	77
68	78
68	81
68	82
68	83
68	87
69	1
69	3
69	5
69	6
69	7
69	8
69	9
69	11
69	12
69	13
69	14
69	15
69	26
69	27
69	28
69	30
69	31
69	32
69	34
69	35
69	36
69	37
69	38
69	39
69	40
69	41
69	44
69	45
69	49
69	50
69	52
69	53
69	55
69	58
69	59
69	60
69	64
69	67
69	78
69	82
69	83
69	87
70	1
70	2
70	3
70	5
70	6
70	7
70	8
70	9
70	10
70	11
70	12
70	13
70	14
70	15
70	26
70	27
70	28
70	29
70	30
70	31
70	32
70	33
70	34
70	35
70	36
70	37
70	38
70	39
70	41
70	46
70	48
70	49
70	53
70	59
70	60
70	61
70	64
70	67
70	69
70	70
70	72
70	78
70	81
70	82
70	83
70	84
71	1
71	2
71	3
71	5
71	6
71	7
71	8
71	9
71	11
71	12
71	13
71	14
71	15
71	26
71	27
71	28
71	29
71	30
71	31
71	32
71	33
71	34
71	35
71	36
71	37
71	38
71	39
71	40
71	41
71	43
71	44
71	45
71	46
71	47
71	48
71	49
71	50
71	52
71	53
71	54
71	55
71	56
71	57
71	59
71	60
71	61
71	62
71	64
71	65
71	67
71	68
71	69
71	70
71	73
71	74
71	76
71	77
71	80
71	85
72	1
72	2
72	3
72	4
72	5
72	6
72	7
72	8
72	11
72	12
72	13
72	14
72	15
72	25
72	26
72	27
72	28
72	29
72	30
72	33
72	34
72	35
72	36
72	37
72	38
72	39
72	40
72	41
72	42
72	43
72	44
72	45
72	46
72	47
72	48
72	49
72	50
72	52
72	53
72	54
72	55
72	56
72	58
72	59
72	60
72	61
72	62
72	64
72	65
72	66
72	67
72	68
72	69
72	70
72	71
72	72
72	73
72	74
72	75
72	76
72	77
72	78
72	79
72	80
72	85
72	86
73	1
73	3
73	5
73	6
73	7
73	8
73	9
73	11
73	12
73	13
73	14
73	15
73	26
73	27
73	28
73	29
73	30
73	31
73	33
73	34
73	35
73	36
73	37
73	38
73	39
73	40
73	41
73	43
73	44
73	47
73	48
73	55
73	58
73	59
73	69
73	81
73	82
73	83
74	1
74	2
74	3
74	4
74	5
74	6
74	7
74	8
74	9
74	10
74	11
74	12
74	13
74	14
74	15
74	26
74	27
74	28
74	29
74	30
74	31
74	32
74	33
74	34
74	35
74	36
74	37
74	38
74	39
74	40
74	41
74	42
74	43
74	44
74	45
74	46
74	47
74	48
74	50
74	52
74	53
74	54
74	55
74	56
74	57
74	58
74	59
74	60
74	61
74	62
74	64
74	67
74	69
74	70
74	71
74	73
74	74
74	75
74	78
75	1
75	2
75	3
75	5
75	6
75	7
75	8
75	11
75	12
75	13
75	14
75	15
75	25
75	26
75	28
75	30
75	31
75	34
75	35
75	36
75	37
75	38
75	39
75	40
75	41
75	42
75	43
75	44
75	45
75	46
75	47
75	48
75	49
75	50
75	53
75	54
75	56
75	58
75	59
75	60
75	61
75	62
75	64
75	66
75	67
75	68
75	69
75	70
75	71
75	73
75	74
75	75
75	78
76	1
76	2
76	3
76	4
76	5
76	6
76	7
76	8
76	9
76	11
76	12
76	13
76	14
76	15
76	25
76	26
76	27
76	28
76	29
76	30
76	31
76	32
76	33
76	34
76	35
76	36
76	37
76	38
76	39
76	40
76	41
76	42
76	43
76	44
76	45
76	47
76	48
76	49
76	50
76	53
76	54
76	55
76	58
76	59
76	60
76	61
76	62
76	64
76	65
76	67
76	68
76	69
76	78
76	81
76	82
76	83
77	1
77	2
77	3
77	4
77	6
77	7
77	8
77	9
77	11
77	12
77	13
77	14
77	15
77	26
77	27
77	28
77	29
77	30
77	31
77	34
77	35
77	36
77	37
77	38
77	39
77	40
77	41
77	43
77	44
77	45
77	46
77	47
77	48
77	49
77	50
77	56
77	59
77	60
77	64
77	69
78	1
78	2
78	3
78	4
78	5
78	8
78	9
78	11
78	12
78	13
78	14
78	15
78	26
78	27
78	28
78	29
78	30
78	31
78	32
78	34
78	35
78	36
78	37
78	38
78	39
78	41
78	44
78	45
78	46
78	48
78	49
78	50
78	52
78	53
78	54
78	55
78	56
78	57
78	59
78	60
78	61
78	64
78	65
78	66
78	67
78	68
78	69
78	70
78	77
78	78
78	82
78	83
79	1
79	2
79	3
79	4
79	5
79	6
79	7
79	8
79	9
79	10
79	11
79	12
79	13
79	14
79	15
79	26
79	27
79	28
79	30
79	31
79	32
79	33
79	34
79	35
79	36
79	37
79	38
79	39
79	40
79	41
79	42
79	43
79	44
79	45
79	46
79	47
79	48
79	49
79	50
79	52
79	53
79	54
79	59
79	61
79	64
79	65
79	66
79	67
79	68
79	70
79	71
79	81
79	83
80	1
80	2
80	3
80	5
80	6
80	7
80	8
80	9
80	10
80	11
80	12
80	13
80	14
80	15
80	26
80	28
80	31
80	32
80	33
80	34
80	35
80	36
80	37
80	38
80	39
80	40
80	41
80	42
80	43
80	44
80	45
80	46
80	47
80	48
80	50
80	53
80	54
80	55
80	56
80	57
80	61
80	62
80	66
80	68
80	70
80	73
80	74
80	75
80	76
81	1
81	2
81	3
81	4
81	5
81	6
81	7
81	8
81	9
81	10
81	11
81	12
81	13
81	14
81	15
81	22
81	25
81	26
81	27
81	28
81	29
81	30
81	31
81	32
81	33
81	34
81	35
81	36
81	37
81	38
81	39
81	40
81	41
81	42
81	43
81	44
81	45
81	46
81	47
81	48
81	49
81	50
81	51
81	52
81	53
81	54
81	55
81	56
81	58
81	59
81	60
81	61
81	62
81	63
81	64
81	65
81	66
81	67
81	69
81	70
81	71
81	72
81	73
81	74
81	75
81	76
81	78
81	80
81	84
81	85
81	89
82	1
82	2
82	3
82	5
82	6
82	7
82	8
82	9
82	10
82	11
82	12
82	13
82	14
82	15
82	26
82	27
82	28
82	29
82	30
82	31
82	32
82	33
82	34
82	35
82	36
82	37
82	39
82	40
82	41
82	42
82	43
82	44
82	45
82	46
82	47
82	48
82	49
82	50
82	52
82	53
82	54
82	55
82	58
82	59
82	60
82	62
82	64
82	65
82	66
82	67
82	68
82	69
82	71
82	73
82	76
82	78
82	79
82	81
82	82
82	83
83	1
83	2
83	3
83	4
83	5
83	6
83	7
83	8
83	9
83	10
83	11
83	12
83	13
83	15
83	26
83	27
83	28
83	29
83	30
83	31
83	32
83	34
83	35
83	36
83	37
83	38
83	39
83	46
83	47
83	48
83	53
83	59
83	60
83	61
83	68
83	69
83	70
83	71
83	77
83	78
83	84
84	1
84	2
84	3
84	4
84	5
84	6
84	7
84	8
84	9
84	10
84	11
84	12
84	13
84	14
84	15
84	25
84	26
84	27
84	28
84	29
84	30
84	31
84	32
84	33
84	34
84	35
84	36
84	37
84	38
84	39
84	40
84	41
84	42
84	43
84	44
84	45
84	46
84	47
84	49
84	56
84	59
84	60
84	61
84	62
84	64
84	65
84	67
84	68
84	69
84	73
84	76
84	77
84	78
84	81
84	82
85	2
85	3
85	5
85	6
85	7
85	8
85	9
85	11
85	12
85	13
85	28
85	29
85	30
85	31
85	37
85	38
85	39
85	47
85	57
85	59
85	60
85	61
85	70
85	72
85	78
85	84
86	1
86	2
86	3
86	4
86	6
86	7
86	8
86	9
86	10
86	11
86	12
86	13
86	14
86	15
86	31
86	32
86	33
86	34
86	35
86	36
86	37
86	38
86	40
86	42
86	43
86	48
86	52
86	59
86	61
86	64
86	67
86	69
86	81
86	83
87	1
87	2
87	3
87	5
87	6
87	7
87	8
87	9
87	10
87	11
87	12
87	13
87	14
87	15
87	22
87	26
87	27
87	28
87	29
87	30
87	31
87	32
87	33
87	34
87	35
87	36
87	37
87	38
87	39
87	40
87	41
87	42
87	43
87	44
87	45
87	46
87	47
87	48
87	49
87	50
87	52
87	53
87	54
87	55
87	56
87	57
87	59
87	60
87	61
87	62
87	64
87	66
87	67
87	68
87	69
87	70
87	71
87	73
87	74
87	75
87	77
87	78
87	79
87	86
88	1
88	9
88	10
88	11
88	12
88	25
88	28
88	30
88	32
88	34
88	35
88	37
88	48
88	49
88	56
88	59
88	62
89	1
89	2
89	3
89	4
89	5
89	6
89	7
89	8
89	9
89	11
89	12
89	13
89	14
89	15
89	26
89	28
89	29
89	30
89	31
89	32
89	33
89	34
89	35
89	36
89	37
89	38
89	39
89	41
89	43
89	45
89	46
89	47
89	48
89	49
89	50
89	52
89	53
89	54
89	55
89	56
89	57
89	59
89	60
89	61
89	64
89	65
89	66
89	67
89	68
89	69
89	70
89	71
89	78
89	80
89	81
89	82
89	83
90	1
90	2
90	3
90	4
90	5
90	6
90	7
90	8
90	9
90	10
90	11
90	12
90	13
90	14
90	26
90	27
90	28
90	29
90	30
90	31
90	32
90	33
90	34
90	35
90	36
90	37
90	38
90	39
90	40
90	41
90	44
90	46
90	47
90	50
90	55
90	58
90	59
90	60
90	69
90	78
91	1
91	2
91	3
91	4
91	5
91	6
91	7
91	8
91	9
91	10
91	11
91	12
91	13
91	14
91	15
91	26
91	27
91	28
91	29
91	31
91	32
91	34
91	35
91	36
91	37
91	38
91	39
91	40
91	41
91	42
91	43
91	44
91	45
91	46
91	47
91	48
91	49
91	50
91	52
91	53
91	54
91	55
91	56
91	57
91	59
91	60
91	61
91	62
91	64
91	66
91	67
91	68
91	69
91	70
91	71
91	72
91	73
91	74
91	80
92	1
92	2
92	3
92	4
92	5
92	6
92	7
92	8
92	9
92	10
92	11
92	12
92	13
92	14
92	15
92	25
92	26
92	27
92	28
92	29
92	30
92	31
92	32
92	33
92	34
92	35
92	36
92	37
92	38
92	39
92	40
92	41
92	43
92	44
92	45
92	46
92	47
92	48
92	49
92	50
92	52
92	53
92	54
92	55
92	56
92	57
92	59
92	60
92	61
92	62
92	64
92	65
92	66
92	67
92	68
92	69
92	70
92	71
92	72
92	73
92	74
92	75
92	77
92	78
92	86
93	1
93	2
93	3
93	4
93	5
93	6
93	7
93	8
93	9
93	10
93	11
93	12
93	13
93	14
93	15
93	26
93	27
93	28
93	29
93	30
93	31
93	32
93	33
93	34
93	35
93	36
93	37
93	38
93	39
93	40
93	41
93	42
93	43
93	44
93	45
93	46
93	47
93	48
93	49
93	50
93	52
93	53
93	54
93	55
93	56
93	57
93	58
93	59
93	60
93	61
93	64
93	65
93	66
93	67
93	68
93	69
93	70
93	71
93	73
93	76
93	79
93	81
93	82
93	83
93	86
93	89
94	1
94	2
94	3
94	5
94	6
94	7
94	8
94	9
94	13
94	26
94	27
94	28
94	31
94	34
94	35
94	37
94	39
94	40
94	41
94	42
94	43
94	44
94	45
94	46
94	47
94	48
94	49
94	50
94	53
94	59
94	60
94	61
94	64
94	67
94	68
94	78
94	81
94	82
94	83
95	5
95	8
95	11
95	12
95	15
95	25
95	26
95	28
95	34
95	35
95	36
95	38
95	39
95	40
95	41
95	43
95	44
95	45
95	46
95	47
95	48
95	49
95	50
95	52
95	53
95	54
95	55
95	56
95	59
95	60
95	61
95	64
95	66
95	67
95	68
95	69
95	70
95	78
95	80
95	81
95	82
95	83
96	1
96	2
96	3
96	4
96	5
96	6
96	7
96	8
96	9
96	11
96	12
96	13
96	14
96	15
96	26
96	27
96	28
96	29
96	30
96	31
96	32
96	33
96	34
96	36
96	37
96	38
96	39
96	40
96	41
96	44
96	45
96	47
96	50
96	53
96	59
96	60
96	61
96	78
97	1
97	2
97	3
97	6
97	7
97	8
97	9
97	10
97	11
97	12
97	13
97	14
97	15
97	26
97	28
97	29
97	30
97	31
97	32
97	33
97	34
97	35
97	36
97	37
97	38
97	39
97	40
97	41
97	44
97	46
97	47
97	48
97	50
97	53
97	55
97	59
97	60
97	61
97	69
97	78
98	1
98	2
98	3
98	4
98	5
98	6
98	7
98	8
98	9
98	10
98	11
98	12
98	13
98	14
98	15
98	26
98	27
98	28
98	29
98	30
98	32
98	33
98	34
98	35
98	36
98	38
98	39
98	40
98	41
98	42
98	43
98	44
98	45
98	46
98	47
98	48
98	49
98	50
98	52
98	53
98	54
98	56
98	59
98	60
98	61
98	62
98	66
98	68
98	69
98	70
98	78
99	3
99	5
99	6
99	7
99	11
99	13
99	15
99	27
99	33
99	35
99	38
99	49
99	59
99	60
99	64
99	67
99	78
99	82
99	83
100	1
100	3
100	4
100	5
100	6
100	7
100	9
100	11
100	12
100	13
100	14
100	15
100	26
100	27
100	32
100	33
100	34
100	35
100	36
100	39
100	44
100	45
100	46
100	49
100	50
100	53
100	54
100	55
100	57
100	58
100	61
100	64
100	67
100	68
100	69
100	70
100	71
100	81
101	3
101	5
101	6
101	7
101	11
101	12
101	13
101	15
101	28
101	30
101	31
101	35
101	36
101	37
101	48
101	49
101	58
101	59
101	60
101	61
101	64
101	67
101	68
101	71
101	82
101	83
102	1
102	2
102	3
102	5
102	6
102	7
102	8
102	9
102	10
102	11
102	12
102	13
102	14
102	15
102	26
102	27
102	28
102	29
102	30
102	31
102	32
102	33
102	34
102	35
102	37
102	39
102	40
102	41
102	43
102	44
102	46
102	47
102	48
102	49
102	50
102	53
102	58
102	59
102	60
102	64
102	67
102	68
102	69
102	78
102	81
102	82
102	83
103	2
103	3
103	4
103	5
103	6
103	7
103	8
103	9
103	10
103	11
103	12
103	13
103	26
103	27
103	28
103	31
103	32
103	33
103	34
103	35
103	36
103	37
103	38
103	39
103	48
103	49
103	51
103	59
103	60
103	61
103	64
103	65
103	67
103	70
103	77
103	78
103	81
103	82
103	84
104	1
104	3
104	4
104	5
104	6
104	7
104	8
104	9
104	11
104	12
104	13
104	14
104	15
104	26
104	27
104	28
104	30
104	31
104	32
104	33
104	34
104	35
104	36
104	37
104	38
104	39
104	40
104	41
104	42
104	43
104	44
104	45
104	46
104	47
104	48
104	49
104	50
104	53
104	55
104	58
104	59
104	60
104	64
104	67
104	69
104	78
104	81
104	82
104	83
105	1
105	3
105	5
105	6
105	7
105	8
105	9
105	10
105	11
105	12
105	13
105	14
105	15
105	26
105	27
105	28
105	29
105	30
105	31
105	32
105	34
105	35
105	36
105	37
105	38
105	39
105	40
105	41
105	42
105	43
105	44
105	45
105	46
105	47
105	48
105	49
105	50
105	52
105	53
105	55
105	56
105	58
105	59
105	60
105	61
105	64
105	65
105	66
105	67
105	68
105	69
105	70
105	71
105	73
105	76
105	78
105	81
105	83
105	85
106	1
106	3
106	4
106	5
106	6
106	7
106	8
106	11
106	12
106	13
106	15
106	26
106	27
106	28
106	29
106	30
106	31
106	32
106	34
106	35
106	37
106	38
106	39
106	40
106	41
106	43
106	45
106	46
106	47
106	48
106	49
106	55
106	59
106	60
106	64
106	65
106	67
106	68
106	69
106	73
106	76
106	77
106	78
106	90
107	1
107	2
107	3
107	4
107	5
107	6
107	7
107	8
107	9
107	10
107	11
107	12
107	13
107	14
107	15
107	26
107	27
107	28
107	29
107	30
107	31
107	32
107	34
107	35
107	36
107	37
107	38
107	39
107	40
107	41
107	43
107	44
107	45
107	46
107	47
107	49
107	50
107	52
107	53
107	55
107	58
107	59
107	60
107	61
107	64
107	66
107	67
107	69
107	73
107	77
107	78
107	79
107	86
108	1
108	2
108	3
108	4
108	5
108	6
108	7
108	8
108	9
108	10
108	11
108	12
108	13
108	14
108	15
108	26
108	27
108	28
108	29
108	30
108	31
108	32
108	33
108	34
108	35
108	36
108	37
108	38
108	39
108	40
108	41
108	42
108	43
108	44
108	46
108	47
108	48
108	49
108	50
108	53
108	54
108	59
108	60
108	61
108	62
108	64
108	66
108	67
108	68
108	69
108	71
108	77
108	78
109	3
109	4
109	6
109	7
109	8
109	11
109	12
109	14
109	26
109	27
109	28
109	30
109	33
109	35
109	36
109	38
109	55
110	1
110	3
110	4
110	5
110	6
110	7
110	8
110	11
110	12
110	13
110	14
110	15
110	26
110	28
110	30
110	31
110	32
110	33
110	34
110	35
110	36
110	37
110	38
110	39
110	40
110	41
110	43
110	44
110	45
110	46
110	47
110	48
110	49
110	50
110	52
110	53
110	54
110	55
110	56
110	57
110	58
110	59
110	60
110	61
110	64
110	66
110	67
110	68
110	69
110	70
110	71
110	78
110	80
110	82
111	3
111	5
111	6
111	7
111	8
111	9
111	10
111	11
111	12
111	13
111	15
111	28
111	29
111	30
111	31
111	32
111	34
111	35
111	36
111	37
111	39
111	40
111	41
111	42
111	43
111	44
111	45
111	46
111	47
111	48
111	49
111	50
111	53
111	55
111	59
111	60
111	61
111	64
111	67
111	68
111	69
111	78
111	81
111	82
111	83
112	1
112	2
112	3
112	5
112	6
112	7
112	8
112	9
112	10
112	11
112	12
112	13
112	14
112	15
112	26
112	27
112	28
112	29
112	30
112	31
112	32
112	33
112	34
112	35
112	36
112	37
112	38
112	39
112	40
112	41
112	42
112	43
112	44
112	45
112	46
112	47
112	48
112	49
112	50
112	52
112	53
112	55
112	56
112	58
112	59
112	60
112	61
112	62
112	64
112	65
112	67
112	68
112	70
112	72
112	73
112	74
112	78
112	80
112	83
112	84
113	1
113	2
113	3
113	5
113	6
113	7
113	8
113	9
113	10
113	11
113	12
113	13
113	14
113	15
113	26
113	27
113	28
113	31
113	32
113	33
113	34
113	35
113	36
113	37
113	38
113	39
113	40
113	41
113	42
113	46
113	47
113	48
113	49
113	50
113	53
113	64
113	65
113	68
113	80
113	82
113	83
114	1
114	2
114	3
114	4
114	5
114	6
114	7
114	8
114	9
114	10
114	11
114	12
114	13
114	14
114	15
114	26
114	27
114	28
114	29
114	30
114	31
114	32
114	33
114	34
114	35
114	36
114	37
114	38
114	39
114	40
114	41
114	42
114	43
114	44
114	47
114	48
114	50
114	53
114	54
114	59
114	60
114	61
114	69
114	71
114	78
115	1
115	2
115	3
115	4
115	5
115	6
115	7
115	8
115	9
115	11
115	12
115	13
115	14
115	15
115	22
115	25
115	26
115	27
115	28
115	30
115	31
115	32
115	33
115	34
115	35
115	36
115	37
115	38
115	39
115	40
115	41
115	42
115	43
115	44
115	45
115	46
115	47
115	48
115	49
115	50
115	52
115	53
115	54
115	55
115	56
115	57
115	58
115	59
115	60
115	61
115	62
115	64
115	65
115	66
115	67
115	68
115	70
115	71
115	73
115	74
115	75
115	76
115	77
115	78
115	84
115	85
115	86
116	1
116	2
116	3
116	4
116	5
116	6
116	7
116	8
116	9
116	10
116	11
116	12
116	13
116	14
116	15
116	25
116	26
116	28
116	29
116	30
116	31
116	32
116	33
116	34
116	35
116	36
116	37
116	38
116	41
116	46
116	48
116	49
116	53
116	56
116	59
116	60
116	61
116	64
116	66
116	67
116	68
116	69
116	70
116	73
116	78
116	81
116	82
116	83
117	1
117	2
117	3
117	4
117	5
117	6
117	7
117	8
117	9
117	10
117	11
117	12
117	13
117	14
117	15
117	26
117	28
117	29
117	30
117	31
117	32
117	33
117	34
117	35
117	36
117	37
117	38
117	39
117	40
117	41
117	42
117	43
117	45
117	46
117	47
117	48
117	49
117	50
117	52
117	53
117	54
117	55
117	56
117	57
117	59
117	60
117	61
117	64
117	67
117	70
117	77
117	78
117	80
117	83
117	84
118	1
118	2
118	3
118	4
118	6
118	7
118	11
118	12
118	14
118	15
118	28
118	30
118	31
118	32
118	33
118	34
118	35
118	36
118	37
118	38
118	39
118	44
118	46
118	49
118	50
118	52
118	53
118	54
118	55
118	59
118	61
118	65
118	66
118	68
118	87
119	14
119	28
119	34
119	39
119	40
119	41
119	42
119	48
119	59
119	60
119	78
120	1
120	2
120	3
120	4
120	5
120	6
120	7
120	8
120	9
120	10
120	11
120	12
120	13
120	14
120	15
120	26
120	28
120	29
120	30
120	31
120	34
120	35
120	36
120	37
120	38
120	39
120	40
120	41
120	42
120	43
120	44
120	45
120	46
120	47
120	48
120	49
120	50
120	52
120	53
120	55
120	56
120	57
120	59
120	60
120	62
120	64
120	66
120	67
120	68
120	69
120	70
120	71
120	82
120	83
121	1
121	2
121	3
121	5
121	6
121	7
121	8
121	9
121	10
121	11
121	12
121	13
121	14
121	15
121	26
121	27
121	28
121	29
121	30
121	31
121	32
121	34
121	35
121	36
121	37
121	38
121	39
121	40
121	41
121	42
121	43
121	44
121	45
121	46
121	47
121	48
121	49
121	50
121	52
121	53
121	54
121	55
121	56
121	58
121	59
121	60
121	61
121	65
121	69
121	70
121	76
121	78
121	80
122	1
122	2
122	3
122	4
122	5
122	6
122	7
122	8
122	9
122	11
122	12
122	13
122	14
122	15
122	26
122	27
122	28
122	30
122	31
122	32
122	33
122	34
122	35
122	36
122	37
122	38
122	39
122	40
122	41
122	42
122	43
122	44
122	45
122	46
122	47
122	48
122	49
122	50
122	52
122	53
122	54
122	55
122	56
122	58
122	59
122	60
122	61
122	62
122	64
122	65
122	66
122	67
122	68
122	69
122	70
122	71
122	72
122	73
122	74
122	78
122	80
122	81
122	82
122	83
122	86
122	87
123	8
123	12
123	14
123	15
123	26
123	30
123	31
123	34
123	35
123	38
123	40
123	41
123	48
123	49
123	55
123	59
123	64
123	67
123	69
123	78
123	81
123	82
124	1
124	2
124	3
124	4
124	5
124	6
124	7
124	8
124	11
124	12
124	13
124	14
124	15
124	26
124	27
124	28
124	29
124	30
124	31
124	32
124	34
124	35
124	36
124	38
124	39
124	40
124	41
124	42
124	43
124	44
124	45
124	46
124	47
124	48
124	49
124	50
124	52
124	53
124	54
124	55
124	56
124	57
124	59
124	60
124	61
124	62
124	64
124	65
124	66
124	67
124	68
124	69
124	70
124	71
124	72
124	73
124	74
124	75
124	76
124	78
124	84
124	89
125	1
125	2
125	3
125	4
125	5
125	6
125	7
125	8
125	9
125	11
125	12
125	13
125	14
125	15
125	26
125	27
125	28
125	30
125	33
125	34
125	35
125	36
125	37
125	38
125	39
125	44
125	46
125	47
125	48
125	52
125	53
125	54
125	55
125	56
125	57
125	58
125	59
125	60
125	61
125	66
125	68
125	70
125	71
125	84
126	3
126	5
126	6
126	7
126	8
126	11
126	13
126	14
126	15
126	28
126	29
126	30
126	34
126	39
126	40
126	41
126	42
126	46
126	47
126	49
126	50
126	53
126	59
126	60
127	2
127	3
127	5
127	6
127	7
127	9
127	10
127	11
127	12
127	13
127	15
127	26
127	28
127	32
127	34
127	35
127	36
127	37
127	38
127	45
127	46
127	48
127	50
127	53
127	57
127	59
127	61
127	68
127	71
127	77
127	78
128	1
128	2
128	3
128	4
128	5
128	6
128	8
128	11
128	12
128	14
128	15
128	25
128	26
128	27
128	28
128	30
128	33
128	34
128	35
128	36
128	37
128	38
128	39
128	40
128	41
128	42
128	43
128	44
128	45
128	46
128	47
128	48
128	49
128	50
128	52
128	53
128	54
128	55
128	56
128	57
128	58
128	59
128	60
128	61
128	62
128	64
128	65
128	66
128	67
128	68
128	69
128	70
128	71
128	73
128	78
128	85
129	1
129	2
129	3
129	5
129	6
129	7
129	8
129	11
129	12
129	13
129	14
129	15
129	22
129	26
129	27
129	28
129	29
129	30
129	31
129	33
129	34
129	35
129	36
129	37
129	38
129	39
129	40
129	41
129	42
129	44
129	45
129	46
129	47
129	48
129	49
129	50
129	52
129	53
129	54
129	55
129	56
129	57
129	59
129	60
129	61
129	62
129	64
129	66
129	67
129	68
129	70
129	71
129	73
129	74
129	75
129	77
129	78
129	80
129	84
130	1
130	2
130	3
130	5
130	6
130	7
130	8
130	11
130	12
130	15
130	26
130	28
130	29
130	30
130	31
130	34
130	35
130	36
130	37
130	38
130	39
130	40
130	45
130	46
130	47
130	48
130	49
130	50
130	52
130	53
130	54
130	55
130	56
130	57
130	59
130	60
130	61
130	64
130	67
130	68
130	69
130	71
130	77
130	78
130	80
130	81
130	83
131	1
131	2
131	3
131	5
131	6
131	7
131	8
131	9
131	11
131	12
131	13
131	14
131	15
131	25
131	26
131	27
131	28
131	29
131	30
131	31
131	32
131	33
131	34
131	35
131	36
131	37
131	38
131	39
131	40
131	41
131	42
131	43
131	44
131	45
131	46
131	47
131	48
131	49
131	50
131	52
131	53
131	54
131	55
131	56
131	57
131	58
131	59
131	61
131	62
131	64
131	66
131	67
131	68
131	69
131	70
131	71
131	72
131	73
131	74
131	81
131	82
131	83
131	84
131	88
132	1
132	2
132	3
132	5
132	6
132	8
132	11
132	12
132	13
132	14
132	15
132	25
132	26
132	27
132	28
132	29
132	31
132	34
132	35
132	36
132	37
132	38
132	39
132	42
132	43
132	44
132	45
132	46
132	48
132	49
132	52
132	53
132	54
132	56
132	57
132	59
132	60
132	61
132	62
132	64
132	65
132	66
132	67
132	68
132	69
132	73
133	1
133	2
133	3
133	5
133	6
133	8
133	10
133	11
133	12
133	13
133	14
133	15
133	25
133	26
133	27
133	29
133	30
133	32
133	33
133	34
133	35
133	36
133	37
133	38
133	39
133	40
133	41
133	42
133	43
133	44
133	45
133	46
133	47
133	48
133	49
133	50
133	52
133	53
133	54
133	56
133	57
133	58
133	61
133	64
133	67
133	68
133	69
133	81
133	82
133	83
134	1
134	2
134	3
134	5
134	6
134	7
134	8
134	9
134	10
134	11
134	12
134	13
134	14
134	15
134	26
134	27
134	28
134	30
134	31
134	32
134	33
134	34
134	35
134	36
134	37
134	38
134	39
134	40
134	41
134	42
134	43
134	44
134	45
134	46
134	47
134	48
134	49
134	50
134	53
134	59
134	60
134	67
134	78
135	2
135	3
135	4
135	5
135	6
135	7
135	8
135	9
135	10
135	11
135	12
135	13
135	14
135	15
135	26
135	27
135	28
135	31
135	33
135	34
135	35
135	36
135	37
135	38
135	39
135	45
135	46
135	48
135	49
135	50
135	52
135	53
135	54
135	55
135	56
135	59
135	60
135	61
135	64
135	65
135	66
135	67
135	68
135	70
135	71
135	73
135	78
135	79
135	81
135	82
135	83
136	1
136	2
136	3
136	5
136	6
136	7
136	8
136	9
136	10
136	11
136	12
136	13
136	14
136	15
136	26
136	27
136	28
136	29
136	30
136	31
136	33
136	34
136	35
136	36
136	37
136	38
136	39
136	40
136	41
136	42
136	43
136	44
136	46
136	47
136	48
136	49
136	50
136	55
136	59
136	60
136	61
136	64
136	67
136	68
136	69
136	78
136	80
136	81
136	82
136	83
137	1
137	5
137	6
137	8
137	9
137	10
137	11
137	12
137	13
137	14
137	15
137	25
137	26
137	27
137	28
137	29
137	30
137	31
137	32
137	33
137	34
137	35
137	36
137	37
137	38
137	39
137	44
137	45
137	46
137	48
137	50
137	52
137	53
137	54
137	55
137	56
137	57
137	58
137	61
137	64
137	66
137	67
137	68
137	69
137	70
137	71
137	80
137	81
138	1
138	2
138	3
138	5
138	6
138	8
138	9
138	11
138	12
138	14
138	15
138	25
138	26
138	28
138	29
138	30
138	31
138	32
138	34
138	35
138	36
138	37
138	38
138	39
138	40
138	41
138	42
138	43
138	44
138	45
138	46
138	47
138	48
138	49
138	50
138	52
138	53
138	54
138	55
138	56
138	57
138	59
138	60
138	61
138	62
138	63
138	64
138	65
138	66
138	67
138	68
138	70
138	71
138	77
138	78
138	81
138	82
138	83
140	1
140	2
140	3
140	5
140	6
140	7
140	8
140	11
140	13
140	26
140	27
140	28
140	29
140	30
140	31
140	32
140	35
140	36
140	37
140	47
140	48
140	49
140	53
140	59
140	60
140	61
140	64
140	67
140	68
140	69
140	78
141	1
141	2
141	3
141	4
141	5
141	6
141	7
141	8
141	9
141	11
141	12
141	13
141	14
141	15
141	26
141	27
141	28
141	30
141	31
141	32
141	33
141	34
141	35
141	36
141	37
141	38
141	45
141	48
141	49
141	50
141	52
141	53
141	55
141	59
141	60
141	61
141	62
141	64
141	65
141	66
141	67
141	68
141	69
141	73
141	77
141	78
141	79
141	80
141	86
142	1
142	2
142	3
142	5
142	6
142	7
142	8
142	9
142	10
142	11
142	12
142	13
142	14
142	15
142	25
142	26
142	27
142	28
142	29
142	30
142	31
142	32
142	33
142	34
142	35
142	36
142	37
142	38
142	39
142	40
142	41
142	43
142	44
142	45
142	46
142	47
142	48
142	50
142	52
142	53
142	54
142	55
142	56
142	57
142	59
142	60
142	61
142	62
142	64
142	66
142	67
142	68
142	69
142	70
142	71
142	73
142	75
142	77
142	78
143	1
143	2
143	3
143	4
143	6
143	7
143	8
143	11
143	12
143	13
143	14
143	15
143	26
143	27
143	28
143	29
143	30
143	31
143	32
143	34
143	35
143	36
143	38
143	39
143	40
143	41
143	43
143	44
143	45
143	46
143	48
143	50
143	51
143	52
143	55
143	56
143	57
143	59
143	60
143	61
143	62
143	64
143	66
143	69
143	73
143	78
143	79
143	80
143	81
143	82
144	1
144	2
144	3
144	4
144	5
144	6
144	7
144	8
144	9
144	10
144	11
144	12
144	13
144	14
144	15
144	25
144	26
144	27
144	28
144	29
144	30
144	31
144	32
144	33
144	34
144	35
144	36
144	37
144	38
144	39
144	40
144	41
144	42
144	43
144	44
144	45
144	46
144	47
144	48
144	49
144	50
144	52
144	53
144	54
144	55
144	56
144	57
144	58
144	59
144	60
144	61
144	62
144	64
144	66
144	67
144	68
144	69
144	70
144	71
144	72
144	73
144	74
144	75
144	77
144	78
144	84
145	1
145	2
145	3
145	4
145	5
145	6
145	7
145	8
145	9
145	10
145	11
145	12
145	13
145	14
145	15
145	22
145	28
145	29
145	30
145	31
145	32
145	33
145	34
145	35
145	36
145	38
145	39
145	40
145	41
145	42
145	43
145	44
145	45
145	46
145	47
145	48
145	49
145	50
145	53
145	59
145	60
145	69
145	78
146	1
146	2
146	3
146	5
146	6
146	7
146	8
146	9
146	10
146	11
146	12
146	13
146	14
146	15
146	26
146	27
146	28
146	30
146	31
146	32
146	33
146	34
146	35
146	36
146	37
146	38
146	39
146	40
146	41
146	42
146	44
146	46
146	47
146	48
146	49
146	50
146	51
146	53
146	55
146	58
146	59
146	60
146	61
146	62
146	64
146	65
146	66
146	67
146	68
146	69
146	71
146	78
146	84
147	1
147	2
147	3
147	4
147	5
147	6
147	7
147	8
147	11
147	12
147	13
147	14
147	15
147	25
147	26
147	27
147	28
147	29
147	30
147	31
147	32
147	33
147	34
147	35
147	36
147	37
147	38
147	39
147	45
147	46
147	48
147	49
147	50
147	52
147	53
147	54
147	55
147	56
147	57
147	59
147	60
147	61
147	64
147	66
147	67
147	69
147	70
147	71
147	78
147	80
147	81
147	83
147	84
148	1
148	2
148	3
148	4
148	5
148	6
148	7
148	8
148	10
148	11
148	12
148	13
148	14
148	15
148	26
148	27
148	28
148	29
148	30
148	31
148	32
148	33
148	34
148	35
148	36
148	37
148	38
148	50
148	53
148	59
148	69
148	77
149	1
149	2
149	3
149	4
149	5
149	6
149	7
149	8
149	9
149	10
149	11
149	12
149	13
149	14
149	15
149	25
149	26
149	27
149	28
149	29
149	30
149	31
149	32
149	33
149	34
149	35
149	36
149	37
149	38
149	39
149	40
149	41
149	42
149	43
149	44
149	45
149	46
149	47
149	48
149	49
149	50
149	52
149	53
149	54
149	55
149	56
149	57
149	59
149	60
149	61
149	62
149	64
149	66
149	67
149	68
149	69
149	70
149	71
149	72
149	81
149	83
149	84
150	1
150	2
150	3
150	5
150	6
150	7
150	8
150	11
150	12
150	14
150	15
150	25
150	26
150	27
150	28
150	30
150	31
150	34
150	35
150	36
150	37
150	38
150	39
150	40
150	41
150	42
150	43
150	44
150	45
150	46
150	47
150	48
150	49
150	52
150	53
150	54
150	55
150	56
150	58
150	59
150	60
150	61
150	62
150	64
150	65
150	66
150	67
150	68
150	69
150	70
150	71
150	72
150	73
150	75
150	77
150	78
151	1
151	2
151	6
151	8
151	9
151	12
151	13
151	14
151	15
151	26
151	28
151	30
151	31
151	35
151	36
151	38
151	48
151	53
151	56
151	59
151	60
151	61
151	66
151	69
151	70
151	78
151	81
151	82
151	84
152	1
152	2
152	3
152	4
152	5
152	6
152	7
152	8
152	10
152	11
152	12
152	13
152	14
152	15
152	22
152	26
152	27
152	28
152	29
152	30
152	31
152	32
152	33
152	34
152	35
152	36
152	37
152	38
152	39
152	40
152	41
152	42
152	43
152	44
152	45
152	46
152	47
152	48
152	49
152	50
152	52
152	53
152	54
152	56
152	57
152	59
152	60
152	61
152	66
152	68
152	69
152	78
152	80
153	1
153	2
153	3
153	5
153	6
153	7
153	8
153	9
153	11
153	12
153	13
153	14
153	15
153	26
153	27
153	28
153	30
153	31
153	33
153	34
153	35
153	36
153	37
153	38
153	39
153	40
153	41
153	43
153	44
153	45
153	46
153	47
153	48
153	49
153	50
153	52
153	53
153	54
153	55
153	56
153	59
153	60
153	61
153	62
153	64
153	66
153	67
153	68
153	69
153	70
153	71
153	78
154	1
154	2
154	3
154	4
154	5
154	6
154	7
154	8
154	9
154	10
154	11
154	12
154	13
154	14
154	15
154	26
154	27
154	28
154	29
154	30
154	31
154	32
154	33
154	34
154	35
154	36
154	37
154	38
154	39
154	40
154	41
154	42
154	43
154	44
154	45
154	46
154	47
154	48
154	49
154	50
154	51
154	52
154	53
154	54
154	55
154	56
154	59
154	60
154	61
154	62
154	64
154	65
154	66
154	67
154	69
154	70
154	71
154	72
154	73
154	78
154	79
154	80
154	89
155	1
155	2
155	3
155	4
155	5
155	6
155	7
155	8
155	9
155	10
155	11
155	12
155	13
155	14
155	15
155	26
155	27
155	28
155	29
155	30
155	31
155	34
155	35
155	36
155	37
155	38
155	39
155	40
155	41
155	43
155	44
155	45
155	47
155	48
155	49
155	52
155	53
155	55
155	58
155	59
155	60
155	61
155	62
155	64
155	67
155	68
155	73
155	74
155	75
155	77
155	78
156	1
156	2
156	3
156	5
156	6
156	7
156	8
156	9
156	11
156	12
156	13
156	14
156	15
156	26
156	27
156	28
156	30
156	31
156	33
156	34
156	35
156	36
156	37
156	38
156	39
156	40
156	41
156	43
156	45
156	46
156	47
156	48
156	50
156	52
156	53
156	54
156	55
156	56
156	57
156	59
156	60
156	61
156	64
156	66
156	67
156	68
156	69
156	70
156	71
156	78
157	1
157	2
157	3
157	4
157	5
157	6
157	7
157	8
157	9
157	10
157	11
157	12
157	13
157	14
157	15
157	26
157	27
157	28
157	29
157	30
157	31
157	32
157	33
157	34
157	35
157	36
157	37
157	38
157	39
157	40
157	41
157	42
157	43
157	44
157	45
157	46
157	47
157	49
157	50
157	52
157	53
157	54
157	55
157	56
157	57
157	59
157	60
157	61
157	62
157	64
157	66
157	67
157	68
157	69
157	73
157	74
157	75
157	77
157	78
158	1
158	2
158	3
158	4
158	5
158	6
158	7
158	8
158	9
158	10
158	11
158	12
158	13
158	14
158	15
158	25
158	26
158	27
158	28
158	29
158	30
158	31
158	32
158	33
158	34
158	35
158	36
158	37
158	38
158	39
158	41
158	42
158	43
158	46
158	47
158	48
158	56
158	58
158	59
158	60
158	62
158	64
158	67
158	69
158	77
158	78
159	1
159	2
159	3
159	4
159	5
159	6
159	7
159	8
159	9
159	10
159	11
159	12
159	13
159	14
159	15
159	25
159	26
159	28
159	29
159	30
159	31
159	32
159	34
159	35
159	36
159	38
159	39
159	40
159	41
159	42
159	43
159	44
159	45
159	46
159	48
159	49
159	50
159	52
159	53
159	54
159	56
159	57
159	58
159	59
159	60
159	61
159	62
159	64
159	65
159	66
159	67
159	68
159	69
159	70
159	71
159	72
159	73
159	74
159	76
159	78
159	84
160	1
160	2
160	3
160	4
160	5
160	6
160	7
160	8
160	9
160	10
160	11
160	12
160	13
160	14
160	15
160	26
160	27
160	28
160	29
160	30
160	31
160	32
160	33
160	34
160	35
160	36
160	37
160	38
160	40
160	41
160	43
160	44
160	45
160	46
160	47
160	49
160	55
160	58
160	59
160	61
160	62
160	64
160	67
160	69
160	77
161	1
161	2
161	3
161	4
161	5
161	6
161	7
161	8
161	9
161	10
161	11
161	12
161	13
161	15
161	26
161	27
161	28
161	29
161	30
161	31
161	32
161	33
161	34
161	35
161	36
161	38
161	39
161	40
161	41
161	42
161	43
161	44
161	46
161	47
161	48
161	49
161	64
161	67
161	69
161	81
161	82
162	1
162	2
162	3
162	4
162	5
162	6
162	7
162	8
162	9
162	10
162	11
162	12
162	13
162	14
162	15
162	26
162	27
162	28
162	29
162	30
162	31
162	33
162	34
162	35
162	36
162	37
162	38
162	39
162	46
162	48
162	49
162	55
162	59
162	60
162	61
162	62
162	64
162	67
162	68
162	69
162	78
162	81
162	82
162	83
163	1
163	2
163	3
163	4
163	5
163	6
163	7
163	8
163	9
163	10
163	11
163	12
163	13
163	14
163	15
163	26
163	27
163	28
163	30
163	31
163	32
163	33
163	34
163	35
163	36
163	37
163	38
163	39
163	40
163	41
163	42
163	44
163	45
163	46
163	48
163	50
163	52
163	55
163	58
163	59
163	60
163	61
163	62
163	64
163	66
163	67
163	69
163	70
163	73
163	77
163	78
163	79
163	81
163	82
163	83
163	86
163	87
164	3
164	5
164	6
164	7
164	8
164	11
164	12
164	13
164	14
164	15
164	26
164	27
164	28
164	34
164	35
164	36
164	37
164	38
164	39
164	40
164	41
164	43
164	44
164	45
164	46
164	47
164	48
164	50
164	53
164	59
164	60
164	66
164	69
164	70
164	78
164	91
165	2
165	9
165	10
165	12
165	15
165	28
165	32
165	34
165	35
165	37
165	39
165	40
165	41
165	42
165	44
165	45
165	46
165	47
165	48
165	51
165	59
165	60
165	61
165	65
165	69
165	82
166	1
166	2
166	3
166	4
166	5
166	6
166	7
166	8
166	9
166	10
166	11
166	12
166	13
166	14
166	15
166	26
166	27
166	28
166	29
166	30
166	31
166	32
166	33
166	34
166	35
166	36
166	37
166	38
166	39
166	40
166	41
166	43
166	44
166	46
166	47
166	48
166	49
166	50
166	53
166	59
166	60
166	61
166	64
166	65
166	66
166	67
166	68
166	69
166	70
166	71
166	72
166	73
166	76
166	77
166	78
166	79
166	81
166	82
166	83
166	84
167	1
167	6
167	7
167	8
167	9
167	10
167	11
167	12
167	13
167	14
167	28
167	29
167	30
167	31
167	32
167	33
167	34
167	35
167	36
167	37
167	39
167	40
167	41
167	42
167	48
167	58
167	59
167	60
167	64
167	67
167	69
167	78
167	81
167	82
168	1
168	3
168	5
168	6
168	7
168	8
168	11
168	12
168	13
168	15
168	26
168	28
168	30
168	31
168	34
168	35
168	36
168	37
168	39
168	40
168	41
168	42
168	43
168	44
168	46
168	47
168	48
168	49
168	50
168	53
168	59
168	60
168	62
168	63
168	65
168	66
168	70
168	82
169	1
169	2
169	3
169	5
169	6
169	7
169	8
169	9
169	10
169	11
169	12
169	13
169	14
169	15
169	26
169	28
169	29
169	31
169	32
169	33
169	34
169	35
169	36
169	37
169	38
169	39
169	40
169	41
169	42
169	43
169	45
169	46
169	47
169	48
169	49
169	50
169	53
169	54
169	61
169	64
169	67
169	69
169	71
169	81
169	82
170	1
170	2
170	3
170	4
170	5
170	6
170	7
170	8
170	9
170	10
170	11
170	12
170	13
170	14
170	15
170	26
170	27
170	28
170	29
170	30
170	31
170	32
170	33
170	34
170	35
170	36
170	37
170	38
170	39
170	45
170	46
170	47
170	48
170	49
170	50
170	52
170	53
170	54
170	55
170	56
170	58
170	59
170	60
170	61
170	64
170	67
170	69
170	70
170	71
170	78
170	81
170	82
170	84
171	1
171	2
171	3
171	4
171	5
171	6
171	7
171	8
171	9
171	10
171	11
171	12
171	13
171	14
171	15
171	26
171	28
171	29
171	30
171	31
171	32
171	33
171	34
171	35
171	36
171	37
171	38
171	39
171	40
171	41
171	42
171	44
171	46
171	47
171	48
171	49
171	54
171	55
171	59
171	60
171	61
171	64
171	66
171	67
171	68
171	69
171	70
171	71
171	78
171	81
172	1
172	2
172	3
172	4
172	6
172	7
172	8
172	9
172	10
172	11
172	12
172	13
172	14
172	15
172	26
172	27
172	28
172	30
172	31
172	32
172	33
172	34
172	35
172	36
172	37
172	38
172	39
172	40
172	41
172	42
172	43
172	44
172	45
172	46
172	47
172	48
172	49
172	50
172	52
172	55
172	58
172	59
172	60
172	61
172	64
172	65
172	66
172	67
172	69
172	71
172	78
172	81
172	83
172	87
173	1
173	3
173	4
173	5
173	6
173	13
173	35
173	42
173	59
173	60
173	81
173	82
174	6
174	7
174	8
174	9
174	10
174	26
174	28
174	29
174	30
174	59
174	60
174	69
175	1
175	2
175	3
175	5
175	6
175	7
175	8
175	9
175	11
175	12
175	13
175	14
175	15
175	26
175	28
175	29
175	30
175	31
175	33
175	34
175	35
175	36
175	37
175	38
175	39
175	40
175	41
175	44
175	45
175	46
175	47
175	48
175	50
175	52
175	53
175	54
175	55
175	56
175	57
175	58
175	59
175	60
175	62
175	64
175	66
175	68
175	69
175	70
175	73
175	74
175	75
175	77
175	78
176	1
176	2
176	5
176	6
176	7
176	8
176	11
176	12
176	13
176	14
176	15
176	26
176	27
176	28
176	30
176	31
176	32
176	33
176	34
176	35
176	36
176	37
176	38
176	39
176	42
176	44
176	45
176	48
176	49
176	50
176	52
176	53
176	54
176	55
176	56
176	57
176	59
176	60
176	61
176	64
176	67
176	68
176	69
176	71
176	77
176	78
176	80
176	81
176	82
177	1
177	2
177	3
177	5
177	6
177	7
177	8
177	9
177	10
177	11
177	12
177	13
177	14
177	15
177	26
177	27
177	28
177	29
177	30
177	31
177	32
177	33
177	34
177	35
177	37
177	38
177	39
177	40
177	41
177	42
177	43
177	44
177	45
177	46
177	47
177	48
177	49
177	50
177	52
177	53
177	54
177	55
177	56
177	59
177	60
177	61
177	64
177	65
177	66
177	67
177	68
177	70
177	71
177	72
177	73
177	79
177	81
177	82
177	83
178	1
178	2
178	3
178	5
178	6
178	7
178	8
178	9
178	11
178	12
178	13
178	14
178	15
178	25
178	26
178	28
178	30
178	31
178	32
178	33
178	34
178	35
178	36
178	37
178	38
178	39
178	40
178	41
178	42
178	43
178	44
178	45
178	46
178	47
178	48
178	49
178	50
178	53
178	56
178	60
178	64
178	66
178	69
179	1
179	2
179	3
179	4
179	6
179	7
179	8
179	11
179	12
179	13
179	14
179	15
179	26
179	27
179	28
179	29
179	31
179	33
179	34
179	35
179	36
179	37
179	38
179	39
179	40
179	41
179	43
179	44
179	45
179	46
179	47
179	48
179	49
179	50
179	52
179	53
179	54
179	55
179	56
179	57
179	59
179	60
179	61
179	62
179	64
179	66
179	67
179	68
179	69
179	70
179	71
179	72
179	73
179	78
179	81
179	83
180	1
180	2
180	3
180	4
180	5
180	6
180	7
180	8
180	9
180	11
180	12
180	13
180	14
180	15
180	22
180	25
180	26
180	27
180	28
180	29
180	30
180	31
180	32
180	33
180	34
180	35
180	36
180	37
180	38
180	39
180	40
180	41
180	42
180	43
180	44
180	45
180	46
180	47
180	48
180	49
180	50
180	52
180	53
180	54
180	55
180	56
180	57
180	58
180	59
180	60
180	61
180	64
180	65
180	66
180	67
180	68
180	69
180	70
180	71
180	72
180	73
180	77
180	79
180	80
180	84
180	89
181	3
181	5
181	6
181	7
181	8
181	9
181	10
181	11
181	12
181	14
181	15
181	26
181	27
181	28
181	29
181	30
181	31
181	32
181	34
181	35
181	36
181	37
181	48
181	49
181	50
181	52
181	53
181	59
181	60
181	64
181	67
181	69
181	71
181	77
181	78
181	81
181	82
181	83
181	88
182	1
182	2
182	3
182	5
182	6
182	7
182	8
182	11
182	12
182	13
182	14
182	15
182	26
182	27
182	28
182	30
182	31
182	33
182	34
182	35
182	36
182	37
182	38
182	39
182	40
182	41
182	42
182	43
182	44
182	45
182	46
182	47
182	48
182	49
182	50
182	52
182	53
182	54
182	55
182	56
182	57
182	59
182	60
182	61
182	62
182	64
182	65
182	66
182	67
182	68
182	69
182	70
182	71
182	72
182	73
182	74
182	76
182	81
182	82
182	83
182	87
183	2
183	6
183	15
183	28
183	35
183	37
183	38
183	39
183	41
183	46
183	47
183	48
183	49
183	53
183	59
183	60
183	61
183	64
183	70
183	71
183	72
183	78
183	81
183	82
183	84
184	1
184	2
184	3
184	5
184	6
184	7
184	8
184	9
184	11
184	12
184	13
184	14
184	15
184	26
184	27
184	28
184	29
184	30
184	31
184	32
184	33
184	34
184	35
184	36
184	37
184	38
184	39
184	40
184	41
184	43
184	44
184	45
184	47
184	48
184	49
184	50
184	52
184	53
184	54
184	55
184	56
184	57
184	58
184	59
184	60
184	61
184	62
184	64
184	66
184	67
184	68
184	69
184	70
184	71
184	72
184	73
184	74
184	75
184	77
184	78
184	79
184	86
185	1
185	2
185	3
185	4
185	5
185	6
185	7
185	8
185	11
185	13
185	14
185	15
185	26
185	27
185	28
185	29
185	30
185	31
185	33
185	34
185	35
185	36
185	38
185	39
185	40
185	41
185	42
185	43
185	44
185	45
185	46
185	47
185	48
185	49
185	50
185	52
185	53
185	54
185	56
185	57
185	59
185	60
185	64
185	69
185	78
185	80
186	1
186	2
186	3
186	4
186	5
186	6
186	7
186	8
186	9
186	11
186	12
186	13
186	14
186	15
186	26
186	27
186	28
186	30
186	31
186	32
186	33
186	34
186	35
186	36
186	39
186	40
186	41
186	42
186	44
186	47
186	49
186	55
186	58
186	59
186	60
186	64
186	69
186	78
186	82
186	83
187	1
187	2
187	5
187	6
187	7
187	8
187	9
187	10
187	11
187	12
187	15
187	26
187	27
187	31
187	36
187	37
187	38
187	49
187	64
187	67
187	81
187	83
188	3
188	8
188	11
188	12
188	15
188	25
188	26
188	27
188	28
188	30
188	34
188	35
188	36
188	37
188	38
188	39
188	40
188	41
188	43
188	44
188	45
188	46
188	47
188	48
188	49
188	50
188	53
188	55
188	59
188	60
188	64
188	67
188	68
188	78
188	80
188	81
188	82
188	83
189	1
189	2
189	3
189	5
189	6
189	7
189	8
189	9
189	10
189	11
189	12
189	13
189	14
189	15
189	22
189	26
189	27
189	28
189	29
189	30
189	31
189	32
189	33
189	34
189	35
189	36
189	37
189	38
189	39
189	48
189	49
189	55
189	59
189	61
189	64
189	67
189	68
189	69
189	82
189	83
190	1
190	2
190	3
190	5
190	6
190	7
190	8
190	9
190	11
190	12
190	13
190	14
190	15
190	26
190	27
190	28
190	29
190	30
190	31
190	32
190	34
190	35
190	36
190	37
190	38
190	39
190	40
190	41
190	42
190	43
190	46
190	47
190	48
190	50
190	59
190	60
190	61
190	62
190	69
190	73
190	74
190	77
190	78
191	1
191	2
191	3
191	4
191	6
191	8
191	11
191	12
191	13
191	14
191	15
191	26
191	27
191	28
191	29
191	30
191	31
191	33
191	34
191	35
191	36
191	37
191	38
191	39
191	40
191	41
191	45
191	46
191	47
191	48
191	49
191	51
191	52
191	53
191	55
191	58
191	59
191	60
191	61
191	62
191	64
191	66
191	67
191	68
191	69
191	70
191	72
191	77
191	78
191	81
191	82
191	83
191	84
192	1
192	2
192	3
192	4
192	5
192	6
192	7
192	8
192	9
192	11
192	12
192	14
192	15
192	26
192	27
192	28
192	29
192	30
192	31
192	32
192	34
192	35
192	36
192	37
192	39
192	40
192	45
192	46
192	48
192	49
192	50
192	52
192	53
192	54
192	55
192	56
192	57
192	59
192	60
192	61
192	64
192	65
192	66
192	67
192	68
192	70
192	73
192	76
192	77
192	81
192	82
192	83
193	1
193	2
193	3
193	5
193	6
193	7
193	8
193	9
193	10
193	11
193	12
193	15
193	26
193	27
193	28
193	29
193	30
193	31
193	32
193	33
193	34
193	35
193	37
193	38
193	59
193	60
193	64
193	67
193	69
194	1
194	2
194	3
194	5
194	6
194	7
194	8
194	9
194	10
194	11
194	12
194	13
194	14
194	15
194	26
194	27
194	28
194	30
194	31
194	33
194	34
194	35
194	36
194	37
194	38
194	39
194	40
194	41
194	43
194	44
194	45
194	46
194	47
194	48
194	50
194	52
194	53
194	54
194	55
194	56
194	57
194	58
194	59
194	60
194	61
194	62
194	65
194	66
194	73
194	74
194	75
194	77
194	79
195	1
195	3
195	5
195	6
195	7
195	8
195	9
195	10
195	11
195	12
195	14
195	15
195	26
195	28
195	29
195	30
195	31
195	32
195	34
195	35
195	36
195	37
195	38
195	39
195	44
195	46
195	48
195	49
195	52
195	55
195	58
195	59
195	60
195	61
195	66
195	68
195	69
195	71
195	78
195	81
195	82
195	83
195	87
196	1
196	2
196	3
196	4
196	5
196	6
196	7
196	8
196	9
196	10
196	11
196	12
196	13
196	14
196	15
196	26
196	27
196	28
196	30
196	31
196	32
196	33
196	34
196	35
196	36
196	37
196	38
196	39
196	40
196	41
196	46
196	47
196	48
196	49
196	53
196	54
196	55
196	59
196	60
196	61
196	62
196	66
196	77
196	78
196	81
196	82
196	83
196	84
197	1
197	2
197	3
197	5
197	6
197	7
197	8
197	9
197	11
197	12
197	13
197	15
197	28
197	31
197	32
197	34
197	35
197	37
197	38
197	39
197	40
197	41
197	43
197	44
197	46
197	48
197	49
197	50
197	53
197	55
197	59
197	60
197	61
197	64
197	66
197	67
197	68
197	69
197	70
197	72
197	73
197	78
197	81
197	82
197	83
197	84
197	87
198	2
198	25
198	35
198	38
198	39
198	49
198	53
198	59
198	60
198	61
198	64
198	67
198	78
198	82
198	83
199	1
199	2
199	3
199	4
199	5
199	6
199	7
199	8
199	9
199	10
199	11
199	12
199	13
199	14
199	15
199	25
199	26
199	27
199	28
199	29
199	30
199	31
199	32
199	33
199	34
199	35
199	37
199	38
199	40
199	41
199	43
199	46
199	48
199	52
199	54
199	56
199	58
199	59
199	60
199	61
199	66
199	67
199	69
199	77
200	1
200	2
200	3
200	4
200	5
200	6
200	7
200	8
200	9
200	11
200	12
200	14
200	15
200	26
200	27
200	28
200	29
200	30
200	31
200	32
200	33
200	34
200	35
200	36
200	37
200	38
200	49
200	55
200	59
200	60
200	64
200	67
200	68
200	69
200	78
200	81
200	82
200	83
201	1
201	2
201	3
201	5
201	6
201	7
201	8
201	9
201	10
201	11
201	12
201	13
201	14
201	15
201	26
201	28
201	30
201	31
201	32
201	33
201	34
201	35
201	36
201	37
201	38
201	39
201	40
201	41
201	42
201	43
201	44
201	45
201	46
201	47
201	48
201	49
201	50
201	53
201	54
201	55
201	56
201	58
201	59
201	60
201	61
201	64
201	65
201	67
201	68
201	69
201	70
201	71
201	77
201	78
201	81
201	82
201	83
202	1
202	2
202	3
202	5
202	6
202	7
202	8
202	11
202	12
202	13
202	14
202	15
202	26
202	28
202	29
202	30
202	31
202	32
202	34
202	35
202	36
202	37
202	38
202	39
202	41
202	43
202	44
202	45
202	46
202	48
202	49
202	50
202	52
202	53
202	55
202	56
202	59
202	60
202	61
202	64
202	66
202	67
202	70
202	72
202	77
202	78
202	80
202	81
202	84
203	2
203	3
203	4
203	5
203	6
203	7
203	8
203	11
203	12
203	13
203	14
203	26
203	27
203	28
203	29
203	30
203	31
203	33
203	34
203	35
203	36
203	37
203	39
203	40
203	41
203	42
203	47
203	48
203	49
203	53
203	55
203	59
203	60
203	61
203	64
203	67
203	68
203	70
203	71
203	78
203	81
203	82
204	1
204	2
204	3
204	4
204	5
204	6
204	8
204	9
204	11
204	12
204	14
204	15
204	25
204	26
204	28
204	29
204	30
204	31
204	32
204	33
204	34
204	35
204	36
204	37
204	38
204	39
204	40
204	41
204	45
204	46
204	48
204	49
204	50
204	52
204	53
204	54
204	55
204	56
204	57
204	59
204	60
204	61
204	63
204	64
204	65
204	66
204	67
204	68
204	70
204	72
204	77
204	81
204	82
204	84
205	1
205	2
205	3
205	5
205	6
205	7
205	8
205	10
205	11
205	12
205	13
205	14
205	15
205	25
205	26
205	27
205	28
205	29
205	30
205	31
205	32
205	33
205	34
205	35
205	36
205	37
205	38
205	39
205	40
205	41
205	43
205	44
205	45
205	46
205	47
205	48
205	49
205	50
205	52
205	53
205	54
205	55
205	57
205	59
205	60
205	61
205	62
205	64
205	66
205	67
205	68
205	69
205	73
205	74
205	77
205	78
206	1
206	2
206	3
206	4
206	5
206	6
206	7
206	8
206	9
206	10
206	11
206	12
206	13
206	14
206	15
206	26
206	27
206	28
206	29
206	30
206	31
206	32
206	33
206	34
206	35
206	36
206	37
206	38
206	39
206	40
206	41
206	43
206	44
206	45
206	46
206	47
206	48
206	49
206	50
206	52
206	53
206	54
206	55
206	56
206	57
206	59
206	60
206	61
206	62
206	63
206	64
206	65
206	66
206	67
206	68
206	69
206	70
206	71
206	72
206	73
206	79
206	83
206	84
206	87
207	1
207	2
207	3
207	4
207	5
207	6
207	8
207	11
207	12
207	14
207	15
207	26
207	27
207	28
207	29
207	30
207	31
207	33
207	34
207	35
207	36
207	37
207	38
207	39
207	40
207	41
207	42
207	43
207	44
207	45
207	46
207	47
207	49
207	55
207	59
207	60
207	61
207	62
207	64
207	67
207	68
207	69
207	77
208	1
208	2
208	3
208	4
208	5
208	6
208	7
208	8
208	9
208	10
208	11
208	12
208	13
208	14
208	15
208	26
208	27
208	28
208	29
208	30
208	31
208	32
208	33
208	34
208	35
208	37
208	38
208	39
208	40
208	41
208	42
208	55
208	59
208	60
208	78
209	1
209	3
209	4
209	5
209	6
209	7
209	8
209	9
209	10
209	11
209	12
209	13
209	14
209	15
209	25
209	26
209	27
209	28
209	29
209	30
209	31
209	32
209	34
209	35
209	36
209	37
209	38
209	39
209	40
209	41
209	43
209	44
209	45
209	46
209	47
209	48
209	50
209	52
209	53
209	54
209	55
209	56
209	57
209	59
209	60
209	61
209	62
209	64
209	65
209	66
209	67
209	68
209	69
209	70
209	71
209	73
209	74
209	75
209	77
209	79
210	1
210	2
210	3
210	4
210	5
210	6
210	7
210	8
210	10
210	11
210	12
210	13
210	14
210	15
210	26
210	27
210	28
210	29
210	30
210	31
210	32
210	33
210	34
210	35
210	36
210	37
210	38
210	39
210	40
210	41
210	42
210	43
210	44
210	45
210	46
210	47
210	48
210	49
210	50
210	51
210	52
210	53
210	54
210	55
210	56
210	57
210	59
210	60
210	61
210	62
210	63
210	64
210	65
210	66
210	67
210	68
210	69
210	70
210	71
210	73
210	76
210	77
210	78
210	79
210	81
210	82
210	83
211	1
211	2
211	3
211	4
211	5
211	6
211	7
211	8
211	10
211	11
211	12
211	13
211	14
211	15
211	26
211	27
211	28
211	29
211	30
211	31
211	32
211	33
211	34
211	35
211	36
211	37
211	38
211	39
211	40
211	41
211	43
211	44
211	45
211	46
211	47
211	48
211	49
211	50
211	52
211	53
211	54
211	55
211	56
211	57
211	58
211	59
211	60
211	61
211	62
211	64
211	67
211	68
211	73
211	74
211	75
211	77
211	78
211	80
212	2
212	3
212	5
212	6
212	7
212	8
212	11
212	12
212	13
212	14
212	15
212	27
212	28
212	29
212	30
212	31
212	33
212	34
212	35
212	36
212	37
212	38
212	39
212	40
212	41
212	45
212	46
212	48
212	52
212	53
212	55
212	58
212	59
212	60
212	61
212	66
212	69
212	73
212	78
212	79
212	84
212	86
212	87
213	3
213	4
213	5
213	6
213	7
213	8
213	11
213	12
213	13
213	15
213	28
213	29
213	30
213	31
213	32
213	35
213	36
213	37
213	59
213	60
213	77
214	1
214	2
214	3
214	4
214	5
214	6
214	7
214	8
214	9
214	10
214	11
214	12
214	13
214	14
214	26
214	27
214	28
214	29
214	30
214	31
214	33
214	34
214	35
214	36
214	37
214	38
214	39
214	40
214	41
214	55
214	59
214	69
215	1
215	2
215	3
215	4
215	5
215	6
215	7
215	8
215	9
215	11
215	12
215	13
215	14
215	15
215	25
215	26
215	27
215	30
215	31
215	32
215	33
215	34
215	35
215	36
215	37
215	38
215	39
215	40
215	41
215	42
215	43
215	44
215	45
215	46
215	47
215	48
215	49
215	50
215	52
215	53
215	54
215	55
215	56
215	57
215	61
215	64
215	67
215	68
215	69
215	71
215	81
215	82
215	83
216	1
216	2
216	3
216	4
216	5
216	6
216	7
216	8
216	9
216	10
216	11
216	12
216	13
216	14
216	15
216	25
216	26
216	27
216	28
216	29
216	30
216	31
216	32
216	33
216	34
216	35
216	36
216	37
216	38
216	39
216	40
216	41
216	43
216	44
216	45
216	46
216	47
216	48
216	49
216	50
216	52
216	53
216	54
216	55
216	56
216	57
216	58
216	59
216	60
216	61
216	62
216	64
216	65
216	66
216	67
216	68
216	69
216	71
216	73
216	74
216	75
216	77
216	78
216	80
217	1
217	2
217	3
217	4
217	5
217	6
217	7
217	8
217	9
217	10
217	11
217	12
217	13
217	14
217	15
217	25
217	26
217	27
217	28
217	29
217	30
217	31
217	32
217	33
217	34
217	35
217	36
217	37
217	38
217	39
217	40
217	41
217	43
217	44
217	45
217	46
217	47
217	48
217	49
217	50
217	52
217	53
217	54
217	55
217	56
217	57
217	59
217	60
217	61
217	64
217	65
217	66
217	67
217	68
217	70
217	71
217	72
217	73
217	78
217	79
217	82
217	83
217	84
217	87
218	1
218	2
218	3
218	4
218	5
218	6
218	7
218	8
218	9
218	10
218	11
218	12
218	13
218	14
218	15
218	25
218	26
218	27
218	28
218	30
218	31
218	32
218	33
218	34
218	35
218	36
218	37
218	38
218	39
218	44
218	45
218	46
218	48
218	50
218	52
218	53
218	54
218	55
218	56
218	57
218	58
218	59
218	60
218	61
218	62
218	64
218	66
218	67
218	68
218	69
218	70
218	71
218	73
218	74
218	75
218	78
218	79
218	80
218	82
218	83
218	86
218	87
219	1
219	2
219	3
219	4
219	5
219	6
219	7
219	8
219	9
219	10
219	11
219	12
219	13
219	14
219	15
219	25
219	26
219	27
219	28
219	29
219	31
219	32
219	33
219	34
219	35
219	36
219	37
219	38
219	39
219	40
219	41
219	42
219	43
219	44
219	45
219	47
219	48
219	49
219	50
219	53
219	54
219	59
219	60
219	61
219	64
219	65
219	67
219	69
219	70
219	71
219	72
219	73
219	77
219	84
220	1
220	2
220	5
220	6
220	7
220	8
220	12
220	13
220	14
220	15
220	33
220	34
220	35
220	48
220	50
220	52
220	53
220	69
220	77
221	1
221	2
221	3
221	4
221	6
221	7
221	8
221	9
221	11
221	12
221	13
221	14
221	15
221	26
221	27
221	28
221	30
221	31
221	33
221	34
221	35
221	36
221	37
221	38
221	42
221	46
221	48
221	49
221	53
221	55
221	59
221	60
221	61
221	62
221	64
221	67
221	68
221	69
221	71
221	78
221	82
221	83
221	84
222	1
222	2
222	3
222	5
222	6
222	7
222	8
222	9
222	10
222	11
222	12
222	13
222	14
222	15
222	26
222	27
222	28
222	29
222	30
222	31
222	32
222	33
222	34
222	35
222	36
222	37
222	38
222	39
222	40
222	41
222	42
222	43
222	44
222	45
222	46
222	47
222	48
222	49
222	50
222	52
222	54
222	55
222	56
222	58
222	59
222	60
222	69
222	78
222	82
223	1
223	2
223	3
223	4
223	5
223	6
223	7
223	8
223	9
223	10
223	11
223	12
223	13
223	14
223	15
223	22
223	26
223	27
223	28
223	29
223	31
223	32
223	34
223	35
223	36
223	37
223	38
223	39
223	40
223	41
223	42
223	43
223	44
223	45
223	46
223	47
223	48
223	49
223	56
223	59
223	60
223	66
223	69
223	70
223	78
224	1
224	2
224	3
224	4
224	6
224	7
224	8
224	10
224	11
224	12
224	13
224	14
224	15
224	26
224	27
224	28
224	30
224	31
224	32
224	33
224	34
224	35
224	36
224	37
224	38
224	39
224	40
224	41
224	42
224	43
224	44
224	45
224	46
224	47
224	48
224	50
224	53
224	55
224	58
224	59
224	60
224	61
224	62
224	64
224	65
224	67
224	76
224	78
224	82
224	83
225	1
225	2
225	3
225	4
225	5
225	6
225	7
225	8
225	9
225	10
225	11
225	12
225	13
225	14
225	15
225	26
225	27
225	28
225	29
225	30
225	31
225	32
225	33
225	34
225	35
225	36
225	38
225	39
225	40
225	41
225	42
225	43
225	44
225	45
225	46
225	47
225	48
225	49
225	50
225	52
225	53
225	55
225	56
225	59
225	61
225	62
225	64
225	67
225	69
225	81
225	82
225	83
226	1
226	2
226	3
226	5
226	6
226	7
226	8
226	11
226	12
226	13
226	15
226	25
226	26
226	28
226	30
226	31
226	32
226	33
226	34
226	35
226	36
226	37
226	38
226	39
226	40
226	43
226	45
226	46
226	48
226	52
226	53
226	54
226	56
226	57
226	58
226	59
226	60
226	61
226	62
226	64
226	66
226	67
226	68
226	69
226	71
226	77
226	78
226	80
226	84
227	1
227	3
227	4
227	6
227	7
227	8
227	11
227	12
227	14
227	15
227	27
227	28
227	30
227	34
227	35
227	38
227	39
227	40
227	41
227	49
227	54
227	55
227	58
227	59
227	60
227	64
227	67
227	68
227	78
227	81
227	83
228	1
228	2
228	3
228	4
228	5
228	6
228	7
228	8
228	9
228	10
228	11
228	12
228	13
228	14
228	26
228	27
228	28
228	29
228	30
228	31
228	32
228	33
228	34
228	35
228	36
228	38
228	39
228	40
228	41
228	42
228	43
228	44
228	45
228	46
228	47
228	48
228	49
228	55
228	59
228	60
228	61
228	64
228	67
228	69
228	78
228	81
228	83
229	1
229	2
229	3
229	4
229	5
229	6
229	7
229	8
229	9
229	10
229	11
229	12
229	13
229	14
229	15
229	25
229	26
229	27
229	28
229	29
229	30
229	31
229	32
229	33
229	34
229	35
229	36
229	37
229	38
229	39
229	40
229	41
229	42
229	43
229	44
229	45
229	46
229	47
229	48
229	50
229	52
229	53
229	54
229	55
229	56
229	57
229	58
229	59
229	60
229	61
229	62
229	64
229	66
229	69
229	73
229	77
229	78
229	80
230	1
230	2
230	3
230	4
230	5
230	6
230	7
230	8
230	9
230	10
230	11
230	12
230	13
230	14
230	15
230	26
230	28
230	29
230	30
230	31
230	32
230	33
230	34
230	35
230	36
230	37
230	38
230	39
230	40
230	41
230	43
230	44
230	45
230	46
230	47
230	49
230	50
230	53
230	54
230	59
230	60
230	64
230	66
230	67
230	68
230	69
230	77
230	78
231	1
231	2
231	3
231	5
231	6
231	8
231	9
231	10
231	11
231	12
231	13
231	14
231	15
231	22
231	26
231	27
231	28
231	29
231	30
231	31
231	32
231	33
231	34
231	35
231	36
231	38
231	39
231	40
231	43
231	45
231	46
231	47
231	48
231	49
231	52
231	53
231	55
231	59
231	60
231	61
231	64
231	66
231	67
231	68
231	71
231	72
231	75
231	78
231	79
231	93
231	94
232	1
232	4
232	5
232	6
232	8
232	11
232	14
232	15
232	22
232	25
232	26
232	27
232	28
232	33
232	34
232	35
232	36
232	38
232	39
232	41
232	46
232	48
232	50
232	52
232	54
232	55
232	56
232	59
232	60
232	61
232	62
232	64
232	65
232	66
232	67
232	68
232	70
232	71
232	73
232	74
232	76
232	80
232	84
232	86
232	94
233	1
233	2
233	3
233	4
233	5
233	6
233	8
233	9
233	11
233	12
233	13
233	14
233	15
233	21
233	22
233	25
233	26
233	28
233	30
233	34
233	35
233	36
233	37
233	38
233	40
233	41
233	43
233	44
233	46
233	47
233	48
233	49
233	50
233	51
233	52
233	55
233	58
233	59
233	60
233	61
233	62
233	64
233	66
233	67
233	68
233	69
233	70
233	71
233	72
233	74
233	75
233	78
233	86
233	92
233	94
234	5
234	6
234	7
234	8
234	11
234	13
234	22
234	25
234	27
234	34
234	40
234	42
234	46
234	48
234	52
234	53
234	55
234	64
234	65
234	67
234	70
234	71
234	78
235	1
235	2
235	3
235	4
235	5
235	6
235	8
235	9
235	11
235	13
235	15
235	22
235	27
235	28
235	30
235	35
235	38
235	39
235	40
235	42
235	43
235	44
235	46
235	49
235	50
235	51
235	56
235	59
235	62
235	65
235	66
235	70
235	71
235	79
235	80
235	92
235	94
236	8
236	14
236	22
236	34
236	46
236	47
236	50
236	59
236	60
236	64
236	71
236	80
237	5
237	6
237	8
237	11
237	13
237	14
237	15
237	22
237	26
237	30
237	31
237	33
237	34
237	35
237	37
237	38
237	39
237	42
237	44
237	46
237	48
237	49
237	50
237	52
237	53
237	55
237	59
237	61
237	64
237	66
237	67
237	68
237	69
237	70
237	71
237	72
237	73
237	78
237	92
238	1
238	14
238	16
238	17
238	18
238	20
238	21
238	22
238	61
239	1
239	3
239	5
239	6
239	7
239	8
239	9
239	11
239	12
239	13
239	14
239	15
239	22
239	25
239	26
239	27
239	28
239	30
239	31
239	32
239	34
239	35
239	36
239	37
239	38
239	39
239	41
239	43
239	46
239	47
239	48
239	50
239	52
239	54
239	55
239	59
239	60
239	61
239	62
239	64
239	65
239	66
239	68
239	69
239	70
239	71
239	72
239	74
239	78
239	80
239	91
239	92
240	5
240	8
240	9
240	12
240	13
240	14
240	15
240	22
240	27
240	35
240	38
240	39
240	40
240	43
240	45
240	46
240	48
240	49
240	52
240	59
240	65
240	66
240	69
240	71
240	78
241	1
241	2
241	3
241	5
241	6
241	7
241	8
241	9
241	11
241	12
241	13
241	15
241	22
241	26
241	30
241	31
241	33
241	34
241	35
241	36
241	38
241	39
241	41
241	43
241	45
241	46
241	47
241	48
241	50
241	51
241	52
241	53
241	54
241	59
241	60
241	61
241	62
241	64
241	65
241	66
241	70
241	71
241	72
241	73
241	74
241	75
241	76
241	77
241	78
241	92
241	95
242	1
242	2
242	3
242	4
242	5
242	8
242	11
242	12
242	13
242	14
242	15
242	22
242	25
242	26
242	30
242	34
242	35
242	37
242	38
242	39
242	40
242	41
242	43
242	45
242	46
242	47
242	48
242	49
242	50
242	51
242	52
242	53
242	54
242	55
242	59
242	60
242	61
242	62
242	65
242	66
242	68
242	69
242	70
242	71
242	72
242	73
242	74
242	78
242	91
242	94
242	95
243	13
243	22
243	27
243	35
243	39
243	46
243	71
244	1
244	2
244	3
244	5
244	6
244	8
244	11
244	12
244	13
244	14
244	15
244	22
244	25
244	26
244	28
244	30
244	31
244	32
244	35
244	36
244	37
244	38
244	41
244	45
244	59
244	61
244	65
244	66
244	67
244	68
244	69
244	70
244	71
244	73
244	74
244	92
244	93
245	2
245	3
245	4
245	5
245	6
245	8
245	13
245	14
245	15
245	22
245	26
245	28
245	34
245	35
245	45
245	46
245	48
245	50
245	53
245	55
245	59
245	60
245	61
245	62
245	66
245	67
245	68
245	69
245	71
245	74
245	76
245	79
246	1
246	2
246	3
246	4
246	5
246	6
246	7
246	8
246	9
246	11
246	12
246	13
246	14
246	15
246	16
246	17
246	20
246	21
246	22
246	25
246	26
246	27
246	28
246	30
246	31
246	32
246	33
246	34
246	35
246	36
246	37
246	38
246	39
246	40
246	41
246	43
246	44
246	45
246	46
246	47
246	48
246	49
246	50
246	51
246	52
246	53
246	54
246	55
246	56
246	58
246	59
246	60
246	61
246	62
246	64
246	65
246	66
246	67
246	68
246	69
246	70
246	71
246	72
246	73
246	74
246	75
246	76
246	77
246	78
246	79
246	86
246	92
246	94
246	95
247	3
247	5
247	6
247	7
247	8
247	9
247	11
247	12
247	13
247	14
247	15
247	22
247	30
247	31
247	34
247	35
247	37
247	39
247	43
247	45
247	46
247	47
247	48
247	50
247	53
247	59
247	60
247	61
247	62
247	64
247	65
247	67
247	71
247	91
248	3
248	6
248	8
248	13
248	15
248	22
248	27
248	30
248	35
248	42
248	48
248	50
248	51
248	52
248	53
248	59
248	62
248	71
248	76
249	1
249	2
249	3
249	4
249	5
249	6
249	8
249	11
249	13
249	14
249	15
249	22
249	25
249	27
249	28
249	31
249	34
249	35
249	36
249	37
249	38
249	39
249	40
249	42
249	43
249	44
249	46
249	47
249	48
249	50
249	52
249	56
249	58
249	59
249	60
249	61
249	62
249	64
249	65
249	66
249	67
249	69
249	70
249	71
249	76
249	78
249	80
250	3
250	11
250	13
250	15
250	22
250	26
250	28
250	30
250	34
250	35
250	38
250	39
250	45
250	47
250	59
250	60
250	65
250	68
250	69
250	71
250	77
250	79
251	1
251	2
251	3
251	4
251	5
251	6
251	7
251	8
251	11
251	13
251	14
251	15
251	22
251	25
251	26
251	27
251	28
251	29
251	31
251	32
251	34
251	35
251	36
251	37
251	38
251	39
251	41
251	43
251	45
251	46
251	47
251	48
251	49
251	52
251	53
251	59
251	60
251	61
251	62
251	64
251	65
251	67
251	68
251	69
251	70
251	71
251	72
251	73
251	78
251	79
251	86
251	93
251	95
252	6
252	14
252	16
252	17
252	18
252	20
252	22
252	33
252	35
252	47
252	49
252	55
252	59
252	60
252	61
252	68
252	69
252	70
253	1
253	3
253	4
253	5
253	8
253	9
253	11
253	12
253	13
253	14
253	15
253	22
253	25
253	28
253	35
253	36
253	37
253	38
253	39
253	41
253	43
253	44
253	46
253	47
253	48
253	50
253	52
253	53
253	56
253	59
253	60
253	61
253	62
253	64
253	65
253	66
253	67
253	68
253	69
253	70
253	73
253	74
253	76
253	78
253	84
253	91
253	94
254	1
254	2
254	3
254	5
254	6
254	7
254	8
254	11
254	12
254	13
254	14
254	15
254	22
254	26
254	27
254	28
254	30
254	31
254	33
254	34
254	35
254	36
254	37
254	38
254	39
254	41
254	46
254	47
254	48
254	50
254	52
254	53
254	55
254	56
254	58
254	59
254	60
254	62
254	64
254	65
254	66
254	67
254	68
254	69
254	70
254	71
254	74
254	75
254	76
254	77
254	78
254	79
254	91
254	95
255	1
255	15
255	22
255	26
255	28
255	31
255	32
255	35
255	36
255	39
255	41
255	44
255	51
255	52
255	59
255	61
255	66
255	69
255	72
255	73
255	86
255	94
256	1
256	2
256	3
256	4
256	5
256	6
256	8
256	9
256	11
256	13
256	14
256	15
256	22
256	25
256	26
256	27
256	28
256	29
256	30
256	31
256	32
256	34
256	35
256	36
256	38
256	39
256	40
256	41
256	42
256	43
256	44
256	46
256	47
256	48
256	49
256	51
256	52
256	54
256	56
256	58
256	59
256	60
256	61
256	62
256	64
256	65
256	66
256	67
256	68
256	69
256	70
256	71
256	73
256	74
256	76
256	77
256	78
256	86
256	91
256	94
257	1
257	3
257	4
257	5
257	6
257	7
257	8
257	11
257	12
257	13
257	14
257	15
257	22
257	25
257	26
257	27
257	28
257	29
257	30
257	31
257	33
257	34
257	35
257	37
257	38
257	39
257	40
257	41
257	43
257	44
257	45
257	46
257	47
257	48
257	49
257	50
257	52
257	53
257	54
257	55
257	59
257	60
257	62
257	64
257	65
257	66
257	67
257	68
257	69
257	70
257	71
257	73
257	76
257	78
257	79
257	84
257	92
257	94
258	3
258	4
258	6
258	8
258	11
258	13
258	14
258	15
258	22
258	27
258	35
258	38
258	39
258	40
258	44
258	46
258	59
258	70
258	71
258	76
258	86
258	94
258	100
259	3
259	4
259	5
259	6
259	7
259	8
259	11
259	12
259	14
259	15
259	21
259	22
259	25
259	26
259	27
259	28
259	30
259	31
259	32
259	34
259	35
259	37
259	38
259	39
259	44
259	45
259	46
259	47
259	49
259	51
259	55
259	56
259	57
259	58
259	59
259	60
259	61
259	62
259	65
259	66
259	67
259	70
259	71
259	72
259	73
259	76
259	77
259	78
259	92
259	94
259	95
260	6
260	13
260	15
260	22
260	25
260	26
260	27
260	34
260	36
260	41
260	43
260	46
260	47
260	48
260	55
260	59
260	61
260	64
260	66
260	67
260	71
260	76
260	78
261	3
261	5
261	6
261	8
261	9
261	11
261	13
261	14
261	15
261	22
261	26
261	27
261	34
261	35
261	36
261	38
261	43
261	45
261	46
261	48
261	49
261	59
261	60
261	61
261	62
261	64
261	66
261	68
261	70
261	78
262	1
262	4
262	5
262	6
262	7
262	8
262	9
262	11
262	12
262	13
262	14
262	15
262	22
262	25
262	27
262	28
262	34
262	35
262	36
262	39
262	40
262	42
262	46
262	47
262	48
262	49
262	50
262	52
262	53
262	55
262	59
262	60
262	61
262	62
262	64
262	65
262	66
262	67
262	68
262	69
262	70
262	71
262	73
262	76
262	78
262	79
262	84
262	94
263	1
263	2
263	3
263	5
263	6
263	8
263	9
263	11
263	12
263	13
263	14
263	15
263	21
263	22
263	25
263	27
263	28
263	29
263	30
263	31
263	32
263	34
263	35
263	36
263	39
263	41
263	42
263	45
263	46
263	47
263	48
263	50
263	51
263	52
263	53
263	56
263	59
263	60
263	62
263	64
263	65
263	68
263	69
263	70
263	71
263	72
263	73
263	77
263	78
263	92
263	93
264	3
264	5
264	6
264	8
264	11
264	12
264	14
264	15
264	22
264	26
264	27
264	34
264	35
264	36
264	38
264	39
264	43
264	44
264	45
264	47
264	48
264	52
264	56
264	59
264	61
264	62
264	64
264	67
264	68
264	69
264	71
264	73
264	75
264	76
264	84
264	86
265	1
265	8
265	10
265	11
265	13
265	15
265	22
265	26
265	27
265	28
265	31
265	32
265	34
265	35
265	39
265	45
265	46
265	48
265	59
265	60
265	61
265	62
265	66
265	68
265	69
265	71
265	79
266	3
266	22
266	35
266	38
266	46
266	52
266	53
266	62
267	1
267	2
267	3
267	5
267	6
267	8
267	11
267	12
267	13
267	14
267	15
267	21
267	22
267	26
267	27
267	28
267	30
267	31
267	32
267	34
267	35
267	36
267	37
267	38
267	39
267	41
267	43
267	44
267	45
267	46
267	47
267	48
267	50
267	52
267	53
267	56
267	58
267	59
267	61
267	62
267	64
267	65
267	66
267	67
267	70
267	71
267	73
267	75
267	76
267	77
267	78
267	79
267	80
267	86
267	91
267	92
267	93
267	94
267	95
268	3
268	8
268	12
268	14
268	22
268	35
268	46
268	59
268	69
269	22
269	27
269	39
269	48
269	61
269	71
270	1
270	2
270	3
270	5
270	6
270	8
270	9
270	10
270	11
270	12
270	13
270	14
270	15
270	22
270	25
270	26
270	27
270	28
270	31
270	32
270	33
270	34
270	35
270	36
270	37
270	38
270	39
270	40
270	41
270	43
270	44
270	45
270	46
270	48
270	50
270	52
270	53
270	55
270	59
270	60
270	62
270	64
270	66
270	67
270	68
270	69
270	71
270	76
270	78
270	79
270	94
271	3
271	4
271	5
271	14
271	15
271	27
271	34
271	35
271	39
271	46
271	52
271	55
271	59
271	60
271	65
271	66
271	70
271	76
272	1
272	2
272	3
272	4
272	5
272	6
272	7
272	8
272	9
272	11
272	12
272	13
272	14
272	15
272	22
272	25
272	26
272	27
272	28
272	30
272	33
272	34
272	35
272	36
272	37
272	38
272	40
272	41
272	43
272	44
272	46
272	47
272	48
272	49
272	50
272	51
272	52
272	53
272	54
272	55
272	59
272	60
272	61
272	62
272	64
272	65
272	66
272	67
272	68
272	69
272	70
272	71
272	72
272	73
272	74
272	77
272	78
272	79
272	80
272	91
272	92
272	93
272	94
273	1
273	3
273	4
273	6
273	13
273	14
273	22
273	25
273	27
273	31
273	34
273	35
273	37
273	38
273	43
273	48
273	55
273	59
273	61
273	62
273	64
273	67
273	68
273	69
273	70
273	71
273	73
273	78
274	1
274	3
274	4
274	5
274	6
274	8
274	10
274	11
274	13
274	14
274	15
274	22
274	25
274	28
274	31
274	32
274	33
274	34
274	35
274	36
274	38
274	39
274	44
274	45
274	46
274	47
274	48
274	52
274	54
274	55
274	59
274	60
274	61
274	62
274	65
274	66
274	67
274	69
274	70
274	73
274	74
274	75
274	76
274	78
274	79
274	84
274	86
274	92
274	95
275	1
275	3
275	11
275	13
275	14
275	22
275	26
275	28
275	41
275	45
275	48
275	55
275	58
275	61
275	68
275	71
275	79
276	3
276	5
276	11
276	13
276	14
276	15
276	22
276	26
276	27
276	28
276	34
276	35
276	37
276	39
276	45
276	47
276	48
276	52
276	59
276	62
276	66
276	69
276	71
276	76
276	91
276	94
277	1
277	2
277	3
277	5
277	6
277	8
277	11
277	12
277	13
277	14
277	15
277	16
277	17
277	18
277	20
277	21
277	22
277	25
277	26
277	27
277	28
277	29
277	30
277	31
277	32
277	34
277	35
277	36
277	37
277	38
277	39
277	40
277	41
277	42
277	43
277	44
277	45
277	46
277	47
277	48
277	49
277	50
277	51
277	52
277	53
277	54
277	55
277	56
277	59
277	60
277	61
277	62
277	64
277	65
277	66
277	67
277	68
277	69
277	70
277	71
277	72
277	73
277	76
277	78
277	79
277	80
277	86
277	91
277	93
277	94
277	95
278	1
278	2
278	3
278	4
278	5
278	6
278	8
278	9
278	11
278	12
278	13
278	14
278	15
278	22
278	25
278	26
278	27
278	28
278	29
278	30
278	31
278	34
278	35
278	36
278	37
278	38
278	39
278	40
278	41
278	43
278	44
278	45
278	46
278	47
278	48
278	49
278	50
278	51
278	52
278	53
278	55
278	56
278	58
278	59
278	60
278	61
278	62
278	64
278	65
278	66
278	67
278	68
278	69
278	70
278	71
278	73
278	74
278	78
278	86
278	91
278	94
279	11
279	13
279	14
279	15
279	22
279	25
279	26
279	27
279	28
279	31
279	38
279	44
279	52
279	59
279	60
279	61
279	62
279	65
279	66
279	71
279	73
279	84
280	1
280	2
280	3
280	4
280	11
280	22
280	33
280	35
280	39
280	45
280	46
280	47
280	60
280	64
280	65
280	67
280	72
280	73
280	86
281	1
281	3
281	6
281	8
281	11
281	13
281	14
281	45
281	59
281	62
281	64
281	70
282	2
282	3
282	4
282	5
282	6
282	7
282	8
282	10
282	11
282	12
282	14
282	15
282	16
282	17
282	18
282	20
282	21
282	22
282	25
282	27
282	28
282	29
282	31
282	32
282	34
282	35
282	36
282	38
282	39
282	40
282	41
282	44
282	45
282	46
282	47
282	48
282	49
282	50
282	52
282	53
282	54
282	56
282	59
282	60
282	61
282	62
282	64
282	65
282	66
282	67
282	68
282	69
282	70
282	71
282	72
282	73
282	74
282	75
282	76
282	77
282	78
282	79
282	86
282	92
282	93
282	94
282	101
283	1
283	2
283	3
283	4
283	5
283	6
283	8
283	13
283	14
283	15
283	22
283	25
283	26
283	27
283	31
283	32
283	33
283	34
283	35
283	39
283	40
283	41
283	42
283	44
283	45
283	46
283	48
283	49
283	50
283	53
283	56
283	58
283	59
283	60
283	61
283	62
283	64
283	65
283	66
283	67
283	68
283	69
283	70
283	71
283	72
283	73
283	75
283	78
283	86
283	94
283	95
284	1
284	2
284	3
284	8
284	11
284	13
284	15
284	25
284	26
284	30
284	35
284	36
284	37
284	39
284	41
284	46
284	47
284	48
284	50
284	51
284	52
284	53
284	55
284	59
284	60
284	61
284	62
284	64
284	65
284	66
284	70
284	72
284	73
284	78
284	84
284	91
285	1
285	3
285	5
285	6
285	8
285	13
285	15
285	22
285	26
285	27
285	35
285	36
285	39
285	48
285	59
285	71
286	1
286	2
286	3
286	4
286	5
286	6
286	7
286	8
286	9
286	11
286	12
286	13
286	14
286	15
286	21
286	22
286	25
286	26
286	27
286	28
286	29
286	30
286	31
286	32
286	33
286	34
286	35
286	36
286	37
286	38
286	39
286	40
286	41
286	43
286	44
286	45
286	46
286	47
286	48
286	49
286	50
286	52
286	53
286	54
286	55
286	56
286	59
286	60
286	61
286	62
286	64
286	65
286	66
286	67
286	69
286	70
286	71
286	72
286	73
286	74
286	76
286	78
286	79
286	80
286	86
286	91
286	92
286	93
286	94
286	95
287	1
287	2
287	3
287	5
287	6
287	7
287	8
287	11
287	14
287	15
287	16
287	17
287	18
287	20
287	21
287	22
287	26
287	28
287	31
287	34
287	35
287	36
287	37
287	40
287	46
287	47
287	49
287	50
287	56
287	58
287	59
287	60
287	61
287	62
287	64
287	65
287	66
287	70
287	72
287	73
287	76
287	77
287	78
287	86
288	1
288	2
288	5
288	6
288	8
288	12
288	13
288	14
288	15
288	22
288	27
288	30
288	34
288	35
288	37
288	38
288	39
288	40
288	41
288	42
288	43
288	44
288	46
288	50
288	52
288	59
288	61
288	62
288	66
288	69
288	70
288	71
288	74
288	78
288	94
289	1
289	2
289	3
289	5
289	6
289	7
289	8
289	9
289	10
289	11
289	13
289	14
289	15
289	21
289	22
289	25
289	26
289	27
289	28
289	30
289	31
289	32
289	33
289	34
289	35
289	36
289	38
289	39
289	40
289	41
289	42
289	44
289	46
289	47
289	48
289	49
289	50
289	51
289	52
289	53
289	58
289	59
289	60
289	61
289	62
289	64
289	65
289	66
289	67
289	68
289	69
289	71
289	72
289	73
289	78
289	86
289	94
290	3
290	5
290	6
290	8
290	10
290	11
290	14
290	15
290	22
290	26
290	28
290	29
290	34
290	35
290	36
290	39
290	40
290	44
290	46
290	47
290	49
290	50
290	52
290	56
290	58
290	59
290	60
290	62
290	64
290	65
290	71
290	72
290	73
290	75
290	77
290	78
290	86
290	92
290	93
290	95
291	1
291	3
291	4
291	6
291	8
291	11
291	13
291	14
291	15
291	22
291	25
291	26
291	27
291	28
291	34
291	35
291	36
291	38
291	39
291	41
291	45
291	46
291	47
291	48
291	49
291	50
291	52
291	53
291	54
291	59
291	60
291	61
291	62
291	64
291	65
291	67
291	69
291	71
291	72
291	73
291	79
291	86
291	94
292	3
292	5
292	6
292	8
292	9
292	11
292	12
292	13
292	14
292	15
292	22
292	25
292	26
292	27
292	34
292	35
292	36
292	38
292	39
292	46
292	47
292	48
292	50
292	52
292	53
292	56
292	59
292	61
292	64
292	65
292	66
292	67
292	69
292	70
292	71
292	73
292	74
292	77
292	78
292	91
292	92
292	94
293	1
293	2
293	3
293	4
293	5
293	6
293	8
293	9
293	11
293	12
293	13
293	14
293	15
293	22
293	26
293	27
293	28
293	30
293	31
293	32
293	34
293	35
293	36
293	37
293	38
293	39
293	41
293	44
293	45
293	46
293	47
293	48
293	50
293	51
293	52
293	53
293	55
293	59
293	60
293	61
293	62
293	64
293	66
293	67
293	69
293	70
293	71
293	72
293	73
293	76
293	78
293	79
293	84
293	93
293	94
293	95
294	2
294	3
294	5
294	6
294	11
294	14
294	15
294	22
294	26
294	34
294	35
294	36
294	39
294	40
294	42
294	48
294	53
294	59
294	78
295	2
295	3
295	6
295	7
295	8
295	9
295	11
295	13
295	15
295	22
295	28
295	30
295	32
295	34
295	35
295	37
295	39
295	46
295	47
295	48
295	50
295	53
295	59
295	61
295	64
295	65
295	66
295	67
295	68
295	69
295	70
295	76
295	78
295	79
295	92
295	93
296	1
296	2
296	3
296	11
296	14
296	22
296	26
296	45
296	48
296	60
296	62
296	68
296	71
296	94
297	2
297	3
297	13
297	14
297	22
297	26
297	45
297	71
297	94
298	1
298	3
298	5
298	6
298	8
298	11
298	13
298	14
298	15
298	22
298	25
298	26
298	28
298	30
298	32
298	34
298	35
298	36
298	37
298	38
298	39
298	41
298	43
298	44
298	45
298	47
298	48
298	52
298	56
298	60
298	61
298	62
298	64
298	65
298	66
298	68
298	69
298	70
298	71
298	74
298	78
298	79
299	3
299	8
299	11
299	12
299	13
299	14
299	15
299	22
299	28
299	34
299	38
299	41
299	43
299	46
299	50
299	52
299	59
299	60
299	64
299	65
299	66
299	67
299	69
299	70
299	73
299	78
299	80
300	5
300	6
300	8
300	12
300	13
300	15
300	22
300	25
300	28
300	31
300	32
300	34
300	35
300	36
300	39
300	41
300	44
300	46
300	48
300	52
300	59
300	61
300	64
300	65
300	68
300	70
300	78
300	94
301	1
301	3
301	5
301	9
301	11
301	14
301	22
301	27
301	30
301	35
301	39
301	40
301	43
301	44
301	45
301	46
301	48
301	52
301	55
301	59
301	60
301	61
301	62
301	64
301	65
301	66
301	67
301	68
301	69
301	71
301	73
301	78
301	79
301	92
301	94
301	100
302	1
302	2
302	11
302	13
302	14
302	15
302	22
302	25
302	26
302	28
302	35
302	39
302	45
302	46
302	48
302	59
302	60
302	61
302	64
302	66
302	67
302	68
302	69
302	71
302	78
302	79
303	1
303	2
303	3
303	4
303	5
303	6
303	8
303	9
303	10
303	12
303	13
303	14
303	15
303	22
303	26
303	28
303	30
303	31
303	32
303	34
303	35
303	36
303	37
303	38
303	39
303	41
303	43
303	44
303	46
303	47
303	48
303	50
303	52
303	53
303	54
303	56
303	58
303	59
303	60
303	61
303	62
303	64
303	65
303	66
303	67
303	68
303	69
303	70
303	72
303	75
303	78
303	80
303	91
303	93
303	95
304	2
304	6
304	13
304	14
304	15
304	22
304	26
304	28
304	35
304	45
304	48
304	59
304	68
304	79
305	1
305	2
305	3
305	5
305	6
305	7
305	8
305	11
305	13
305	14
305	15
305	22
305	25
305	26
305	30
305	35
305	37
305	38
305	39
305	40
305	41
305	42
305	43
305	45
305	46
305	47
305	48
305	50
305	52
305	53
305	55
305	59
305	60
305	61
305	62
305	64
305	67
305	69
305	71
305	72
305	73
305	80
305	94
306	2
306	3
306	6
306	13
306	14
306	15
306	22
306	25
306	26
306	28
306	31
306	32
306	35
306	36
306	37
306	38
306	41
306	45
306	46
306	48
306	50
306	52
306	55
306	59
306	61
306	62
306	65
306	67
306	69
306	71
306	79
307	2
307	3
307	6
307	8
307	9
307	12
307	13
307	14
307	15
307	22
307	26
307	28
307	31
307	32
307	34
307	35
307	36
307	37
307	38
307	40
307	41
307	46
307	50
307	51
307	52
307	53
307	55
307	59
307	60
307	65
307	67
307	68
307	69
307	70
307	73
307	79
307	86
308	3
308	5
308	8
308	12
308	14
308	15
308	22
308	28
308	29
308	35
308	36
308	37
308	38
308	39
308	41
308	45
308	48
308	51
308	53
308	59
308	61
308	69
308	71
308	72
308	94
309	1
309	3
309	5
309	9
309	10
309	11
309	12
309	14
309	15
309	22
309	28
309	31
309	34
309	35
309	39
309	41
309	44
309	45
309	46
309	47
309	51
309	56
309	58
309	59
309	60
309	62
309	64
309	68
309	69
309	70
309	71
309	73
309	78
309	94
310	1
310	2
310	3
310	5
310	6
310	7
310	8
310	11
310	12
310	13
310	14
310	15
310	22
310	25
310	28
310	30
310	31
310	34
310	35
310	36
310	38
310	39
310	40
310	41
310	43
310	44
310	46
310	48
310	50
310	51
310	52
310	53
310	55
310	56
310	58
310	59
310	60
310	61
310	62
310	64
310	65
310	66
310	67
310	69
310	70
310	71
310	72
310	73
310	75
310	76
310	77
310	78
310	92
310	94
310	95
311	1
311	2
311	3
311	5
311	6
311	7
311	8
311	9
311	11
311	12
311	13
311	14
311	15
311	22
311	25
311	26
311	27
311	28
311	30
311	31
311	32
311	33
311	34
311	35
311	36
311	38
311	39
311	41
311	42
311	47
311	48
311	51
311	52
311	53
311	59
311	60
311	61
311	62
311	65
311	66
311	67
311	69
311	70
311	71
311	74
311	78
311	91
311	93
311	94
311	95
312	1
312	3
312	4
312	5
312	6
312	8
312	13
312	14
312	15
312	21
312	22
312	25
312	26
312	31
312	32
312	33
312	34
312	35
312	36
312	38
312	39
312	46
312	47
312	49
312	50
312	52
312	53
312	56
312	59
312	60
312	61
312	62
312	65
312	67
312	68
312	69
312	71
312	74
312	76
312	78
312	84
312	94
313	1
313	2
313	3
313	4
313	5
313	7
313	8
313	9
313	11
313	12
313	13
313	14
313	15
313	22
313	26
313	31
313	32
313	34
313	35
313	36
313	41
313	42
313	46
313	47
313	48
313	50
313	51
313	52
313	53
313	59
313	61
313	64
313	65
313	67
313	69
313	70
313	72
313	77
313	86
313	94
314	1
314	3
314	6
314	8
314	10
314	11
314	13
314	14
314	15
314	22
314	25
314	27
314	28
314	29
314	31
314	33
314	34
314	35
314	38
314	39
314	41
314	44
314	46
314	47
314	48
314	50
314	52
314	53
314	55
314	58
314	59
314	60
314	61
314	62
314	64
314	65
314	70
314	71
314	73
314	74
314	86
314	100
315	1
315	2
315	3
315	5
315	6
315	8
315	11
315	12
315	13
315	14
315	15
315	22
315	25
315	26
315	27
315	34
315	35
315	36
315	37
315	38
315	41
315	43
315	44
315	45
315	46
315	48
315	49
315	50
315	52
315	53
315	55
315	59
315	60
315	64
315	65
315	66
315	67
315	68
315	70
315	73
315	76
315	79
315	80
315	86
315	95
316	1
316	2
316	3
316	4
316	5
316	6
316	7
316	8
316	9
316	11
316	13
316	14
316	15
316	22
316	25
316	26
316	27
316	28
316	30
316	32
316	33
316	34
316	35
316	36
316	38
316	39
316	41
316	44
316	46
316	47
316	48
316	49
316	50
316	52
316	53
316	56
316	58
316	59
316	60
316	61
316	62
316	64
316	65
316	66
316	67
316	68
316	69
316	70
316	71
316	73
316	76
316	78
316	79
316	86
316	93
316	94
317	1
317	3
317	4
317	6
317	7
317	8
317	11
317	12
317	13
317	14
317	15
317	22
317	25
317	26
317	27
317	28
317	29
317	31
317	32
317	35
317	36
317	37
317	38
317	39
317	40
317	41
317	44
317	45
317	46
317	48
317	49
317	50
317	59
317	60
317	61
317	62
317	64
317	65
317	67
317	68
317	69
317	70
317	72
317	73
317	78
317	79
317	80
317	91
317	94
318	2
318	5
318	6
318	7
318	11
318	13
318	14
318	15
318	22
318	26
318	34
318	35
318	36
318	38
318	39
318	40
318	43
318	45
318	46
318	48
318	49
318	53
318	59
318	60
318	61
318	62
318	64
318	67
318	70
318	71
318	72
318	74
318	77
318	78
318	94
318	95
319	1
319	5
319	6
319	13
319	15
319	22
319	25
319	34
319	35
319	46
319	61
319	70
319	78
320	1
320	3
320	5
320	6
320	8
320	11
320	12
320	14
320	22
320	26
320	27
320	31
320	34
320	35
320	36
320	37
320	41
320	47
320	48
320	50
320	52
320	53
320	59
320	61
320	62
320	66
320	67
320	70
320	71
320	72
320	73
321	3
321	4
321	5
321	6
321	8
321	12
321	13
321	14
321	15
321	16
321	17
321	18
321	20
321	21
321	22
321	26
321	27
321	28
321	29
321	30
321	34
321	35
321	36
321	37
321	38
321	39
321	40
321	43
321	46
321	48
321	49
321	50
321	54
321	55
321	59
321	61
321	64
321	65
321	67
321	68
321	69
321	70
321	71
321	73
321	75
321	78
321	80
321	86
321	94
321	95
322	1
322	3
322	4
322	5
322	6
322	8
322	11
322	12
322	13
322	14
322	15
322	16
322	17
322	20
322	22
322	28
322	34
322	35
322	38
322	40
322	43
322	46
322	47
322	50
322	52
322	53
322	59
322	60
322	61
322	62
322	64
322	65
322	67
322	68
322	69
322	70
322	71
322	72
322	79
322	93
322	94
323	1
323	3
323	5
323	6
323	11
323	12
323	13
323	14
323	22
323	26
323	28
323	35
323	45
323	46
323	48
323	50
323	52
323	53
323	59
323	61
323	68
323	69
323	71
323	72
323	79
324	2
324	3
324	13
324	14
324	22
324	26
324	28
324	31
324	32
324	35
324	37
324	39
324	45
324	46
324	48
324	61
324	68
324	71
324	79
325	1
325	3
325	5
325	8
325	11
325	22
325	25
325	26
325	33
325	35
325	38
325	41
325	46
325	48
325	52
325	53
325	59
325	60
325	61
325	65
325	66
325	67
325	70
325	71
325	74
325	76
325	86
325	92
326	1
326	2
326	3
326	5
326	6
326	7
326	8
326	9
326	10
326	11
326	12
326	13
326	14
326	15
326	16
326	17
326	18
326	20
326	21
326	22
326	25
326	26
326	27
326	30
326	31
326	32
326	33
326	34
326	35
326	36
326	37
326	38
326	39
326	40
326	41
326	43
326	44
326	46
326	47
326	48
326	49
326	50
326	51
326	52
326	53
326	54
326	55
326	56
326	58
326	59
326	60
326	61
326	62
326	64
326	65
326	66
326	67
326	68
326	69
326	70
326	71
326	72
326	73
326	74
326	75
326	76
326	78
326	79
326	91
326	92
326	94
326	95
327	1
327	2
327	3
327	5
327	7
327	8
327	9
327	11
327	13
327	14
327	15
327	22
327	26
327	27
327	28
327	31
327	32
327	33
327	34
327	35
327	36
327	37
327	38
327	39
327	40
327	41
327	44
327	45
327	46
327	47
327	48
327	49
327	50
327	52
327	54
327	55
327	59
327	60
327	61
327	64
327	65
327	66
327	67
327	68
327	69
327	70
327	71
327	73
327	75
327	77
327	78
328	2
328	6
328	7
328	8
328	9
328	11
328	13
328	14
328	15
328	22
328	25
328	26
328	27
328	34
328	35
328	36
328	38
328	40
328	41
328	45
328	47
328	48
328	50
328	51
328	52
328	53
328	54
328	59
328	60
328	61
328	62
328	64
328	65
328	69
328	70
328	73
328	76
328	78
328	84
328	91
328	93
329	1
329	2
329	3
329	5
329	6
329	7
329	8
329	11
329	12
329	13
329	14
329	15
329	22
329	27
329	28
329	31
329	32
329	34
329	35
329	37
329	39
329	41
329	42
329	43
329	45
329	46
329	47
329	48
329	50
329	52
329	53
329	56
329	58
329	59
329	60
329	61
329	62
329	64
329	65
329	67
329	69
329	71
329	72
329	78
329	79
329	80
329	84
329	92
329	94
330	1
330	2
330	3
330	4
330	6
330	8
330	9
330	11
330	12
330	14
330	15
330	22
330	26
330	27
330	30
330	31
330	32
330	34
330	35
330	36
330	37
330	39
330	43
330	45
330	46
330	48
330	50
330	53
330	55
330	58
330	59
330	60
330	61
330	62
330	66
330	67
330	69
330	70
330	71
330	73
330	76
330	91
330	94
330	95
331	3
331	5
331	6
331	8
331	11
331	12
331	13
331	14
331	15
331	22
331	26
331	27
331	28
331	29
331	30
331	31
331	32
331	34
331	35
331	36
331	39
331	40
331	42
331	44
331	46
331	47
331	48
331	50
331	52
331	53
331	54
331	58
331	59
331	60
331	61
331	62
331	64
331	65
331	66
331	67
331	70
331	71
331	73
331	76
331	77
331	78
331	94
332	3
332	5
332	6
332	8
332	11
332	12
332	13
332	22
332	27
332	31
332	32
332	34
332	36
332	43
332	46
332	48
332	49
332	50
332	52
332	53
332	59
332	60
332	61
332	67
332	68
332	69
332	71
332	73
332	86
333	2
333	3
333	5
333	6
333	8
333	11
333	12
333	13
333	14
333	15
333	22
333	26
333	28
333	29
333	31
333	32
333	34
333	35
333	36
333	37
333	38
333	39
333	40
333	41
333	43
333	44
333	45
333	46
333	47
333	48
333	49
333	50
333	53
333	56
333	59
333	61
333	64
333	65
333	66
333	67
333	68
333	70
333	71
333	76
333	78
333	79
333	81
333	82
333	83
334	1
334	3
334	4
334	6
334	7
334	8
334	9
334	10
334	11
334	12
334	14
334	15
334	22
334	26
334	27
334	28
334	30
334	31
334	32
334	33
334	34
334	35
334	37
334	38
334	39
334	40
334	41
334	44
334	45
334	46
334	47
334	48
334	49
334	50
334	53
334	55
334	58
334	59
334	60
334	61
334	64
334	66
334	67
334	68
334	69
334	70
334	72
334	73
334	78
334	79
334	81
334	82
334	83
334	84
335	1
335	2
335	3
335	5
335	6
335	7
335	8
335	9
335	11
335	12
335	13
335	14
335	15
335	25
335	26
335	27
335	28
335	29
335	30
335	31
335	34
335	35
335	36
335	38
335	39
335	41
335	46
335	48
335	49
335	54
335	58
335	59
335	61
335	64
335	65
335	66
335	67
335	68
335	69
335	70
335	71
335	72
335	82
335	83
335	84
336	1
336	2
336	3
336	5
336	6
336	7
336	8
336	9
336	11
336	12
336	13
336	14
336	15
336	25
336	26
336	27
336	28
336	29
336	30
336	31
336	32
336	33
336	34
336	35
336	36
336	37
336	38
336	39
336	40
336	41
336	44
336	45
336	46
336	48
336	49
336	50
336	52
336	53
336	54
336	55
336	56
336	57
336	58
336	59
336	60
336	61
336	62
336	63
336	64
336	65
336	66
336	67
336	68
336	69
336	70
336	71
336	73
336	76
336	77
336	78
336	80
336	81
336	82
336	83
336	87
337	1
337	2
337	3
337	4
337	5
337	6
337	7
337	8
337	9
337	10
337	11
337	12
337	13
337	14
337	15
337	25
337	26
337	28
337	29
337	30
337	31
337	32
337	33
337	34
337	35
337	36
337	37
337	38
337	39
337	40
337	41
337	42
337	43
337	44
337	46
337	47
337	49
337	50
337	52
337	53
337	55
337	56
337	58
337	59
337	61
337	62
337	64
337	67
337	69
337	73
337	74
337	77
337	78
337	80
338	1
338	2
338	3
338	4
338	5
338	6
338	7
338	8
338	9
338	11
338	12
338	13
338	14
338	15
338	25
338	26
338	27
338	28
338	29
338	30
338	31
338	32
338	33
338	34
338	35
338	36
338	37
338	38
338	39
338	40
338	41
338	43
338	44
338	45
338	46
338	47
338	48
338	49
338	50
338	52
338	53
338	55
338	56
338	58
338	59
338	60
338	64
338	66
338	67
338	68
338	69
338	78
338	81
338	82
338	83
338	87
339	1
339	2
339	3
339	5
339	6
339	7
339	8
339	9
339	10
339	11
339	12
339	13
339	14
339	15
339	25
339	26
339	27
339	28
339	29
339	30
339	31
339	32
339	33
339	34
339	35
339	36
339	37
339	38
339	39
339	40
339	41
339	42
339	43
339	44
339	45
339	46
339	47
339	48
339	49
339	50
339	52
339	53
339	54
339	55
339	56
339	59
339	60
339	61
339	62
339	64
339	66
339	67
339	68
339	69
339	70
339	71
339	73
339	74
339	75
339	78
339	82
339	83
340	1
340	2
340	3
340	4
340	5
340	6
340	7
340	8
340	11
340	12
340	13
340	15
340	26
340	27
340	28
340	29
340	30
340	31
340	32
340	33
340	34
340	35
340	36
340	38
340	39
340	40
340	41
340	43
340	44
340	46
340	47
340	48
340	49
340	51
340	53
340	59
340	60
340	61
340	62
340	64
340	65
340	66
340	67
340	68
340	69
340	77
340	78
340	84
341	1
341	2
341	3
341	4
341	6
341	7
341	8
341	9
341	10
341	11
341	12
341	14
341	15
341	26
341	27
341	28
341	29
341	31
341	32
341	33
341	34
341	35
341	36
341	37
341	38
341	39
341	40
341	41
341	42
341	44
341	46
341	47
341	48
341	49
341	50
341	59
341	60
341	78
342	1
342	2
342	3
342	5
342	6
342	7
342	8
342	11
342	12
342	13
342	14
342	15
342	25
342	26
342	27
342	28
342	29
342	30
342	31
342	32
342	33
342	34
342	35
342	36
342	37
342	38
342	39
342	40
342	41
342	43
342	44
342	46
342	47
342	48
342	49
342	52
342	55
342	59
342	60
342	62
342	64
342	67
342	68
342	69
342	73
342	74
342	77
342	78
343	2
343	3
343	5
343	6
343	8
343	11
343	12
343	13
343	15
343	30
343	31
343	32
343	34
343	35
343	36
343	37
343	48
343	49
343	51
343	52
343	55
343	59
343	62
343	64
343	65
343	66
343	67
343	69
343	73
343	79
343	81
343	82
343	83
343	86
344	1
344	2
344	3
344	4
344	5
344	6
344	7
344	8
344	9
344	10
344	11
344	12
344	13
344	14
344	15
344	26
344	27
344	28
344	29
344	30
344	31
344	32
344	33
344	34
344	35
344	36
344	37
344	38
344	39
344	40
344	41
344	42
344	43
344	44
344	45
344	46
344	47
344	48
344	49
344	50
344	52
344	53
344	54
344	55
344	56
344	57
344	59
344	60
344	61
344	62
344	64
344	66
344	67
344	68
344	69
344	73
344	74
344	75
344	77
344	84
345	1
345	3
345	5
345	6
345	7
345	8
345	9
345	10
345	11
345	12
345	13
345	14
345	15
345	26
345	27
345	28
345	29
345	30
345	31
345	32
345	33
345	34
345	35
345	36
345	37
345	38
345	39
345	40
345	41
345	42
345	44
345	45
345	47
345	48
345	49
345	53
345	55
345	56
345	57
345	59
345	60
345	61
345	64
345	67
345	69
345	78
345	81
345	82
345	83
346	1
346	2
346	3
346	4
346	5
346	6
346	7
346	8
346	9
346	10
346	11
346	12
346	13
346	14
346	15
346	26
346	27
346	28
346	30
346	31
346	32
346	33
346	34
346	35
346	36
346	37
346	38
346	39
346	40
346	41
346	43
346	44
346	45
346	46
346	47
346	48
346	49
346	50
346	53
346	54
346	55
346	59
346	60
346	61
346	62
346	64
346	67
346	68
346	73
346	74
346	77
346	78
347	1
347	2
347	3
347	4
347	5
347	6
347	8
347	9
347	10
347	11
347	12
347	13
347	14
347	15
347	25
347	26
347	27
347	28
347	29
347	30
347	31
347	32
347	33
347	34
347	35
347	36
347	37
347	38
347	39
347	40
347	41
347	43
347	44
347	45
347	46
347	47
347	48
347	49
347	50
347	52
347	53
347	54
347	55
347	56
347	57
347	58
347	59
347	60
347	61
347	62
347	64
347	66
347	67
347	68
347	69
347	70
347	71
347	73
347	74
347	78
348	3
348	6
348	7
348	11
348	12
348	31
348	34
348	37
349	1
349	3
349	5
349	6
349	7
349	8
349	11
349	12
349	13
349	14
349	15
349	26
349	27
349	28
349	30
349	31
349	34
349	35
349	36
349	37
349	38
349	39
349	40
349	41
349	42
349	44
349	45
349	46
349	47
349	48
349	49
349	50
349	52
349	53
349	54
349	55
349	57
349	59
349	60
349	62
349	64
349	65
349	66
349	67
349	69
349	70
349	78
349	81
349	82
349	83
349	87
350	1
350	2
350	3
350	4
350	5
350	6
350	7
350	8
350	11
350	12
350	13
350	14
350	15
350	26
350	27
350	28
350	30
350	31
350	32
350	33
350	34
350	35
350	36
350	37
350	38
350	45
350	48
350	49
350	52
350	59
350	60
350	66
350	69
350	73
350	77
350	78
350	79
350	82
350	83
350	86
351	1
351	2
351	3
351	4
351	5
351	6
351	7
351	8
351	12
351	14
351	28
351	29
351	34
351	35
351	36
351	38
351	46
351	49
351	59
351	64
351	67
351	68
351	82
351	83
352	1
352	2
352	3
352	4
352	5
352	6
352	7
352	8
352	9
352	10
352	11
352	12
352	13
352	14
352	15
352	26
352	27
352	28
352	30
352	31
352	32
352	33
352	34
352	35
352	36
352	37
352	38
352	39
352	40
352	41
352	42
352	43
352	44
352	45
352	46
352	47
352	48
352	49
352	50
352	52
352	53
352	54
352	55
352	56
352	57
352	58
352	59
352	60
352	61
352	62
352	64
352	65
352	66
352	67
352	68
352	70
352	71
352	73
352	77
352	81
352	82
352	87
353	1
353	2
353	3
353	4
353	5
353	6
353	7
353	8
353	10
353	11
353	12
353	13
353	14
353	15
353	25
353	26
353	27
353	28
353	29
353	30
353	31
353	32
353	33
353	34
353	35
353	36
353	37
353	38
353	39
353	40
353	41
353	43
353	44
353	45
353	46
353	47
353	48
353	49
353	50
353	52
353	53
353	54
353	55
353	56
353	58
353	59
353	60
353	62
353	64
353	66
353	67
353	69
353	70
353	77
353	78
353	81
353	82
353	83
354	1
354	2
354	3
354	4
354	5
354	6
354	7
354	8
354	9
354	10
354	11
354	12
354	13
354	14
354	15
354	25
354	26
354	27
354	28
354	29
354	30
354	31
354	32
354	33
354	34
354	35
354	36
354	37
354	38
354	39
354	44
354	45
354	46
354	47
354	48
354	49
354	52
354	53
354	54
354	55
354	56
354	57
354	58
354	59
354	60
354	61
354	62
354	64
354	66
354	67
354	68
354	69
354	70
354	71
354	72
354	78
354	81
354	83
354	87
355	1
355	2
355	3
355	4
355	5
355	6
355	7
355	8
355	9
355	11
355	12
355	13
355	15
355	22
355	26
355	27
355	28
355	29
355	30
355	31
355	32
355	34
355	35
355	36
355	37
355	38
355	39
355	40
355	41
355	42
355	43
355	44
355	45
355	46
355	47
355	48
355	49
355	50
355	52
355	53
355	54
355	55
355	56
355	59
355	60
355	61
355	62
355	64
355	66
355	67
355	68
355	69
355	70
355	71
355	73
355	74
355	75
355	77
355	78
355	80
355	86
356	1
356	2
356	3
356	5
356	6
356	7
356	8
356	9
356	10
356	11
356	12
356	13
356	14
356	15
356	26
356	27
356	28
356	29
356	30
356	31
356	32
356	33
356	34
356	35
356	36
356	37
356	38
356	39
356	40
356	41
356	42
356	43
356	44
356	45
356	46
356	47
356	48
356	49
356	50
356	51
356	52
356	53
356	54
356	55
356	56
356	57
356	59
356	60
356	61
356	62
356	63
356	64
356	65
356	66
356	67
356	68
356	69
356	70
356	71
356	73
356	74
356	75
356	77
356	78
356	79
356	80
356	81
356	82
356	83
356	84
356	87
356	89
357	1
357	2
357	3
357	5
357	6
357	7
357	8
357	11
357	12
357	13
357	14
357	15
357	26
357	27
357	28
357	29
357	30
357	31
357	33
357	34
357	35
357	36
357	37
357	38
357	39
357	40
357	41
357	42
357	43
357	44
357	45
357	46
357	47
357	48
357	49
357	50
357	52
357	53
357	54
357	55
357	56
357	57
357	58
357	59
357	60
357	61
357	62
357	64
357	65
357	66
357	67
357	68
357	69
357	70
357	71
357	72
357	73
357	76
357	78
357	81
357	82
357	83
357	84
357	88
358	1
358	2
358	3
358	4
358	5
358	6
358	9
358	11
358	12
358	14
358	15
358	26
358	27
358	28
358	30
358	31
358	34
358	35
358	36
358	37
358	38
358	39
358	44
358	46
358	48
358	49
358	50
358	52
358	53
358	54
358	57
358	59
358	60
358	61
358	64
358	65
358	67
358	68
358	69
358	73
358	76
358	77
358	80
358	82
358	83
359	1
359	2
359	3
359	4
359	5
359	11
359	13
359	15
359	28
359	29
359	30
359	31
359	32
359	34
359	35
359	36
359	37
359	38
359	39
359	40
359	41
359	43
359	44
359	46
359	47
359	48
359	49
359	51
359	53
359	54
359	59
359	60
359	61
359	62
359	64
359	66
359	67
359	68
359	81
359	83
360	1
360	2
360	3
360	4
360	5
360	6
360	7
360	8
360	9
360	11
360	12
360	13
360	14
360	15
360	26
360	27
360	28
360	30
360	31
360	32
360	34
360	35
360	36
360	37
360	38
360	39
360	40
360	41
360	43
360	44
360	45
360	46
360	47
360	48
360	49
360	50
360	52
360	53
360	54
360	55
360	56
360	57
360	58
360	59
360	60
360	69
360	78
361	2
361	3
361	5
361	6
361	8
361	11
361	12
361	13
361	15
361	25
361	26
361	28
361	30
361	31
361	32
361	34
361	35
361	36
361	37
361	38
361	39
361	40
361	41
361	43
361	44
361	45
361	46
361	47
361	48
361	49
361	50
361	53
361	54
361	55
361	57
361	59
361	60
361	61
361	64
361	66
361	67
361	68
361	69
361	70
361	71
361	72
361	78
361	82
361	83
361	84
362	1
362	2
362	3
362	5
362	6
362	7
362	8
362	9
362	10
362	11
362	12
362	13
362	14
362	15
362	26
362	27
362	28
362	30
362	31
362	32
362	33
362	34
362	35
362	36
362	37
362	38
362	39
362	40
362	41
362	43
362	44
362	45
362	46
362	48
362	50
362	52
362	53
362	54
362	55
362	56
362	57
362	59
362	60
362	61
362	66
362	70
362	71
362	72
362	77
362	78
362	80
362	84
363	1
363	2
363	3
363	4
363	5
363	6
363	7
363	8
363	9
363	11
363	12
363	13
363	14
363	15
363	26
363	27
363	28
363	30
363	31
363	32
363	34
363	35
363	36
363	37
363	38
363	39
363	40
363	41
363	44
363	45
363	46
363	47
363	48
363	51
363	53
363	54
363	55
363	56
363	58
363	59
363	60
363	61
363	63
363	64
363	66
363	69
363	77
363	78
363	81
363	84
364	1
364	2
364	3
364	5
364	6
364	7
364	8
364	11
364	12
364	13
364	25
364	26
364	27
364	28
364	30
364	34
364	35
364	37
364	47
364	48
364	49
364	53
364	55
364	58
364	59
364	60
364	61
364	62
364	64
364	67
364	69
364	71
364	78
364	81
364	83
365	1
365	3
365	4
365	5
365	6
365	7
365	8
365	9
365	11
365	12
365	13
365	15
365	26
365	27
365	28
365	29
365	30
365	31
365	32
365	33
365	34
365	35
365	36
365	37
365	38
365	39
365	40
365	41
365	42
365	43
365	44
365	45
365	46
365	47
365	48
365	49
365	50
365	52
365	53
365	54
365	55
365	56
365	59
365	60
365	61
365	62
365	64
365	65
365	66
365	67
365	68
365	69
365	71
365	73
365	76
365	78
365	80
365	85
366	1
366	2
366	3
366	4
366	5
366	6
366	7
366	8
366	9
366	10
366	11
366	12
366	13
366	14
366	15
366	26
366	27
366	28
366	29
366	30
366	31
366	32
366	34
366	35
366	36
366	37
366	38
366	39
366	40
366	41
366	42
366	43
366	44
366	45
366	46
366	47
366	48
366	49
366	50
366	52
366	53
366	54
366	55
366	56
366	57
366	59
366	60
366	61
366	64
366	66
366	67
366	68
366	69
366	70
366	72
366	78
366	80
366	81
366	82
366	83
366	84
366	88
367	1
367	2
367	3
367	4
367	5
367	6
367	7
367	8
367	9
367	11
367	12
367	13
367	14
367	15
367	26
367	27
367	28
367	30
367	31
367	32
367	33
367	34
367	35
367	36
367	37
367	38
367	39
367	45
367	46
367	48
367	49
367	52
367	53
367	54
367	55
367	58
367	59
367	60
367	61
367	64
367	66
367	67
367	68
367	69
367	70
367	78
367	82
367	83
368	2
368	5
368	11
368	14
368	15
368	26
368	27
368	28
368	31
368	32
368	35
368	37
368	38
368	46
368	48
368	53
368	59
368	60
368	61
368	69
368	71
368	78
368	81
368	82
368	83
368	84
369	1
369	2
369	3
369	4
369	5
369	6
369	7
369	8
369	9
369	10
369	11
369	12
369	13
369	14
369	15
369	26
369	27
369	28
369	30
369	31
369	32
369	33
369	34
369	35
369	36
369	37
369	38
369	39
369	40
369	41
369	42
369	43
369	44
369	45
369	46
369	47
369	48
369	49
369	50
369	52
369	53
369	55
369	56
369	57
369	59
369	61
369	62
369	64
369	66
369	69
369	70
369	73
369	74
369	75
369	79
369	86
370	1
370	2
370	3
370	6
370	8
370	11
370	12
370	13
370	28
370	30
370	33
370	34
370	35
370	38
370	49
370	55
370	58
370	59
370	60
370	64
370	67
370	68
370	69
370	78
370	81
370	82
370	83
371	1
371	2
371	3
371	4
371	5
371	6
371	7
371	8
371	9
371	11
371	12
371	13
371	14
371	15
371	22
371	26
371	27
371	28
371	29
371	30
371	31
371	33
371	34
371	35
371	36
371	37
371	38
371	39
371	40
371	41
371	42
371	43
371	44
371	45
371	46
371	48
371	49
371	50
371	52
371	53
371	54
371	55
371	56
371	59
371	60
371	61
371	64
371	65
371	66
371	67
371	68
371	69
371	70
371	71
371	73
371	77
371	79
371	82
371	83
371	87
371	89
372	1
372	2
372	3
372	4
372	5
372	6
372	7
372	8
372	9
372	11
372	12
372	13
372	14
372	15
372	25
372	26
372	27
372	28
372	29
372	30
372	31
372	33
372	34
372	35
372	36
372	37
372	38
372	39
372	40
372	41
372	42
372	43
372	44
372	45
372	46
372	47
372	48
372	50
372	51
372	52
372	53
372	54
372	55
372	56
372	57
372	58
372	59
372	60
372	61
372	62
372	64
372	65
372	66
372	67
372	68
372	69
372	70
372	71
372	72
372	73
372	74
372	75
372	76
372	77
372	78
372	79
372	84
372	89
373	1
373	3
373	4
373	5
373	6
373	7
373	8
373	9
373	10
373	11
373	12
373	13
373	14
373	15
373	25
373	26
373	27
373	28
373	30
373	31
373	32
373	34
373	35
373	36
373	37
373	38
373	39
373	40
373	41
373	42
373	46
373	47
373	49
373	50
373	52
373	53
373	54
373	55
373	56
373	59
373	60
373	61
373	64
373	67
373	68
373	69
373	78
373	80
373	81
373	82
374	1
374	2
374	3
374	5
374	6
374	7
374	8
374	9
374	10
374	11
374	12
374	13
374	15
374	26
374	27
374	28
374	29
374	30
374	31
374	32
374	34
374	35
374	36
374	37
374	38
374	39
374	40
374	41
374	42
374	43
374	44
374	45
374	46
374	47
374	48
374	49
374	50
374	52
374	53
374	54
374	55
374	56
374	57
374	59
374	60
374	61
374	62
374	64
374	66
374	67
374	68
374	69
374	70
374	73
374	74
374	75
374	77
374	78
374	79
374	81
374	83
374	84
374	87
375	1
375	3
375	4
375	5
375	6
375	7
375	8
375	11
375	12
375	13
375	14
375	15
375	26
375	28
375	29
375	30
375	31
375	32
375	33
375	34
375	35
375	36
375	37
375	38
375	39
375	40
375	41
375	43
375	44
375	46
375	47
375	48
375	49
375	50
375	52
375	53
375	54
375	59
375	60
375	61
375	64
375	65
375	67
375	68
375	69
375	73
375	76
375	78
375	83
376	1
376	2
376	3
376	5
376	6
376	7
376	8
376	9
376	10
376	11
376	12
376	13
376	14
376	15
376	25
376	26
376	27
376	28
376	29
376	30
376	31
376	32
376	33
376	34
376	35
376	36
376	37
376	38
376	39
376	40
376	41
376	43
376	44
376	45
376	46
376	47
376	49
376	50
376	52
376	53
376	54
376	56
376	59
376	60
376	61
376	62
376	66
376	68
376	69
376	70
376	71
376	73
376	74
376	75
376	77
376	78
377	2
377	3
377	8
377	9
377	11
377	12
377	13
377	15
377	26
377	27
377	28
377	30
377	34
377	35
377	36
377	38
377	39
377	40
377	41
377	42
377	43
377	44
377	45
377	46
377	47
377	48
377	49
377	50
377	52
377	53
377	54
377	55
377	56
377	57
377	59
377	61
377	66
377	69
377	73
377	79
377	81
377	83
378	1
378	2
378	3
378	4
378	5
378	6
378	7
378	8
378	9
378	11
378	12
378	13
378	14
378	15
378	26
378	27
378	28
378	29
378	31
378	32
378	33
378	34
378	35
378	36
378	37
378	38
378	39
378	40
378	41
378	42
378	43
378	44
378	45
378	47
378	48
378	49
378	59
378	60
378	69
378	78
379	3
379	5
379	6
379	7
379	8
379	11
379	12
379	13
379	14
379	15
379	26
379	27
379	28
379	31
379	33
379	34
379	35
379	36
379	37
379	38
379	39
379	40
379	41
379	42
379	43
379	46
379	47
379	48
379	49
379	52
379	55
379	59
379	60
379	61
379	64
379	65
379	67
379	68
379	69
379	76
379	78
379	81
379	83
379	85
379	87
380	1
380	3
380	4
380	6
380	7
380	8
380	11
380	12
380	13
380	14
380	15
380	26
380	28
380	29
380	30
380	31
380	34
380	35
380	36
380	38
380	39
380	40
380	41
380	42
380	44
380	45
380	46
380	47
380	48
380	49
380	50
380	53
380	59
380	60
380	64
380	66
380	67
380	69
380	70
380	78
380	81
380	83
381	1
381	2
381	3
381	5
381	6
381	7
381	8
381	9
381	10
381	11
381	12
381	13
381	14
381	15
381	25
381	26
381	27
381	28
381	29
381	30
381	31
381	32
381	33
381	34
381	35
381	36
381	37
381	38
381	39
381	40
381	41
381	43
381	44
381	45
381	46
381	47
381	48
381	49
381	50
381	52
381	53
381	54
381	55
381	56
381	57
381	58
381	59
381	60
381	61
381	62
381	64
381	66
381	67
381	68
381	69
381	70
381	71
381	73
381	74
381	75
381	77
381	78
381	79
381	86
382	1
382	2
382	3
382	4
382	5
382	6
382	7
382	8
382	9
382	10
382	11
382	12
382	13
382	14
382	15
382	26
382	27
382	28
382	29
382	30
382	31
382	32
382	34
382	35
382	36
382	37
382	38
382	39
382	40
382	41
382	42
382	43
382	44
382	45
382	46
382	47
382	48
382	49
382	50
382	51
382	52
382	53
382	54
382	55
382	56
382	57
382	59
382	60
382	61
382	62
382	63
382	64
382	65
382	66
382	67
382	68
382	69
382	70
382	71
382	72
382	73
382	74
382	75
382	78
382	80
382	81
382	82
382	83
383	1
383	2
383	3
383	4
383	5
383	6
383	8
383	9
383	10
383	11
383	12
383	13
383	14
383	15
383	26
383	27
383	28
383	29
383	30
383	31
383	34
383	35
383	36
383	37
383	38
383	39
383	45
383	46
383	48
383	49
383	52
383	53
383	54
383	55
383	56
383	57
383	58
383	59
383	60
383	61
383	64
383	65
383	66
383	67
383	68
383	69
383	70
383	71
383	73
383	77
383	79
383	82
383	83
384	3
384	4
384	5
384	6
384	7
384	8
384	11
384	12
384	13
384	15
384	26
384	27
384	28
384	29
384	30
384	31
384	32
384	33
384	34
384	35
384	36
384	37
384	38
384	39
384	40
384	41
384	42
384	44
384	46
384	47
384	48
384	49
384	54
384	59
384	60
384	66
384	69
385	1
385	2
385	3
385	4
385	5
385	6
385	7
385	8
385	9
385	11
385	12
385	13
385	14
385	15
385	26
385	27
385	28
385	29
385	30
385	31
385	32
385	33
385	34
385	35
385	36
385	37
385	38
385	39
385	40
385	41
385	43
385	44
385	45
385	46
385	47
385	48
385	49
385	50
385	51
385	52
385	53
385	55
385	56
385	57
385	59
385	60
385	61
385	64
385	65
385	66
385	67
385	68
385	69
385	71
385	73
385	79
385	81
385	86
385	87
386	1
386	2
386	3
386	5
386	6
386	7
386	8
386	11
386	12
386	13
386	14
386	15
386	26
386	28
386	30
386	31
386	34
386	35
386	36
386	37
386	38
386	41
386	45
386	46
386	48
386	49
386	50
386	52
386	53
386	54
386	55
386	56
386	59
386	61
386	64
386	67
386	69
386	70
386	78
386	80
386	81
386	82
386	83
387	1
387	2
387	5
387	6
387	8
387	13
387	15
387	26
387	27
387	28
387	33
387	35
387	37
387	38
387	48
387	53
387	59
387	60
387	61
387	64
387	67
387	68
387	70
387	82
387	83
388	1
388	2
388	3
388	4
388	5
388	6
388	7
388	8
388	9
388	10
388	11
388	12
388	13
388	14
388	15
388	25
388	26
388	27
388	28
388	30
388	31
388	32
388	33
388	34
388	35
388	36
388	37
388	55
388	58
388	59
388	60
388	64
388	67
388	78
388	81
388	83
389	1
389	2
389	5
389	6
389	8
389	11
389	13
389	14
389	15
389	27
389	28
389	29
389	30
389	31
389	32
389	33
389	34
389	35
389	36
389	37
389	38
389	45
389	46
389	48
389	53
389	59
389	60
389	61
389	66
389	69
389	70
389	71
389	72
389	73
389	78
389	81
389	82
389	84
389	86
390	1
390	2
390	3
390	5
390	6
390	7
390	8
390	9
390	10
390	12
390	13
390	14
390	15
390	28
390	29
390	30
390	32
390	34
390	35
390	37
390	38
390	39
390	45
390	46
390	47
390	48
390	49
390	53
390	59
390	60
390	61
390	64
390	65
390	66
390	67
390	68
390	71
390	73
390	76
390	78
390	82
390	83
391	1
391	2
391	3
391	4
391	5
391	6
391	7
391	8
391	9
391	11
391	12
391	13
391	15
391	26
391	27
391	28
391	29
391	30
391	31
391	32
391	33
391	34
391	35
391	36
391	37
391	38
391	39
391	40
391	41
391	42
391	43
391	44
391	45
391	46
391	47
391	48
391	49
391	50
391	53
391	56
391	59
391	60
391	61
391	64
391	66
391	67
391	68
391	69
391	70
391	71
391	72
391	78
391	81
391	83
392	1
392	2
392	3
392	5
392	6
392	7
392	8
392	9
392	10
392	11
392	12
392	13
392	14
392	15
392	28
392	29
392	30
392	31
392	32
392	33
392	34
392	37
392	39
392	40
392	41
392	42
392	43
392	46
392	47
392	48
392	59
392	60
393	1
393	2
393	3
393	4
393	5
393	6
393	7
393	8
393	9
393	10
393	11
393	12
393	13
393	14
393	15
393	25
393	26
393	27
393	28
393	29
393	30
393	31
393	32
393	33
393	34
393	35
393	36
393	37
393	38
393	39
393	40
393	41
393	43
393	44
393	45
393	46
393	47
393	48
393	49
393	50
393	51
393	52
393	53
393	56
393	58
393	59
393	60
393	61
393	62
393	64
393	65
393	66
393	67
393	68
393	69
393	71
393	77
393	78
393	81
393	82
393	83
394	3
394	4
394	5
394	6
394	7
394	8
394	11
394	12
394	13
394	28
394	30
394	31
394	34
394	35
394	37
394	38
394	49
394	55
394	59
394	60
394	64
394	67
394	69
394	82
395	1
395	2
395	3
395	4
395	5
395	6
395	7
395	8
395	9
395	10
395	11
395	12
395	13
395	14
395	15
395	26
395	27
395	28
395	30
395	31
395	32
395	33
395	34
395	35
395	36
395	37
395	38
395	39
395	40
395	41
395	42
395	43
395	44
395	45
395	46
395	47
395	48
395	49
395	50
395	52
395	53
395	54
395	55
395	56
395	58
395	59
395	60
395	62
395	64
395	66
395	67
395	68
395	69
395	71
395	73
395	78
395	80
395	82
395	83
396	2
396	5
396	6
396	7
396	8
396	9
396	11
396	13
396	33
396	36
396	38
396	39
396	53
396	59
396	61
396	81
397	1
397	2
397	3
397	4
397	5
397	6
397	7
397	8
397	10
397	11
397	12
397	13
397	14
397	15
397	26
397	27
397	28
397	30
397	31
397	32
397	33
397	34
397	35
397	36
397	40
397	41
397	46
397	47
397	49
397	59
397	60
397	64
397	67
397	68
397	69
397	77
397	78
398	1
398	2
398	3
398	5
398	6
398	7
398	8
398	11
398	12
398	13
398	14
398	15
398	25
398	26
398	28
398	29
398	30
398	31
398	33
398	34
398	35
398	36
398	37
398	38
398	39
398	40
398	41
398	42
398	43
398	44
398	45
398	46
398	47
398	48
398	49
398	50
398	52
398	53
398	55
398	59
398	61
398	62
398	64
398	67
398	68
398	69
398	82
398	83
399	1
399	2
399	3
399	4
399	5
399	6
399	7
399	8
399	9
399	10
399	11
399	12
399	13
399	14
399	15
399	25
399	26
399	27
399	28
399	29
399	30
399	31
399	32
399	33
399	34
399	35
399	36
399	37
399	38
399	39
399	40
399	41
399	42
399	43
399	44
399	45
399	46
399	47
399	48
399	49
399	50
399	52
399	53
399	54
399	55
399	56
399	57
399	58
399	59
399	61
399	64
399	65
399	66
399	67
399	68
399	69
399	70
399	71
399	72
399	73
399	77
399	79
399	86
400	2
400	13
400	15
400	28
400	29
400	30
400	31
400	34
400	35
400	36
400	39
400	40
400	41
400	42
400	43
400	45
400	46
400	47
400	48
400	50
400	53
400	59
400	60
400	62
400	63
400	64
400	65
400	69
401	1
401	2
401	3
401	4
401	5
401	6
401	7
401	8
401	9
401	10
401	11
401	12
401	13
401	14
401	15
401	26
401	27
401	30
401	31
401	32
401	34
401	35
401	36
401	37
401	38
401	39
401	40
401	41
401	43
401	44
401	45
401	46
401	47
401	48
401	49
401	50
401	53
401	54
401	56
401	59
401	60
401	61
401	64
401	65
401	66
401	67
401	68
401	69
401	73
401	78
401	81
401	82
402	1
402	2
402	3
402	5
402	6
402	7
402	8
402	9
402	11
402	12
402	13
402	14
402	15
402	26
402	27
402	28
402	30
402	31
402	33
402	34
402	35
402	36
402	37
402	38
402	39
402	40
402	41
402	42
402	43
402	44
402	46
402	47
402	48
402	49
402	54
402	55
402	59
402	60
402	61
402	64
402	66
402	67
402	68
402	69
402	77
402	78
402	84
403	2
403	3
403	5
403	6
403	11
403	12
403	13
403	15
403	26
403	27
403	28
403	29
403	30
403	31
403	34
403	35
403	36
403	37
403	38
403	39
403	40
403	41
403	44
403	48
403	49
403	51
403	53
403	59
403	60
403	61
403	69
403	70
403	71
403	72
403	73
403	77
403	78
403	81
403	82
403	87
404	1
404	3
404	5
404	6
404	7
404	8
404	9
404	10
404	11
404	12
404	13
404	14
404	15
404	26
404	27
404	28
404	29
404	30
404	31
404	32
404	34
404	35
404	36
404	37
404	38
404	39
404	40
404	41
404	42
404	43
404	44
404	45
404	46
404	47
404	48
404	49
404	50
404	52
404	53
404	54
404	55
404	56
404	57
404	58
404	59
404	60
404	61
404	62
404	64
404	66
404	67
404	68
404	69
404	70
404	71
404	78
405	1
405	2
405	3
405	4
405	5
405	6
405	7
405	8
405	9
405	10
405	11
405	12
405	13
405	14
405	15
405	22
405	25
405	26
405	27
405	28
405	30
405	31
405	32
405	34
405	35
405	36
405	37
405	38
405	39
405	40
405	41
405	42
405	43
405	44
405	45
405	46
405	47
405	48
405	49
405	50
405	52
405	53
405	54
405	55
405	56
405	57
405	59
405	60
405	61
405	62
405	64
405	65
405	66
405	67
405	68
405	69
405	70
405	71
405	72
405	73
405	75
405	77
405	79
405	84
406	1
406	2
406	3
406	5
406	6
406	7
406	8
406	9
406	11
406	12
406	13
406	14
406	15
406	26
406	28
406	29
406	30
406	31
406	32
406	34
406	35
406	36
406	37
406	38
406	39
406	40
406	41
406	42
406	43
406	44
406	46
406	47
406	48
406	49
406	50
406	53
406	59
406	60
406	61
406	62
406	64
406	65
406	67
406	68
406	69
406	70
406	78
406	81
406	83
407	1
407	2
407	3
407	4
407	5
407	6
407	7
407	8
407	9
407	10
407	11
407	12
407	13
407	14
407	15
407	26
407	27
407	28
407	29
407	30
407	31
407	32
407	33
407	34
407	35
407	36
407	37
407	38
407	39
407	40
407	42
407	44
407	45
407	46
407	48
407	49
407	52
407	53
407	54
407	55
407	57
407	58
407	59
407	60
407	61
407	64
407	66
407	67
407	68
407	69
407	70
407	71
407	77
407	78
407	81
407	82
407	83
408	2
408	3
408	4
408	11
408	13
408	15
408	28
408	31
408	34
408	35
408	36
408	39
408	40
408	41
408	43
408	45
408	47
408	48
408	49
408	51
408	53
408	59
408	60
408	61
408	65
408	66
408	71
408	81
409	1
409	2
409	3
409	4
409	5
409	6
409	7
409	8
409	9
409	11
409	12
409	13
409	14
409	15
409	26
409	27
409	28
409	29
409	30
409	31
409	32
409	33
409	34
409	35
409	36
409	37
409	38
409	39
409	41
409	46
409	47
409	48
409	59
409	60
409	64
409	66
409	67
409	69
409	77
409	78
410	1
410	2
410	3
410	5
410	6
410	7
410	8
410	11
410	12
410	13
410	14
410	15
410	26
410	28
410	30
410	31
410	32
410	33
410	34
410	35
410	36
410	45
410	46
410	47
410	48
410	49
410	52
410	55
410	59
410	61
410	62
410	64
410	66
410	69
410	73
410	75
410	77
410	81
410	82
410	83
411	1
411	2
411	3
411	5
411	6
411	7
411	8
411	9
411	11
411	12
411	13
411	14
411	15
411	25
411	26
411	27
411	28
411	30
411	31
411	33
411	34
411	35
411	36
411	37
411	38
411	39
411	41
411	44
411	46
411	47
411	48
411	53
411	58
411	59
411	60
411	61
411	62
411	64
411	67
411	71
411	73
411	74
411	77
411	78
411	84
412	1
412	3
412	4
412	5
412	6
412	7
412	8
412	9
412	10
412	11
412	12
412	13
412	14
412	15
412	26
412	27
412	28
412	29
412	30
412	31
412	33
412	34
412	35
412	36
412	37
412	38
412	39
412	40
412	41
412	42
412	43
412	44
412	45
412	46
412	47
412	48
412	49
412	50
412	52
412	53
412	54
412	55
412	56
412	59
412	60
412	61
412	62
412	64
412	66
412	67
412	68
412	69
412	70
412	71
412	78
412	80
413	1
413	2
413	3
413	5
413	6
413	8
413	9
413	11
413	12
413	13
413	14
413	15
413	26
413	27
413	28
413	30
413	31
413	32
413	33
413	34
413	35
413	36
413	37
413	38
413	39
413	41
413	45
413	46
413	48
413	50
413	52
413	53
413	54
413	55
413	56
413	57
413	58
413	59
413	60
413	61
413	62
413	67
413	73
413	74
413	75
413	77
413	78
414	1
414	2
414	3
414	4
414	5
414	6
414	7
414	8
414	9
414	10
414	11
414	12
414	13
414	14
414	15
414	26
414	27
414	28
414	30
414	31
414	32
414	33
414	34
414	35
414	36
414	37
414	38
414	39
414	41
414	69
415	1
415	2
415	3
415	4
415	6
415	7
415	9
415	11
415	12
415	14
415	15
415	26
415	33
415	34
415	35
415	36
415	39
415	40
415	41
415	43
415	44
415	45
415	46
415	47
415	48
415	49
415	50
415	52
415	53
415	59
415	64
415	69
415	77
415	81
415	82
415	83
416	1
416	2
416	3
416	4
416	5
416	6
416	7
416	8
416	9
416	11
416	12
416	13
416	14
416	15
416	25
416	26
416	27
416	28
416	29
416	30
416	31
416	32
416	33
416	34
416	35
416	36
416	37
416	38
416	39
416	40
416	41
416	43
416	44
416	45
416	46
416	47
416	48
416	49
416	50
416	52
416	53
416	54
416	55
416	56
416	57
416	59
416	61
416	62
416	64
416	65
416	67
416	68
416	69
416	72
416	78
416	82
416	84
417	1
417	2
417	3
417	4
417	5
417	6
417	7
417	8
417	9
417	10
417	11
417	12
417	13
417	14
417	15
417	25
417	26
417	27
417	28
417	29
417	30
417	31
417	32
417	33
417	34
417	35
417	36
417	37
417	38
417	39
417	40
417	41
417	43
417	44
417	45
417	46
417	47
417	48
417	49
417	50
417	52
417	53
417	54
417	56
417	58
417	59
417	60
417	62
417	64
417	65
417	66
417	67
417	69
417	73
417	74
417	75
417	77
417	78
417	80
417	88
418	1
418	2
418	3
418	4
418	5
418	6
418	7
418	8
418	9
418	10
418	11
418	12
418	13
418	14
418	15
418	26
418	27
418	28
418	29
418	30
418	31
418	32
418	33
418	34
418	35
418	36
418	37
418	38
418	39
418	40
418	41
418	42
418	43
418	44
418	45
418	46
418	47
418	48
418	49
418	50
418	52
418	53
418	54
418	55
418	56
418	57
418	59
418	60
418	61
418	62
418	64
418	65
418	66
418	67
418	68
418	69
418	70
418	71
418	73
418	74
418	76
418	78
418	80
418	84
418	85
419	1
419	2
419	3
419	4
419	5
419	6
419	7
419	8
419	9
419	10
419	11
419	12
419	13
419	14
419	15
419	26
419	27
419	28
419	29
419	30
419	31
419	32
419	33
419	34
419	35
419	36
419	37
419	38
419	39
419	40
419	41
419	42
419	43
419	44
419	45
419	46
419	47
419	48
419	49
419	50
419	52
419	53
419	54
419	55
419	57
419	59
419	62
419	64
419	66
419	67
419	68
419	69
419	78
419	80
419	82
419	83
420	1
420	2
420	3
420	4
420	5
420	6
420	7
420	8
420	9
420	11
420	12
420	13
420	14
420	15
420	26
420	27
420	28
420	29
420	30
420	31
420	32
420	33
420	34
420	35
420	36
420	37
420	38
420	39
420	40
420	41
420	46
420	48
420	50
420	53
420	59
420	61
420	64
420	67
420	69
420	81
420	84
421	1
421	2
421	3
421	4
421	5
421	6
421	7
421	8
421	9
421	10
421	11
421	12
421	13
421	14
421	15
421	22
421	26
421	27
421	28
421	29
421	30
421	31
421	32
421	33
421	34
421	35
421	36
421	37
421	38
421	39
421	40
421	41
421	42
421	43
421	44
421	45
421	46
421	47
421	48
421	49
421	50
421	52
421	53
421	54
421	55
421	56
421	57
421	58
421	59
421	60
421	61
421	69
421	70
421	78
421	80
422	3
422	5
422	6
422	7
422	8
422	11
422	12
422	15
422	26
422	27
422	28
422	30
422	33
422	34
422	35
422	36
422	38
422	39
422	40
422	41
422	42
422	43
422	44
422	46
422	47
422	48
422	49
422	50
422	53
422	54
422	55
422	58
422	59
422	60
422	61
422	64
422	66
422	67
422	68
422	70
422	71
422	78
422	81
423	1
423	2
423	3
423	5
423	6
423	7
423	8
423	9
423	11
423	12
423	13
423	14
423	15
423	26
423	27
423	28
423	29
423	30
423	31
423	32
423	33
423	34
423	36
423	37
423	38
423	39
423	40
423	41
423	43
423	44
423	45
423	46
423	47
423	48
423	49
423	50
423	52
423	53
423	56
423	58
423	59
423	60
423	69
423	78
424	1
424	2
424	3
424	4
424	5
424	6
424	7
424	8
424	9
424	11
424	12
424	13
424	14
424	15
424	28
424	29
424	30
424	31
424	32
424	33
424	34
424	35
424	36
424	37
424	38
424	39
424	41
424	48
424	49
424	61
424	69
424	71
424	82
424	83
425	1
425	2
425	3
425	4
425	5
425	6
425	7
425	8
425	11
425	15
425	26
425	28
425	29
425	30
425	31
425	32
425	34
425	35
425	36
425	37
425	38
425	39
425	40
425	41
425	42
425	43
425	44
425	46
425	47
425	49
425	50
425	54
425	59
425	60
425	61
425	65
425	66
425	68
425	73
425	76
426	1
426	2
426	3
426	4
426	5
426	6
426	7
426	8
426	9
426	10
426	11
426	12
426	13
426	14
426	15
426	26
426	27
426	28
426	29
426	30
426	32
426	33
426	34
426	35
426	36
426	38
426	39
426	40
426	41
426	42
426	43
426	44
426	47
426	49
426	59
426	60
426	67
426	69
426	78
427	1
427	2
427	3
427	4
427	5
427	6
427	7
427	8
427	9
427	10
427	11
427	12
427	13
427	14
427	15
427	26
427	27
427	28
427	29
427	30
427	31
427	32
427	33
427	34
427	35
427	36
427	37
427	38
427	39
427	40
427	41
427	42
427	44
427	45
427	46
427	47
427	48
427	49
427	50
427	52
427	53
427	54
427	55
427	56
427	57
427	58
427	59
427	60
427	61
427	62
427	64
427	66
427	67
427	68
427	69
427	70
427	71
427	73
427	77
427	78
427	79
427	81
427	82
427	83
427	86
428	3
428	5
428	12
428	15
428	27
428	28
428	31
428	33
428	35
428	36
428	45
428	59
428	60
428	77
428	78
429	1
429	2
429	3
429	4
429	7
429	11
429	15
429	28
429	29
429	31
429	32
429	34
429	35
429	36
429	37
429	39
429	40
429	41
429	43
429	44
429	45
429	46
429	47
429	48
429	49
429	59
429	60
429	62
429	69
429	77
429	78
429	82
430	1
430	2
430	3
430	4
430	5
430	6
430	7
430	8
430	9
430	11
430	12
430	14
430	15
430	26
430	27
430	28
430	29
430	30
430	31
430	32
430	33
430	34
430	35
430	36
430	37
430	38
430	39
430	40
430	41
430	42
430	43
430	44
430	45
430	46
430	47
430	48
430	49
430	50
430	52
430	53
430	54
430	56
430	57
430	58
430	59
430	60
430	61
430	62
430	64
430	65
430	66
430	67
430	68
430	69
430	70
430	71
430	72
430	73
430	74
430	78
431	1
431	2
431	3
431	5
431	6
431	7
431	8
431	9
431	11
431	12
431	13
431	15
431	26
431	27
431	28
431	29
431	30
431	31
431	33
431	34
431	35
431	36
431	37
431	38
431	39
431	45
431	48
431	52
431	55
431	58
431	61
431	66
431	69
431	71
431	73
431	84
431	86
432	12
432	14
432	25
432	26
432	28
432	34
432	35
432	36
432	42
432	45
432	48
432	49
432	50
432	52
432	53
432	55
432	59
432	60
432	64
432	67
432	69
432	78
432	82
432	83
433	1
433	2
433	3
433	4
433	5
433	6
433	7
433	8
433	9
433	10
433	11
433	12
433	13
433	14
433	15
433	25
433	26
433	27
433	28
433	29
433	30
433	31
433	32
433	33
433	34
433	35
433	36
433	37
433	38
433	39
433	40
433	41
433	42
433	43
433	45
433	46
433	47
433	49
433	50
433	53
433	64
433	67
433	68
433	81
433	82
433	83
434	1
434	2
434	3
434	4
434	5
434	6
434	7
434	8
434	11
434	12
434	26
434	28
434	30
434	31
434	34
434	35
434	36
434	37
434	38
434	39
434	40
434	43
434	46
434	55
434	58
434	59
434	60
434	64
434	65
434	67
434	69
434	73
434	76
434	78
434	81
435	1
435	2
435	3
435	4
435	5
435	6
435	7
435	8
435	11
435	12
435	13
435	14
435	15
435	26
435	27
435	28
435	29
435	30
435	31
435	32
435	33
435	34
435	35
435	37
435	38
435	39
435	40
435	41
435	42
435	43
435	44
435	45
435	46
435	47
435	48
435	49
435	52
435	53
435	55
435	58
435	59
435	60
435	64
435	67
435	68
435	69
435	70
435	71
435	81
435	82
435	83
436	1
436	2
436	3
436	4
436	5
436	6
436	7
436	8
436	11
436	12
436	13
436	14
436	15
436	26
436	27
436	28
436	29
436	30
436	31
436	32
436	33
436	34
436	35
436	36
436	37
436	38
436	39
436	40
436	41
436	43
436	44
436	45
436	46
436	47
436	48
436	49
436	50
436	52
436	53
436	54
436	55
436	56
436	59
436	60
436	61
436	64
436	66
436	67
436	68
436	69
436	70
436	71
436	73
436	78
436	79
436	81
436	82
436	83
436	86
436	88
437	1
437	2
437	3
437	5
437	6
437	8
437	9
437	10
437	11
437	12
437	13
437	14
437	15
437	25
437	26
437	28
437	30
437	32
437	34
437	35
437	36
437	37
437	38
437	39
437	40
437	41
437	42
437	43
437	44
437	45
437	46
437	47
437	48
437	49
437	50
437	53
437	54
437	55
437	56
437	57
437	58
437	59
437	60
437	61
437	62
437	64
437	65
437	66
437	67
437	68
437	69
437	70
437	71
437	72
437	73
437	74
437	76
437	78
437	89
438	1
438	3
438	5
438	6
438	7
438	8
438	9
438	11
438	12
438	13
438	14
438	15
438	26
438	27
438	28
438	31
438	33
438	34
438	35
438	36
438	37
438	38
438	39
438	40
438	41
438	42
438	43
438	44
438	45
438	46
438	47
438	48
438	49
438	50
438	59
438	60
438	64
438	67
438	78
438	81
438	82
438	83
439	1
439	2
439	3
439	4
439	5
439	6
439	7
439	8
439	11
439	12
439	13
439	14
439	15
439	26
439	27
439	28
439	30
439	31
439	32
439	33
439	34
439	35
439	36
439	37
439	38
439	39
439	45
439	46
439	47
439	48
439	49
439	50
439	52
439	53
439	55
439	58
439	59
439	60
439	61
439	64
439	65
439	66
439	67
439	68
439	69
439	70
439	71
439	73
439	78
439	79
439	81
439	82
439	83
439	86
440	1
440	2
440	3
440	4
440	5
440	6
440	7
440	8
440	9
440	11
440	12
440	13
440	14
440	15
440	26
440	27
440	28
440	29
440	30
440	31
440	32
440	33
440	34
440	35
440	36
440	37
440	38
440	39
440	40
440	41
440	42
440	43
440	44
440	45
440	46
440	47
440	48
440	49
440	50
440	53
440	54
440	56
440	59
440	60
440	61
440	62
440	64
440	66
440	67
440	68
440	69
440	70
440	71
440	72
440	78
440	82
440	83
441	1
441	3
441	4
441	5
441	6
441	7
441	8
441	9
441	10
441	12
441	13
441	14
441	15
441	26
441	27
441	28
441	29
441	30
441	31
441	32
441	34
441	35
441	36
441	37
441	39
441	40
441	43
441	45
441	46
441	47
441	48
441	53
441	55
441	56
441	58
441	59
441	60
441	61
441	62
441	64
441	67
441	68
441	69
441	70
441	71
441	78
442	3
442	6
442	7
442	8
442	11
442	12
442	22
442	26
442	27
442	28
442	30
442	31
442	34
442	35
442	36
442	38
442	39
442	40
442	41
442	42
442	43
442	44
442	45
442	47
442	48
442	50
442	52
442	53
442	54
442	55
442	56
442	57
442	58
442	59
442	60
442	62
442	66
442	69
442	71
442	78
443	1
443	2
443	3
443	4
443	5
443	6
443	7
443	8
443	9
443	10
443	11
443	12
443	13
443	14
443	15
443	25
443	26
443	27
443	28
443	30
443	31
443	33
443	34
443	35
443	36
443	37
443	38
443	39
443	40
443	41
443	42
443	43
443	44
443	46
443	47
443	48
443	49
443	50
443	53
443	54
443	55
443	59
443	60
443	61
443	64
443	66
443	67
443	68
443	69
443	70
443	71
443	78
443	82
443	83
443	84
444	3
444	4
444	5
444	6
444	7
444	8
444	11
444	12
444	13
444	14
444	15
444	26
444	28
444	30
444	31
444	32
444	34
444	35
444	36
444	37
444	38
444	39
444	40
444	41
444	42
444	44
444	45
444	46
444	47
444	48
444	49
444	50
444	52
444	53
444	55
444	58
444	59
444	60
444	61
444	62
444	64
444	65
444	66
444	67
444	68
444	69
444	70
444	77
444	78
444	82
444	83
444	87
445	1
445	2
445	3
445	4
445	5
445	6
445	7
445	11
445	12
445	15
445	26
445	27
445	28
445	30
445	31
445	34
445	35
445	36
445	37
445	38
445	39
445	40
445	41
445	43
445	44
445	45
445	46
445	47
445	48
445	49
445	50
445	53
445	54
445	55
445	58
445	59
445	60
445	61
445	64
445	66
445	67
445	68
445	69
445	70
445	78
445	81
445	82
445	83
446	1
446	2
446	3
446	4
446	5
446	6
446	7
446	8
446	9
446	11
446	12
446	13
446	14
446	15
446	25
446	26
446	28
446	30
446	31
446	32
446	33
446	34
446	35
446	36
446	37
446	38
446	39
446	40
446	41
446	42
446	43
446	44
446	45
446	46
446	47
446	48
446	49
446	50
446	52
446	53
446	54
446	55
446	57
446	59
446	60
446	61
446	62
446	64
446	65
446	66
446	67
446	68
446	69
446	71
446	73
446	74
446	75
446	77
446	78
446	80
447	1
447	2
447	3
447	4
447	5
447	6
447	7
447	8
447	11
447	13
447	15
447	26
447	27
447	28
447	29
447	30
447	33
447	34
447	35
447	36
447	39
447	40
447	41
447	42
447	48
447	50
447	53
447	59
447	65
447	69
447	73
448	1
448	2
448	3
448	4
448	6
448	7
448	8
448	9
448	11
448	12
448	13
448	14
448	15
448	26
448	27
448	28
448	29
448	30
448	31
448	32
448	33
448	34
448	35
448	36
448	37
448	38
448	39
448	40
448	41
448	42
448	44
448	45
448	48
448	49
448	50
448	52
448	53
448	54
448	55
448	56
448	57
448	59
448	60
448	61
448	62
448	64
448	67
448	68
448	69
448	71
448	78
448	81
448	83
449	1
449	2
449	3
449	4
449	5
449	6
449	7
449	8
449	9
449	10
449	11
449	12
449	13
449	14
449	15
449	25
449	26
449	27
449	28
449	29
449	30
449	31
449	32
449	33
449	34
449	35
449	36
449	37
449	38
449	39
449	40
449	41
449	42
449	43
449	44
449	45
449	46
449	47
449	48
449	49
449	50
449	52
449	53
449	54
449	55
449	56
449	57
449	58
449	59
449	60
449	61
449	62
449	64
449	65
449	66
449	67
449	68
449	69
449	70
449	73
449	74
449	77
449	78
449	86
450	1
450	2
450	3
450	5
450	8
450	11
450	12
450	13
450	14
450	15
450	26
450	27
450	30
450	31
450	33
450	34
450	35
450	36
450	37
450	38
450	39
450	40
450	41
450	43
450	45
450	46
450	48
450	49
450	50
450	52
450	53
450	54
450	55
450	56
450	57
450	64
450	65
450	67
450	68
450	73
450	79
450	81
450	82
450	83
450	86
451	1
451	3
451	4
451	5
451	6
451	7
451	8
451	9
451	10
451	11
451	12
451	13
451	14
451	26
451	27
451	28
451	30
451	31
451	32
451	33
451	34
451	35
451	36
451	37
451	38
451	39
451	40
451	41
451	42
451	43
451	44
451	45
451	46
451	47
451	48
451	49
451	50
451	55
451	59
451	60
451	61
451	62
451	64
451	67
451	69
451	70
451	81
451	82
451	83
452	1
452	3
452	4
452	5
452	6
452	7
452	8
452	9
452	10
452	11
452	12
452	13
452	14
452	15
452	26
452	27
452	28
452	29
452	30
452	31
452	32
452	33
452	34
452	35
452	36
452	37
452	39
452	40
452	41
452	42
452	43
452	44
452	45
452	46
452	47
452	48
452	49
452	50
452	53
452	59
452	60
453	1
453	2
453	3
453	5
453	6
453	8
453	9
453	11
453	12
453	13
453	14
453	15
453	25
453	26
453	27
453	28
453	30
453	31
453	32
453	33
453	34
453	35
453	36
453	37
453	38
453	39
453	40
453	41
453	42
453	43
453	44
453	45
453	46
453	47
453	48
453	49
453	50
453	51
453	52
453	53
453	54
453	55
453	56
453	58
453	59
453	60
453	61
453	62
453	63
453	64
453	65
453	66
453	67
453	68
453	70
453	71
453	73
453	74
453	75
453	76
453	77
453	78
453	79
453	84
454	3
454	8
454	9
454	14
454	28
454	29
454	30
454	31
454	35
454	37
454	48
454	59
454	60
454	67
454	69
455	1
455	2
455	3
455	4
455	5
455	6
455	7
455	8
455	9
455	10
455	11
455	12
455	13
455	14
455	15
455	25
455	26
455	28
455	29
455	30
455	31
455	32
455	34
455	35
455	36
455	37
455	38
455	39
455	40
455	41
455	42
455	43
455	44
455	45
455	46
455	47
455	48
455	49
455	50
455	52
455	53
455	54
455	55
455	56
455	57
455	58
455	59
455	60
455	61
455	62
455	64
455	65
455	66
455	67
455	68
455	69
455	70
455	71
455	76
455	78
455	80
456	1
456	3
456	5
456	6
456	7
456	8
456	9
456	10
456	11
456	12
456	13
456	15
456	26
456	27
456	28
456	29
456	30
456	31
456	32
456	33
456	34
456	35
456	36
456	38
456	39
456	40
456	41
456	43
456	44
456	45
456	46
456	47
456	48
456	49
456	50
456	51
456	52
456	53
456	54
456	56
456	58
456	59
456	60
456	61
456	62
456	63
456	64
456	65
456	66
456	68
456	69
456	70
456	71
456	73
456	77
456	80
457	1
457	2
457	3
457	4
457	5
457	6
457	7
457	8
457	9
457	10
457	11
457	12
457	13
457	14
457	15
457	26
457	27
457	28
457	29
457	30
457	31
457	32
457	33
457	34
457	35
457	36
457	37
457	38
457	39
457	40
457	41
457	42
457	43
457	44
457	45
457	46
457	47
457	48
457	49
457	50
457	52
457	53
457	54
457	55
457	57
457	59
457	60
457	61
457	62
457	64
457	66
457	67
457	68
457	69
457	70
457	71
457	73
457	74
457	75
457	78
457	79
457	80
458	1
458	6
458	7
458	8
458	9
458	10
458	11
458	13
458	15
458	26
458	27
458	28
458	29
458	30
458	31
458	32
458	33
458	34
458	36
458	37
458	38
458	47
458	48
458	70
458	71
459	1
459	2
459	3
459	4
459	5
459	6
459	7
459	8
459	9
459	11
459	12
459	13
459	14
459	15
459	26
459	27
459	28
459	29
459	30
459	31
459	32
459	33
459	34
459	35
459	36
459	37
459	38
459	39
459	40
459	41
459	42
459	44
459	45
459	46
459	48
459	49
459	50
459	52
459	53
459	54
459	55
459	57
459	58
459	59
459	60
459	61
459	64
459	70
459	82
460	1
460	2
460	3
460	4
460	5
460	6
460	7
460	8
460	11
460	12
460	13
460	26
460	27
460	30
460	31
460	34
460	35
460	36
460	37
460	38
460	46
460	47
460	49
460	59
460	62
460	64
460	69
460	70
460	77
460	81
460	83
461	5
461	11
461	12
461	13
461	26
461	27
461	28
461	29
461	30
461	35
461	55
461	58
461	59
461	60
461	69
461	81
462	1
462	2
462	3
462	5
462	6
462	7
462	8
462	9
462	11
462	12
462	13
462	14
462	15
462	26
462	27
462	28
462	29
462	30
462	31
462	32
462	33
462	34
462	35
462	36
462	37
462	38
462	39
462	40
462	41
462	42
462	43
462	44
462	45
462	46
462	47
462	48
462	49
462	50
462	52
462	53
462	54
462	55
462	56
462	57
462	59
462	60
462	61
462	62
462	64
462	65
462	67
462	68
462	70
462	71
462	72
462	80
462	81
462	82
462	83
462	84
463	2
463	3
463	5
463	6
463	8
463	11
463	12
463	13
463	15
463	26
463	27
463	28
463	30
463	31
463	33
463	34
463	35
463	36
463	38
463	39
463	40
463	41
463	42
463	43
463	44
463	45
463	46
463	47
463	48
463	49
463	50
463	52
463	53
463	54
463	55
463	56
463	57
463	58
463	59
463	61
463	62
463	64
463	65
463	66
463	67
463	68
463	69
463	70
463	71
463	72
463	73
463	76
463	77
463	78
463	82
463	84
463	86
463	87
463	88
464	1
464	2
464	3
464	4
464	5
464	6
464	8
464	9
464	11
464	12
464	13
464	14
464	15
464	26
464	27
464	28
464	29
464	30
464	32
464	33
464	34
464	35
464	37
464	38
464	39
464	40
464	41
464	42
464	46
464	48
464	49
464	53
464	61
464	64
464	67
464	68
464	69
464	70
464	71
464	81
464	83
464	84
465	1
465	2
465	3
465	4
465	5
465	6
465	7
465	8
465	9
465	10
465	12
465	13
465	14
465	26
465	27
465	31
465	32
465	34
465	35
465	36
465	37
465	59
465	78
466	1
466	2
466	3
466	4
466	5
466	6
466	7
466	8
466	9
466	10
466	11
466	12
466	13
466	14
466	15
466	25
466	26
466	27
466	28
466	29
466	30
466	31
466	32
466	33
466	34
466	35
466	36
466	37
466	38
466	39
466	40
466	41
466	42
466	43
466	44
466	45
466	46
466	47
466	48
466	49
466	50
466	52
466	53
466	54
466	55
466	56
466	58
466	59
466	60
466	61
466	62
466	64
466	65
466	66
466	67
466	68
466	69
466	70
466	71
466	72
466	73
466	74
466	76
466	78
466	79
466	81
466	82
466	83
466	84
466	86
466	87
467	1
467	3
467	4
467	5
467	6
467	7
467	8
467	9
467	10
467	12
467	13
467	14
467	15
467	26
467	28
467	30
467	31
467	32
467	34
467	35
467	36
467	38
467	39
467	40
467	44
467	45
467	48
467	49
467	50
467	52
467	53
467	55
467	57
467	58
467	59
467	60
467	62
467	64
467	66
467	67
467	78
467	81
467	82
468	1
468	3
468	4
468	5
468	6
468	7
468	8
468	11
468	12
468	15
468	28
468	30
468	31
468	33
468	34
468	35
468	36
468	37
468	38
468	39
468	40
468	41
468	42
468	44
468	46
468	47
468	48
468	49
468	50
468	53
468	55
468	59
468	60
468	61
468	62
468	64
468	66
468	67
468	68
468	69
468	78
468	82
468	83
469	6
469	8
469	13
469	14
469	35
469	36
469	49
469	64
469	67
469	81
469	83
470	1
470	2
470	3
470	4
470	5
470	6
470	7
470	8
470	9
470	11
470	12
470	13
470	14
470	15
470	26
470	27
470	28
470	29
470	30
470	31
470	33
470	34
470	35
470	36
470	37
470	38
470	39
470	40
470	41
470	42
470	43
470	44
470	45
470	46
470	47
470	48
470	49
470	50
470	52
470	53
470	54
470	55
470	56
470	59
470	60
470	61
470	62
470	64
470	67
470	68
470	69
470	70
470	71
470	72
470	73
470	74
470	75
470	77
470	78
470	80
471	1
471	2
471	5
471	6
471	7
471	8
471	9
471	11
471	12
471	13
471	14
471	15
471	26
471	27
471	30
471	31
471	32
471	34
471	35
471	36
471	38
471	39
471	40
471	41
471	42
471	43
471	45
471	46
471	47
471	48
471	49
471	50
471	52
471	53
471	54
471	55
471	56
471	58
471	59
471	62
471	66
471	69
471	73
471	77
471	78
471	82
471	83
472	1
472	2
472	3
472	4
472	5
472	6
472	7
472	8
472	9
472	10
472	11
472	12
472	13
472	14
472	15
472	26
472	27
472	28
472	29
472	30
472	31
472	32
472	33
472	34
472	35
472	36
472	37
472	38
472	39
472	40
472	41
472	42
472	43
472	44
472	45
472	46
472	47
472	48
472	50
472	52
472	53
472	54
472	55
472	56
472	57
472	58
472	61
472	65
472	66
472	69
473	1
473	3
473	5
473	6
473	7
473	8
473	9
473	11
473	12
473	13
473	15
473	26
473	27
473	28
473	29
473	30
473	31
473	33
473	34
473	35
473	36
473	37
473	38
473	39
473	45
473	46
473	48
473	49
473	50
473	52
473	53
473	55
473	56
473	59
473	60
473	61
473	64
473	65
473	69
473	70
473	81
474	1
474	2
474	3
474	5
474	6
474	7
474	8
474	9
474	10
474	11
474	12
474	13
474	14
474	15
474	26
474	27
474	28
474	29
474	30
474	31
474	32
474	33
474	34
474	35
474	36
474	37
474	38
474	39
474	40
474	41
474	43
474	44
474	45
474	46
474	47
474	48
474	50
474	53
474	54
474	55
474	58
474	59
474	60
474	61
474	64
474	66
474	67
474	68
474	69
474	70
474	71
474	72
474	80
474	81
474	83
474	84
475	1
475	2
475	3
475	6
475	7
475	8
475	9
475	11
475	12
475	13
475	14
475	15
475	26
475	27
475	28
475	30
475	31
475	32
475	33
475	34
475	35
475	36
475	37
475	38
475	39
475	41
475	48
475	49
475	55
475	58
475	59
475	60
475	61
475	64
475	67
475	68
475	69
475	70
475	78
475	81
475	82
475	83
476	1
476	2
476	3
476	4
476	11
476	12
476	15
476	28
476	29
476	30
476	31
476	34
476	35
476	36
476	38
476	39
476	40
476	41
476	42
476	43
476	44
476	45
476	46
476	47
476	49
476	50
476	53
476	54
476	55
476	59
476	60
476	61
476	62
476	66
476	69
476	78
477	1
477	2
477	3
477	4
477	5
477	6
477	7
477	8
477	9
477	10
477	11
477	12
477	14
477	15
477	26
477	27
477	28
477	30
477	31
477	32
477	34
477	35
477	36
477	37
477	38
477	39
477	40
477	43
477	44
477	45
477	46
477	47
477	48
477	49
477	50
477	52
477	53
477	54
477	55
477	56
477	57
477	58
477	59
477	60
477	61
477	62
477	64
477	66
477	67
477	68
477	69
477	71
477	76
478	1
478	2
478	3
478	4
478	5
478	6
478	7
478	8
478	10
478	11
478	12
478	13
478	14
478	15
478	27
478	28
478	29
478	30
478	31
478	32
478	33
478	34
478	35
478	36
478	37
478	38
478	39
478	40
478	41
478	42
478	45
478	46
478	47
478	48
478	49
478	50
478	52
478	53
478	54
478	55
478	57
478	59
478	60
478	61
478	64
478	65
478	66
478	67
478	70
478	71
478	72
478	78
478	79
478	83
479	1
479	2
479	3
479	4
479	5
479	6
479	7
479	8
479	11
479	12
479	13
479	14
479	15
479	25
479	26
479	27
479	28
479	30
479	33
479	34
479	35
479	36
479	37
479	38
479	39
479	40
479	41
479	42
479	43
479	44
479	45
479	46
479	47
479	48
479	49
479	50
479	52
479	53
479	54
479	55
479	56
479	57
479	58
479	59
479	60
479	61
479	62
479	64
479	65
479	66
479	67
479	68
479	69
479	70
479	71
479	73
479	74
479	75
479	76
479	78
479	84
479	89
480	1
480	2
480	3
480	5
480	6
480	7
480	8
480	11
480	12
480	13
480	14
480	15
480	22
480	26
480	27
480	28
480	29
480	30
480	31
480	32
480	33
480	34
480	35
480	36
480	37
480	38
480	39
480	40
480	41
480	42
480	43
480	44
480	45
480	46
480	47
480	48
480	49
480	50
480	52
480	53
480	54
480	55
480	56
480	57
480	59
480	60
480	61
480	62
480	64
480	66
480	67
480	73
480	77
480	78
481	6
481	7
481	8
481	11
481	12
481	13
481	15
481	26
481	28
481	30
481	34
481	35
481	36
481	38
481	39
481	40
481	45
481	46
481	49
481	50
481	52
481	53
481	54
481	55
481	56
481	57
481	59
481	60
481	64
481	66
481	67
481	68
481	73
481	77
481	78
481	80
481	81
481	82
481	83
481	89
482	1
482	2
482	3
482	4
482	5
482	6
482	7
482	8
482	9
482	10
482	11
482	12
482	13
482	15
482	26
482	27
482	28
482	30
482	31
482	32
482	34
482	35
482	36
482	37
482	38
482	39
482	40
482	41
482	43
482	44
482	45
482	46
482	47
482	48
482	49
482	50
482	51
482	52
482	53
482	54
482	55
482	56
482	57
482	58
482	59
482	60
482	61
482	62
482	63
482	64
482	65
482	66
482	67
482	68
482	69
482	70
482	72
482	73
482	77
482	78
482	80
482	81
482	82
482	84
483	1
483	2
483	6
483	8
483	9
483	11
483	12
483	13
483	14
483	15
483	26
483	27
483	31
483	32
483	34
483	35
483	36
483	37
483	45
483	46
483	49
483	53
483	54
483	59
483	64
483	66
483	81
483	83
484	1
484	2
484	3
484	4
484	5
484	6
484	7
484	8
484	9
484	10
484	11
484	12
484	13
484	14
484	15
484	25
484	27
484	28
484	29
484	30
484	31
484	32
484	34
484	35
484	36
484	37
484	38
484	39
484	40
484	41
484	42
484	43
484	44
484	45
484	46
484	47
484	48
484	49
484	50
484	53
484	55
484	59
484	60
484	61
484	64
484	67
484	68
484	69
484	70
484	78
484	82
484	83
484	84
485	1
485	2
485	5
485	6
485	7
485	8
485	11
485	12
485	13
485	14
485	15
485	26
485	27
485	28
485	30
485	31
485	32
485	33
485	34
485	35
485	37
485	38
485	39
485	40
485	43
485	45
485	47
485	48
485	52
485	53
485	54
485	55
485	56
485	58
485	59
485	60
485	61
485	64
485	69
485	70
485	71
485	73
485	78
485	79
485	81
485	82
486	1
486	2
486	3
486	4
486	5
486	6
486	7
486	8
486	9
486	10
486	11
486	12
486	13
486	14
486	15
486	26
486	27
486	28
486	29
486	30
486	31
486	32
486	33
486	34
486	35
486	36
486	37
486	38
486	39
486	40
486	41
486	42
486	44
486	45
486	46
486	47
486	48
486	49
486	50
486	52
486	53
486	54
486	55
486	56
486	57
486	58
486	59
486	60
486	61
486	63
486	64
486	65
486	66
486	67
486	68
486	69
486	70
486	71
486	72
486	73
486	76
486	77
486	78
486	80
486	81
486	82
486	83
486	87
487	3
487	8
487	9
487	11
487	12
487	15
487	26
487	27
487	28
487	29
487	30
487	31
487	33
487	34
487	35
487	36
487	37
487	38
487	47
487	48
487	49
487	55
487	58
487	59
487	64
487	67
487	81
487	82
487	83
488	2
488	3
488	5
488	6
488	7
488	8
488	11
488	13
488	14
488	15
488	26
488	27
488	28
488	29
488	30
488	31
488	35
488	36
488	37
488	38
488	46
488	59
488	60
488	61
488	78
489	2
489	3
489	4
489	5
489	6
489	7
489	8
489	9
489	10
489	11
489	12
489	13
489	14
489	15
489	26
489	27
489	28
489	29
489	30
489	31
489	33
489	34
489	35
489	36
489	37
489	38
489	39
489	40
489	41
489	42
489	44
489	45
489	46
489	47
489	48
489	50
489	52
489	53
489	54
489	59
489	60
489	61
489	66
489	69
489	77
490	1
490	2
490	3
490	4
490	5
490	6
490	7
490	8
490	11
490	12
490	13
490	15
490	26
490	27
490	28
490	29
490	30
490	31
490	35
490	36
490	37
490	38
490	39
490	40
490	43
491	1
491	2
491	3
491	4
491	5
491	6
491	7
491	8
491	9
491	11
491	12
491	13
491	14
491	15
491	26
491	27
491	28
491	29
491	30
491	31
491	32
491	33
491	34
491	35
491	37
491	38
491	39
491	40
491	47
491	48
491	49
491	54
491	59
491	60
491	61
491	64
491	67
491	69
491	70
491	71
491	72
491	77
491	82
491	83
492	2
492	3
492	5
492	6
492	7
492	8
492	9
492	10
492	11
492	12
492	13
492	14
492	15
492	28
492	30
492	31
492	32
492	33
492	34
492	35
492	36
492	38
492	39
492	40
492	41
492	44
492	46
492	47
492	48
492	49
492	54
492	55
492	58
492	59
492	60
492	61
492	62
492	64
492	66
492	67
492	68
492	69
492	73
492	74
492	75
492	77
492	78
492	81
492	83
492	84
493	1
493	2
493	3
493	5
493	6
493	7
493	8
493	9
493	10
493	11
493	12
493	13
493	14
493	15
493	26
493	27
493	28
493	29
493	30
493	31
493	32
493	33
493	34
493	35
493	36
493	37
493	38
493	39
493	40
493	41
493	45
493	46
493	48
493	49
493	52
493	53
493	54
493	55
493	56
493	57
493	58
493	59
493	60
493	61
493	64
493	65
493	66
493	67
493	68
493	69
493	71
493	77
493	81
493	82
493	83
493	87
494	1
494	2
494	3
494	4
494	5
494	6
494	7
494	8
494	9
494	11
494	12
494	13
494	14
494	15
494	26
494	27
494	28
494	29
494	30
494	31
494	32
494	33
494	34
494	35
494	36
494	37
494	38
494	39
494	40
494	41
494	43
494	44
494	45
494	46
494	47
494	48
494	49
494	50
494	52
494	53
494	54
494	55
494	56
494	57
494	59
494	60
494	62
494	64
494	67
494	68
494	69
494	70
494	78
495	1
495	2
495	3
495	4
495	5
495	6
495	7
495	8
495	9
495	10
495	11
495	12
495	13
495	14
495	15
495	26
495	27
495	28
495	30
495	31
495	32
495	33
495	34
495	35
495	36
495	37
495	38
495	39
495	40
495	41
495	42
495	43
495	44
495	45
495	46
495	47
495	49
495	50
495	53
495	54
495	59
495	60
495	61
495	64
495	66
495	67
495	68
495	70
495	71
495	77
495	78
495	82
496	1
496	2
496	3
496	5
496	6
496	7
496	8
496	9
496	11
496	12
496	13
496	14
496	15
496	26
496	27
496	28
496	30
496	31
496	32
496	33
496	34
496	35
496	36
496	37
496	38
496	39
496	40
496	41
496	42
496	44
496	45
496	46
496	47
496	48
496	49
496	50
496	52
496	53
496	54
496	55
496	57
496	59
496	60
496	61
496	64
496	66
496	67
496	68
496	69
496	70
496	71
496	73
496	77
496	79
496	81
496	82
496	83
496	84
496	87
497	1
497	2
497	3
497	4
497	5
497	6
497	7
497	8
497	9
497	10
497	11
497	12
497	13
497	14
497	15
497	26
497	27
497	28
497	29
497	30
497	31
497	32
497	33
497	34
497	35
497	36
497	37
497	38
497	45
497	46
497	49
497	52
497	53
497	54
497	55
497	56
497	58
497	59
497	60
497	61
497	64
497	66
497	67
497	68
497	81
497	82
497	83
498	1
498	3
498	4
498	5
498	6
498	7
498	8
498	9
498	10
498	11
498	13
498	15
498	26
498	27
498	28
498	30
498	31
498	32
498	34
498	35
498	36
498	37
498	38
498	39
498	40
498	41
498	43
498	47
498	48
498	49
498	50
498	53
498	59
498	60
498	61
498	64
498	67
498	77
498	78
499	1
499	2
499	3
499	4
499	5
499	6
499	7
499	8
499	9
499	11
499	12
499	13
499	15
499	26
499	28
499	29
499	30
499	32
499	33
499	34
499	35
499	36
499	38
499	39
499	40
499	41
499	42
499	44
499	46
499	49
499	50
499	52
499	54
499	55
499	59
499	60
499	63
499	64
499	67
499	69
499	78
499	80
499	81
499	83
500	1
500	3
500	4
500	6
500	7
500	8
500	9
500	10
500	11
500	12
500	13
500	15
500	26
500	27
500	28
500	30
500	31
500	32
500	33
500	34
500	35
500	36
500	39
500	40
500	41
500	42
500	43
500	44
500	46
500	47
500	48
500	49
500	51
500	58
500	59
500	60
500	61
500	63
500	64
500	65
500	67
500	82
500	83
501	1
501	2
501	3
501	4
501	5
501	6
501	7
501	8
501	11
501	12
501	13
501	14
501	15
501	25
501	26
501	27
501	28
501	30
501	31
501	32
501	33
501	34
501	35
501	36
501	37
501	38
501	39
501	40
501	41
501	43
501	44
501	45
501	46
501	47
501	49
501	50
501	52
501	53
501	54
501	55
501	56
501	58
501	59
501	60
501	61
501	62
501	64
501	66
501	67
501	68
501	69
501	70
501	73
501	74
501	75
501	77
501	86
501	89
502	1
502	2
502	3
502	4
502	5
502	6
502	7
502	8
502	9
502	10
502	11
502	12
502	13
502	14
502	15
502	26
502	27
502	28
502	29
502	30
502	31
502	32
502	35
502	36
502	37
502	38
502	39
502	48
502	52
502	59
502	60
502	61
502	65
502	66
502	69
502	71
502	77
502	78
502	79
503	1
503	2
503	3
503	4
503	5
503	6
503	7
503	8
503	9
503	10
503	11
503	12
503	13
503	14
503	15
503	22
503	26
503	28
503	29
503	30
503	31
503	33
503	34
503	35
503	36
503	37
503	38
503	39
503	40
503	41
503	44
503	46
503	47
503	55
503	59
503	60
503	69
503	78
504	1
504	2
504	3
504	4
504	5
504	6
504	7
504	8
504	9
504	10
504	11
504	12
504	13
504	14
504	15
504	25
504	26
504	27
504	28
504	29
504	30
504	31
504	32
504	34
504	35
504	36
504	37
504	38
504	39
504	40
504	41
504	42
504	43
504	44
504	45
504	46
504	47
504	48
504	49
504	50
504	53
504	54
504	55
504	58
504	59
504	60
504	61
504	62
504	64
504	66
504	67
504	68
504	69
504	70
504	71
504	72
504	73
504	74
504	75
504	77
504	78
505	1
505	2
505	3
505	5
505	6
505	7
505	8
505	9
505	11
505	12
505	13
505	14
505	15
505	26
505	27
505	28
505	30
505	31
505	33
505	34
505	35
505	36
505	37
505	38
505	39
505	40
505	41
505	42
505	43
505	44
505	45
505	46
505	47
505	48
505	49
505	50
505	51
505	52
505	53
505	54
505	55
505	56
505	59
505	60
505	61
505	62
505	63
505	64
505	65
505	66
505	67
505	68
505	69
505	70
505	71
505	73
505	74
505	75
505	76
505	78
505	79
505	81
505	82
505	87
506	1
506	2
506	3
506	4
506	5
506	6
506	7
506	8
506	9
506	11
506	12
506	13
506	14
506	15
506	26
506	27
506	28
506	29
506	30
506	33
506	35
506	36
506	37
506	38
506	39
506	46
506	47
506	48
506	54
506	55
506	59
506	60
506	61
506	64
506	65
506	66
506	67
506	68
506	70
506	71
506	72
507	1
507	2
507	3
507	5
507	6
507	7
507	8
507	9
507	10
507	11
507	12
507	13
507	14
507	15
507	26
507	27
507	28
507	29
507	30
507	31
507	32
507	33
507	34
507	35
507	36
507	37
507	38
507	39
507	40
507	41
507	42
507	43
507	44
507	45
507	46
507	47
507	48
507	49
507	50
507	52
507	53
507	54
507	55
507	56
507	59
507	60
507	61
507	64
507	67
507	68
507	69
507	71
507	81
507	82
508	5
508	6
508	8
508	11
508	12
508	13
508	15
508	26
508	28
508	30
508	33
508	34
508	35
508	36
508	37
508	39
508	40
508	41
508	43
508	44
508	47
508	48
508	49
508	58
508	59
508	60
508	61
508	62
508	63
508	64
508	66
508	67
508	69
508	73
508	76
508	78
509	1
509	2
509	3
509	5
509	6
509	7
509	8
509	11
509	12
509	13
509	14
509	15
509	25
509	26
509	27
509	28
509	30
509	31
509	34
509	35
509	36
509	37
509	38
509	39
509	40
509	41
509	43
509	44
509	45
509	46
509	47
509	48
509	49
509	50
509	52
509	53
509	54
509	55
509	56
509	57
509	58
509	59
509	60
509	61
509	62
509	64
509	66
509	67
509	68
509	69
509	70
509	71
509	78
509	80
510	3
510	11
510	13
510	15
510	22
510	26
510	34
510	36
510	38
510	39
510	40
510	41
510	42
510	43
510	44
510	45
510	46
510	47
510	48
510	49
510	50
510	53
510	56
510	59
510	78
511	1
511	2
511	3
511	4
511	5
511	6
511	7
511	8
511	9
511	10
511	11
511	12
511	13
511	14
511	15
511	26
511	27
511	28
511	29
511	30
511	31
511	32
511	33
511	34
511	35
511	36
511	37
511	38
511	39
511	40
511	41
511	43
511	45
511	46
511	47
511	48
511	49
511	55
511	59
511	60
511	64
511	67
511	68
511	82
511	83
512	1
512	2
512	3
512	5
512	6
512	7
512	8
512	9
512	11
512	12
512	13
512	14
512	15
512	26
512	27
512	28
512	29
512	30
512	31
512	32
512	33
512	34
512	35
512	36
512	37
512	38
512	39
512	40
512	41
512	43
512	44
512	45
512	46
512	47
512	49
512	50
512	52
512	53
512	54
512	55
512	56
512	57
512	58
512	59
512	60
512	61
512	62
512	64
512	66
512	67
512	68
512	69
512	73
512	78
512	79
513	1
513	2
513	3
513	5
513	6
513	7
513	8
513	9
513	11
513	12
513	13
513	15
513	26
513	27
513	28
513	29
513	30
513	31
513	32
513	33
513	34
513	35
513	36
513	37
513	38
513	40
513	41
513	42
513	44
513	53
513	59
513	60
513	61
513	69
513	70
513	77
513	84
513	87
514	1
514	2
514	3
514	4
514	5
514	6
514	7
514	8
514	11
514	12
514	13
514	14
514	15
514	26
514	27
514	28
514	30
514	31
514	32
514	34
514	35
514	36
514	37
514	38
514	39
514	40
514	41
514	42
514	43
514	44
514	45
514	46
514	47
514	48
514	49
514	50
514	52
514	53
514	54
514	55
514	57
514	59
514	60
514	61
514	62
514	64
514	66
514	67
514	68
514	69
514	70
514	71
514	72
514	73
514	74
514	77
514	78
514	84
514	88
515	1
515	2
515	3
515	4
515	5
515	6
515	7
515	8
515	9
515	10
515	11
515	12
515	13
515	14
515	15
515	22
515	26
515	27
515	28
515	29
515	30
515	31
515	32
515	33
515	34
515	35
515	36
515	37
515	38
515	39
515	40
515	41
515	42
515	43
515	44
515	45
515	46
515	47
515	48
515	49
515	50
515	52
515	53
515	54
515	55
515	56
515	57
515	58
515	59
515	60
515	61
515	62
515	64
515	66
515	67
515	68
515	69
515	71
515	73
515	74
515	75
515	77
515	78
515	80
516	1
516	2
516	3
516	5
516	6
516	7
516	8
516	11
516	12
516	13
516	14
516	15
516	26
516	27
516	28
516	30
516	31
516	32
516	33
516	34
516	35
516	36
516	37
516	38
516	39
516	40
516	41
516	43
516	44
516	45
516	46
516	47
516	48
516	49
516	50
516	52
516	53
516	54
516	55
516	56
516	57
516	58
516	59
516	60
516	61
516	62
516	64
516	66
516	67
516	68
516	69
516	71
516	73
517	1
517	2
517	3
517	5
517	6
517	7
517	8
517	9
517	10
517	11
517	12
517	13
517	14
517	15
517	25
517	26
517	27
517	28
517	29
517	30
517	32
517	33
517	34
517	35
517	36
517	37
517	38
517	39
517	40
517	41
517	43
517	44
517	45
517	46
517	47
517	48
517	49
517	50
517	52
517	53
517	54
517	55
517	56
517	57
517	58
517	59
517	60
517	61
517	64
517	66
517	67
517	68
517	69
517	70
517	71
517	72
517	73
517	78
517	79
517	82
517	83
517	86
518	1
518	2
518	3
518	4
518	5
518	6
518	8
518	9
518	11
518	12
518	13
518	15
518	26
518	27
518	28
518	29
518	30
518	31
518	32
518	34
518	35
518	36
518	37
518	38
518	39
518	40
518	41
518	42
518	43
518	44
518	45
518	46
518	47
518	48
518	49
518	50
518	52
518	53
518	54
518	55
518	56
518	57
518	58
518	59
518	60
518	61
518	64
518	66
518	67
518	68
518	69
518	70
518	71
518	78
518	79
519	3
519	5
519	6
519	8
519	11
519	12
519	13
519	15
519	28
519	29
519	30
519	31
519	34
519	35
519	36
519	37
519	38
519	39
519	40
519	41
519	45
519	50
519	52
519	53
519	59
519	60
519	61
519	62
519	65
519	66
520	1
520	3
520	5
520	6
520	8
520	9
520	11
520	12
520	14
520	15
520	26
520	27
520	28
520	29
520	30
520	32
520	34
520	35
520	36
520	37
520	38
520	39
520	40
520	41
520	43
520	44
520	45
520	46
520	47
520	48
520	49
520	50
520	52
520	53
520	55
520	56
520	59
520	60
520	61
520	64
520	67
520	68
520	69
520	70
520	71
520	78
520	81
520	82
520	83
520	87
521	1
521	2
521	3
521	4
521	5
521	6
521	7
521	8
521	9
521	10
521	11
521	12
521	13
521	14
521	15
521	26
521	27
521	28
521	30
521	31
521	32
521	33
521	34
521	35
521	36
521	38
521	39
521	41
521	43
521	46
521	47
521	48
521	50
521	53
521	54
521	55
521	56
521	58
521	59
521	60
521	61
521	64
521	66
521	69
521	77
521	81
521	82
521	88
522	1
522	3
522	5
522	6
522	7
522	8
522	9
522	10
522	11
522	12
522	13
522	14
522	26
522	28
522	29
522	30
522	31
522	32
522	33
522	34
522	35
522	36
522	38
522	39
522	45
522	50
522	52
522	54
522	55
522	57
522	59
522	60
522	61
522	66
522	68
522	69
522	70
522	78
523	1
523	2
523	3
523	4
523	5
523	6
523	7
523	8
523	9
523	10
523	11
523	12
523	13
523	14
523	15
523	25
523	26
523	27
523	28
523	29
523	30
523	31
523	32
523	33
523	34
523	35
523	36
523	37
523	38
523	39
523	40
523	41
523	43
523	46
523	47
523	48
523	49
523	53
523	55
523	58
523	61
523	64
523	67
523	68
523	69
523	77
523	82
524	1
524	2
524	3
524	4
524	5
524	6
524	7
524	8
524	9
524	10
524	11
524	12
524	13
524	14
524	15
524	26
524	28
524	29
524	30
524	31
524	32
524	33
524	34
524	35
524	36
524	37
524	38
524	39
524	40
524	41
524	42
524	43
524	44
524	45
524	46
524	47
524	48
524	49
524	50
524	52
524	53
524	54
524	55
524	56
524	57
524	59
524	60
524	61
524	62
524	64
524	66
524	67
524	68
524	69
524	70
524	71
524	72
524	73
524	78
524	84
524	88
525	25
525	26
525	28
525	35
525	39
525	44
525	45
525	47
525	49
525	52
525	55
525	59
525	60
525	62
525	64
525	66
525	67
525	68
525	73
525	78
525	79
525	81
525	82
525	83
525	86
526	1
526	2
526	3
526	4
526	6
526	7
526	8
526	9
526	10
526	11
526	12
526	13
526	14
526	15
526	26
526	27
526	28
526	29
526	30
526	31
526	32
526	34
526	35
526	36
526	37
526	38
526	39
526	40
526	41
526	43
526	44
526	45
526	46
526	47
526	48
526	49
526	50
526	52
526	53
526	54
526	55
526	56
526	57
526	61
526	64
526	66
526	67
526	69
526	70
526	71
526	82
526	83
527	1
527	2
527	3
527	4
527	5
527	6
527	7
527	8
527	9
527	10
527	11
527	12
527	13
527	14
527	15
527	26
527	28
527	30
527	31
527	32
527	33
527	34
527	35
527	36
527	37
527	38
527	39
527	40
527	41
527	42
527	43
527	44
527	46
527	47
527	48
527	49
527	50
527	53
527	55
527	58
527	59
527	60
527	61
527	64
527	66
527	67
527	68
527	69
527	77
527	78
528	1
528	2
528	3
528	5
528	6
528	7
528	8
528	9
528	10
528	11
528	12
528	13
528	14
528	15
528	26
528	27
528	28
528	31
528	34
528	35
528	36
528	38
528	39
528	40
528	41
528	43
528	44
528	46
528	47
528	48
528	49
528	50
528	53
528	55
528	59
528	60
528	61
528	64
528	67
528	68
528	69
528	78
528	81
528	82
528	83
529	2
529	3
529	4
529	6
529	7
529	8
529	11
529	12
529	14
529	15
529	26
529	27
529	28
529	31
529	34
529	35
529	36
529	37
529	38
529	39
529	40
529	41
529	48
529	49
529	50
529	53
529	55
529	56
529	59
529	60
529	61
529	64
529	66
529	78
529	79
529	82
529	83
530	1
530	2
530	3
530	4
530	5
530	6
530	7
530	8
530	9
530	10
530	11
530	12
530	13
530	14
530	15
530	25
530	26
530	27
530	28
530	30
530	31
530	32
530	33
530	34
530	35
530	36
530	37
530	38
530	39
530	40
530	41
530	42
530	43
530	44
530	45
530	46
530	47
530	48
530	49
530	50
530	52
530	53
530	54
530	55
530	56
530	57
530	58
530	59
530	60
530	61
530	62
530	64
530	65
530	66
530	67
530	68
530	69
530	70
530	71
530	73
530	74
530	75
530	76
530	78
530	88
531	1
531	2
531	3
531	4
531	5
531	8
531	9
531	10
531	11
531	12
531	13
531	14
531	15
531	26
531	27
531	28
531	29
531	30
531	31
531	32
531	34
531	35
531	36
531	37
531	38
531	39
531	40
531	41
531	45
531	46
531	48
531	49
531	50
531	52
531	53
531	54
531	56
531	57
531	58
531	59
531	60
531	61
531	62
531	64
531	65
531	66
531	67
531	68
531	69
531	70
531	71
531	77
531	81
531	82
531	83
532	1
532	2
532	3
532	4
532	5
532	6
532	8
532	9
532	10
532	11
532	12
532	13
532	14
532	15
532	26
532	27
532	28
532	29
532	30
532	31
532	33
532	34
532	35
532	36
532	37
532	38
532	39
532	40
532	41
532	42
532	43
532	44
532	45
532	46
532	47
532	48
532	50
532	54
532	55
532	58
532	59
532	60
532	69
532	70
532	78
533	1
533	2
533	3
533	4
533	5
533	6
533	7
533	8
533	9
533	11
533	12
533	13
533	14
533	15
533	25
533	26
533	27
533	28
533	29
533	31
533	33
533	34
533	35
533	36
533	37
533	38
533	39
533	40
533	41
533	45
533	46
533	48
533	49
533	50
533	52
533	54
533	55
533	56
533	57
533	59
533	60
533	61
533	63
533	64
533	65
533	66
533	67
533	68
533	70
533	73
533	77
533	78
533	79
533	83
533	86
534	1
534	2
534	3
534	4
534	5
534	6
534	7
534	8
534	9
534	10
534	11
534	12
534	13
534	14
534	26
534	27
534	28
534	29
534	30
534	31
534	32
534	34
534	35
534	36
534	37
534	39
534	40
534	44
534	45
534	46
534	47
534	48
534	49
534	54
534	57
534	59
534	64
534	65
534	66
534	67
534	69
534	81
534	82
534	83
535	1
535	3
535	6
535	7
535	8
535	11
535	12
535	13
535	14
535	15
535	25
535	26
535	27
535	28
535	30
535	31
535	32
535	34
535	35
535	36
535	39
535	40
535	41
535	45
535	48
535	50
535	52
535	53
535	54
535	55
535	57
535	59
535	60
535	64
535	80
536	1
536	2
536	3
536	5
536	6
536	8
536	9
536	10
536	11
536	12
536	13
536	14
536	15
536	26
536	27
536	28
536	30
536	31
536	32
536	34
536	35
536	36
536	37
536	38
536	39
536	40
536	41
536	43
536	44
536	45
536	46
536	47
536	48
536	49
536	50
536	52
536	53
536	54
536	55
536	56
536	57
536	59
536	60
536	61
536	64
536	65
536	67
536	68
536	69
536	70
536	71
536	76
537	1
537	3
537	4
537	5
537	6
537	7
537	8
537	9
537	10
537	11
537	12
537	13
537	28
537	29
537	30
537	31
537	32
537	33
537	35
537	59
537	60
537	64
537	67
537	78
538	1
538	2
538	3
538	4
538	5
538	6
538	7
538	8
538	9
538	10
538	11
538	12
538	13
538	14
538	15
538	26
538	27
538	28
538	30
538	31
538	32
538	33
538	34
538	35
538	36
538	37
538	38
538	39
538	40
538	41
538	42
538	43
538	44
538	45
538	46
538	47
538	48
538	49
538	50
538	52
538	53
538	54
538	55
538	56
538	57
538	59
538	60
538	62
538	64
538	66
538	67
538	69
538	73
538	74
538	75
538	77
538	78
539	1
539	2
539	3
539	4
539	5
539	6
539	7
539	8
539	9
539	10
539	11
539	12
539	13
539	14
539	15
539	25
539	26
539	27
539	28
539	30
539	31
539	32
539	33
539	34
539	35
539	36
539	37
539	38
539	39
539	40
539	41
539	42
539	43
539	44
539	45
539	46
539	47
539	48
539	49
539	50
539	52
539	53
539	54
539	55
539	56
539	57
539	59
539	60
539	61
539	62
539	63
539	64
539	65
539	66
539	67
539	68
539	69
539	70
539	71
539	72
539	73
539	74
539	76
539	78
539	79
539	80
539	81
539	82
539	84
539	87
539	89
540	3
540	4
540	5
540	6
540	7
540	8
540	11
540	12
540	15
540	26
540	27
540	28
540	29
540	30
540	33
540	34
540	35
540	36
540	38
540	39
540	40
540	41
540	43
540	44
540	45
540	46
540	47
540	48
540	50
540	52
540	53
540	54
540	56
540	57
540	59
540	60
540	61
540	64
540	66
540	67
540	69
540	70
540	71
540	78
541	1
541	2
541	3
541	4
541	5
541	6
541	8
541	9
541	10
541	11
541	12
541	13
541	14
541	15
541	26
541	27
541	28
541	29
541	30
541	31
541	32
541	33
541	34
541	35
541	36
541	37
541	38
541	39
541	40
541	41
541	42
541	43
541	44
541	45
541	46
541	47
541	48
541	49
541	50
541	52
541	53
541	54
541	55
541	58
541	59
541	60
541	61
541	64
541	65
541	67
541	68
541	69
541	70
541	71
541	72
541	77
541	78
541	81
541	82
541	83
541	87
542	1
542	2
542	3
542	4
542	5
542	6
542	7
542	8
542	9
542	10
542	11
542	12
542	13
542	14
542	15
542	26
542	27
542	28
542	30
542	31
542	32
542	34
542	35
542	36
542	37
542	38
542	39
542	40
542	41
542	42
542	44
542	45
542	46
542	47
542	48
542	49
542	50
542	52
542	53
542	54
542	55
542	56
542	57
542	59
542	60
542	61
542	63
542	64
542	65
542	66
542	67
542	68
542	69
542	70
542	71
542	73
542	76
542	77
542	78
542	79
542	80
542	81
542	82
542	83
542	84
542	87
542	89
543	1
543	2
543	3
543	4
543	5
543	6
543	7
543	8
543	9
543	10
543	11
543	12
543	13
543	14
543	15
543	26
543	27
543	28
543	29
543	30
543	31
543	32
543	33
543	34
543	35
543	36
543	37
543	39
543	40
543	46
543	49
543	54
543	55
543	56
543	58
543	59
543	60
543	62
543	64
543	67
543	68
543	69
543	78
543	81
543	82
543	83
544	1
544	2
544	5
544	6
544	7
544	8
544	11
544	12
544	13
544	14
544	15
544	26
544	27
544	28
544	29
544	30
544	31
544	35
544	36
544	37
544	38
544	48
544	53
544	59
544	60
544	61
544	69
544	70
544	78
544	84
545	1
545	2
545	3
545	5
545	6
545	7
545	8
545	12
545	13
545	14
545	15
545	26
545	27
545	28
545	30
545	31
545	34
545	35
545	37
545	39
545	40
545	41
545	43
545	45
545	46
545	47
545	49
545	50
545	53
545	54
545	61
545	64
545	67
545	68
545	69
545	77
546	1
546	3
546	5
546	6
546	7
546	8
546	9
546	10
546	11
546	12
546	13
546	14
546	15
546	26
546	27
546	28
546	30
546	31
546	32
546	33
546	34
546	35
546	37
546	38
546	39
546	40
546	41
546	42
546	47
546	49
546	55
546	59
546	60
546	64
546	65
546	67
546	68
546	78
546	81
546	82
546	83
547	2
547	3
547	4
547	5
547	6
547	7
547	8
547	9
547	10
547	11
547	12
547	13
547	14
547	15
547	26
547	27
547	28
547	30
547	31
547	34
547	35
547	36
547	37
547	38
547	44
547	45
547	46
547	47
547	48
547	49
547	50
547	52
547	53
547	54
547	55
547	56
547	57
547	58
547	59
547	60
547	61
547	62
547	64
547	66
547	67
547	68
547	69
547	70
547	73
547	74
547	75
547	78
547	80
547	81
547	82
547	87
548	1
548	2
548	3
548	4
548	5
548	6
548	7
548	8
548	9
548	11
548	12
548	13
548	14
548	15
548	26
548	27
548	28
548	29
548	30
548	31
548	32
548	33
548	34
548	35
548	36
548	37
548	38
548	39
548	40
548	43
548	45
548	48
548	50
548	52
548	53
548	55
548	56
548	57
548	61
548	64
548	66
548	69
548	77
549	8
549	12
549	13
549	15
549	26
549	28
549	30
549	31
549	32
549	34
549	35
549	36
549	38
549	40
549	43
549	44
549	55
549	59
549	66
549	82
549	83
550	1
550	2
550	3
550	4
550	5
550	6
550	7
550	8
550	9
550	11
550	12
550	13
550	14
550	15
550	25
550	26
550	27
550	28
550	29
550	30
550	31
550	32
550	33
550	34
550	35
550	36
550	37
550	38
550	39
550	40
550	41
550	42
550	44
550	45
550	46
550	48
550	50
550	52
550	53
550	54
550	55
550	56
550	57
550	58
550	59
550	60
550	61
550	64
550	65
550	66
550	67
550	69
550	73
550	77
550	78
550	83
550	86
550	87
551	1
551	2
551	3
551	5
551	6
551	7
551	8
551	9
551	10
551	11
551	12
551	13
551	14
551	15
551	26
551	27
551	28
551	29
551	30
551	31
551	32
551	33
551	34
551	35
551	36
551	37
551	38
551	39
551	40
551	41
551	44
551	45
551	48
551	49
551	50
551	52
551	53
551	54
551	55
551	56
551	58
551	59
551	61
551	62
551	64
551	67
551	68
551	69
551	73
551	74
551	78
551	80
551	81
551	82
551	83
552	1
552	2
552	3
552	4
552	6
552	7
552	8
552	9
552	11
552	12
552	13
552	14
552	15
552	26
552	27
552	28
552	29
552	30
552	31
552	32
552	34
552	35
552	36
552	38
552	39
552	40
552	41
552	42
552	43
552	45
552	46
552	49
552	59
552	61
552	64
552	66
552	67
552	68
552	69
552	77
553	1
553	3
553	4
553	5
553	8
553	9
553	10
553	11
553	14
553	15
553	28
553	31
553	34
553	35
553	36
553	37
553	50
553	52
553	53
553	56
553	59
553	60
553	62
553	69
553	80
554	1
554	3
554	5
554	6
554	11
554	12
554	14
554	22
554	26
554	27
554	28
554	30
554	31
554	32
554	34
554	36
554	39
554	40
554	41
554	42
554	44
554	45
554	50
554	53
554	54
554	57
554	59
554	62
554	64
554	67
554	80
555	1
555	2
555	3
555	4
555	8
555	11
555	12
555	15
555	28
555	29
555	30
555	31
555	32
555	34
555	35
555	36
555	38
555	39
555	40
555	41
555	42
555	43
555	44
555	45
555	46
555	47
555	48
555	54
555	55
555	59
555	60
555	61
555	62
555	66
555	78
555	84
556	8
556	11
556	15
556	34
556	35
556	36
556	38
556	45
556	48
556	81
556	82
557	2
557	6
557	12
557	28
557	30
557	35
557	37
557	38
557	47
557	48
557	49
557	55
557	59
557	60
557	61
557	64
557	67
557	68
557	70
557	71
557	72
557	78
557	81
557	82
557	83
558	1
558	3
558	4
558	5
558	6
558	7
558	8
558	9
558	10
558	11
558	12
558	13
558	14
558	15
558	25
558	26
558	27
558	28
558	29
558	30
558	33
558	34
558	35
558	36
558	37
558	38
558	39
558	40
558	41
558	42
558	43
558	44
558	45
558	46
558	47
558	48
558	49
558	50
558	53
558	56
558	59
558	60
558	64
558	67
558	78
559	1
559	2
559	3
559	4
559	5
559	6
559	7
559	8
559	9
559	10
559	11
559	12
559	13
559	14
559	15
559	26
559	27
559	28
559	29
559	30
559	31
559	32
559	33
559	34
559	35
559	36
559	37
559	38
559	39
559	40
559	41
559	43
559	44
559	46
559	47
559	49
559	52
559	55
559	59
559	60
559	61
559	65
559	66
559	69
559	73
559	77
559	78
559	87
560	1
560	2
560	3
560	4
560	5
560	6
560	7
560	8
560	9
560	10
560	11
560	12
560	13
560	14
560	15
560	26
560	27
560	28
560	29
560	30
560	31
560	32
560	33
560	34
560	35
560	36
560	38
560	39
560	40
560	41
560	42
560	45
560	46
560	48
560	49
560	52
560	53
560	54
560	56
560	58
560	59
560	60
560	64
560	66
560	67
560	69
560	78
560	81
560	82
560	83
560	87
560	88
561	1
561	2
561	3
561	5
561	6
561	7
561	8
561	9
561	10
561	11
561	12
561	13
561	14
561	15
561	22
561	25
561	26
561	27
561	28
561	29
561	30
561	31
561	32
561	33
561	34
561	35
561	36
561	37
561	38
561	39
561	40
561	41
561	42
561	43
561	44
561	45
561	46
561	47
561	48
561	49
561	50
561	52
561	53
561	54
561	55
561	56
561	57
561	58
561	59
561	61
561	62
561	64
561	66
561	67
561	68
561	69
561	71
561	73
561	77
562	1
562	2
562	3
562	6
562	7
562	8
562	9
562	12
562	15
562	26
562	28
562	30
562	31
562	32
562	34
562	36
562	38
562	39
562	40
562	41
562	42
562	43
562	44
562	46
562	47
562	50
562	53
562	55
562	58
562	59
562	60
562	62
562	64
562	78
563	1
563	2
563	3
563	5
563	6
563	8
563	9
563	11
563	12
563	13
563	14
563	15
563	26
563	27
563	28
563	29
563	30
563	31
563	32
563	33
563	34
563	35
563	36
563	37
563	38
563	39
563	40
563	41
563	42
563	43
563	44
563	45
563	46
563	47
563	48
563	49
563	50
563	52
563	53
563	54
563	55
563	56
563	57
563	59
563	60
563	61
563	62
563	64
563	65
563	66
563	67
563	68
563	69
563	70
563	71
563	72
563	73
563	74
563	76
563	78
563	79
563	81
563	82
563	83
563	86
563	87
564	1
564	2
564	3
564	4
564	5
564	6
564	8
564	11
564	12
564	13
564	14
564	15
564	26
564	28
564	30
564	31
564	34
564	35
564	36
564	37
564	38
564	39
564	41
564	46
564	48
564	49
564	52
564	53
564	54
564	55
564	58
564	59
564	60
564	61
564	64
564	65
564	66
564	67
564	68
564	70
564	71
564	72
564	78
564	81
564	83
564	84
565	2
565	3
565	4
565	5
565	6
565	7
565	8
565	9
565	11
565	12
565	13
565	14
565	15
565	26
565	27
565	28
565	29
565	30
565	31
565	32
565	33
565	34
565	35
565	36
565	37
565	38
565	39
565	43
565	46
565	48
565	53
565	59
565	60
565	61
565	69
565	70
565	77
566	1
566	2
566	3
566	4
566	5
566	6
566	7
566	8
566	9
566	11
566	12
566	15
566	25
566	26
566	28
566	29
566	30
566	31
566	32
566	33
566	34
566	35
566	36
566	37
566	38
566	39
566	40
566	41
566	43
566	44
566	45
566	46
566	47
566	48
566	49
566	50
566	52
566	53
566	54
566	55
566	56
566	57
566	58
566	59
566	60
566	61
566	64
566	66
566	67
566	68
566	70
566	71
566	78
567	1
567	2
567	3
567	4
567	5
567	6
567	7
567	8
567	9
567	10
567	11
567	12
567	13
567	14
567	15
567	26
567	27
567	28
567	29
567	30
567	31
567	32
567	34
567	35
567	36
567	38
567	39
567	40
567	41
567	42
567	43
567	44
567	47
567	49
567	50
567	51
567	55
567	58
567	59
567	60
567	61
567	62
567	63
567	64
567	65
567	66
567	67
567	69
567	73
567	78
567	82
568	1
568	2
568	3
568	4
568	5
568	6
568	8
568	9
568	10
568	11
568	12
568	13
568	14
568	15
568	26
568	27
568	28
568	30
568	31
568	32
568	33
568	34
568	35
568	36
568	37
568	38
568	39
568	40
568	41
568	42
568	43
568	44
568	45
568	46
568	47
568	48
568	49
568	50
568	52
568	53
568	54
568	55
568	56
568	57
568	59
568	60
568	61
568	62
568	64
568	65
568	66
568	67
568	68
568	69
568	70
568	71
568	72
568	73
568	78
568	79
568	81
568	83
568	87
569	1
569	2
569	3
569	4
569	5
569	6
569	7
569	8
569	9
569	10
569	11
569	12
569	13
569	14
569	15
569	26
569	27
569	28
569	29
569	30
569	31
569	32
569	33
569	34
569	35
569	36
569	37
569	38
569	39
569	40
569	41
569	42
569	43
569	44
569	46
569	47
569	48
569	49
569	50
569	53
569	55
569	61
569	64
569	65
569	83
570	1
570	2
570	3
570	4
570	5
570	6
570	7
570	8
570	9
570	11
570	12
570	13
570	14
570	15
570	25
570	26
570	27
570	28
570	29
570	30
570	31
570	32
570	33
570	34
570	35
570	36
570	37
570	38
570	39
570	40
570	41
570	42
570	43
570	44
570	45
570	46
570	47
570	48
570	49
570	50
570	52
570	53
570	54
570	55
570	56
570	57
570	58
570	59
570	60
570	61
570	62
570	64
570	65
570	66
570	67
570	68
570	69
570	70
570	71
570	72
570	73
570	74
570	75
570	76
570	77
570	78
570	79
570	85
570	89
572	1
572	2
572	3
572	6
572	7
572	8
572	11
572	12
572	13
572	14
572	15
572	26
572	27
572	28
572	29
572	30
572	34
572	35
572	36
572	37
572	38
572	39
572	41
572	42
572	49
572	55
572	59
572	60
572	62
572	65
572	78
572	82
572	83
573	1
573	2
573	3
573	5
573	6
573	7
573	8
573	9
573	10
573	11
573	12
573	13
573	14
573	15
573	25
573	26
573	27
573	28
573	30
573	31
573	32
573	33
573	34
573	35
573	36
573	37
573	38
573	39
573	40
573	41
573	42
573	47
573	48
573	49
573	50
573	53
573	54
573	59
573	60
573	64
573	65
573	67
573	68
573	71
573	76
573	77
573	81
573	82
573	83
574	1
574	2
574	3
574	4
574	5
574	6
574	7
574	8
574	9
574	10
574	11
574	12
574	13
574	14
574	15
574	26
574	27
574	28
574	30
574	33
574	34
574	35
574	36
574	37
574	38
574	39
574	40
574	41
574	42
574	43
574	44
574	45
574	46
574	47
574	48
574	49
574	50
574	52
574	53
574	54
574	55
574	56
574	59
574	60
574	61
574	64
574	66
574	67
574	68
574	70
574	71
574	72
574	73
574	78
574	79
574	81
574	82
574	83
574	87
575	1
575	2
575	3
575	5
575	6
575	7
575	8
575	9
575	10
575	11
575	12
575	13
575	14
575	15
575	26
575	28
575	30
575	31
575	32
575	34
575	35
575	36
575	37
575	38
575	39
575	40
575	41
575	42
575	43
575	44
575	45
575	46
575	47
575	48
575	49
575	50
575	52
575	53
575	54
575	55
575	56
575	57
575	58
575	59
575	60
575	61
575	62
575	64
575	66
575	67
575	68
575	69
575	70
575	73
575	74
575	78
575	80
576	1
576	2
576	3
576	4
576	5
576	6
576	7
576	8
576	9
576	10
576	11
576	12
576	13
576	14
576	15
576	26
576	27
576	28
576	29
576	30
576	31
576	32
576	33
576	34
576	35
576	36
576	37
576	38
576	39
576	40
576	41
576	42
576	43
576	44
576	45
576	46
576	47
576	48
576	49
576	50
576	52
576	53
576	54
576	55
576	56
576	57
576	58
576	59
576	60
576	61
576	62
576	64
576	66
576	67
576	68
576	69
576	73
576	77
576	78
577	1
577	2
577	3
577	5
577	6
577	7
577	8
577	9
577	10
577	11
577	12
577	13
577	14
577	15
577	25
577	26
577	27
577	28
577	29
577	30
577	31
577	32
577	33
577	34
577	35
577	36
577	37
577	38
577	39
577	40
577	41
577	43
577	44
577	45
577	46
577	47
577	48
577	49
577	50
577	52
577	53
577	54
577	55
577	56
577	57
577	58
577	59
577	60
577	61
577	62
577	64
577	65
577	66
577	67
577	68
577	69
577	70
577	72
577	73
577	74
577	76
577	78
577	84
578	1
578	3
578	4
578	5
578	6
578	8
578	9
578	11
578	12
578	13
578	15
578	26
578	27
578	28
578	30
578	31
578	32
578	33
578	34
578	35
578	36
578	37
578	38
578	39
578	40
578	59
578	60
578	69
579	2
579	3
579	4
579	5
579	6
579	7
579	8
579	11
579	12
579	13
579	14
579	15
579	28
579	30
579	31
579	32
579	33
579	34
579	35
579	36
579	37
579	38
579	39
579	40
579	41
579	44
579	46
579	48
579	50
579	52
579	53
579	54
579	59
579	60
579	61
579	62
579	65
579	66
579	71
579	77
579	78
579	84
579	87
580	1
580	2
580	3
580	4
580	5
580	6
580	7
580	8
580	9
580	11
580	12
580	13
580	14
580	15
580	26
580	27
580	28
580	29
580	30
580	31
580	32
580	33
580	34
580	35
580	36
580	37
580	38
580	39
580	40
580	41
580	42
580	43
580	44
580	46
580	47
580	48
580	49
580	50
580	52
580	53
580	54
580	59
580	60
580	61
580	64
580	66
580	67
580	68
580	69
580	70
580	71
580	77
580	78
581	1
581	2
581	3
581	4
581	5
581	6
581	7
581	8
581	9
581	10
581	11
581	12
581	13
581	14
581	15
581	26
581	27
581	28
581	29
581	30
581	31
581	32
581	33
581	34
581	35
581	36
581	37
581	38
581	39
581	41
581	44
581	45
581	46
581	47
581	48
581	50
581	52
581	53
581	54
581	55
581	56
581	57
581	58
581	59
581	60
581	61
581	62
581	64
581	67
581	68
581	69
581	70
581	71
581	72
581	73
581	74
581	75
581	78
581	87
581	88
582	1
582	3
582	5
582	6
582	7
582	8
582	11
582	12
582	13
582	15
582	26
582	28
582	29
582	30
582	31
582	32
582	34
582	35
582	36
582	37
582	38
582	39
582	40
582	41
582	42
582	43
582	44
582	45
582	46
582	47
582	48
582	50
582	52
582	53
582	54
582	55
582	58
582	59
582	60
582	64
582	69
582	70
582	78
582	87
583	1
583	2
583	3
583	5
583	6
583	7
583	8
583	9
583	10
583	11
583	12
583	13
583	14
583	15
583	26
583	27
583	28
583	29
583	30
583	31
583	32
583	34
583	35
583	36
583	38
583	39
583	40
583	41
583	42
583	45
583	46
583	47
583	48
583	51
583	59
583	60
583	62
583	63
583	65
583	66
583	69
583	70
584	1
584	2
584	3
584	4
584	5
584	8
584	11
584	12
584	13
584	15
584	28
584	29
584	31
584	33
584	34
584	35
584	36
584	37
584	38
584	39
584	40
584	41
584	44
584	47
584	54
584	59
584	61
584	62
584	64
584	67
584	69
584	73
585	1
585	2
585	3
585	5
585	6
585	7
585	8
585	9
585	10
585	11
585	12
585	13
585	14
585	15
585	28
585	30
585	31
585	32
585	34
585	35
585	36
585	37
585	38
585	39
585	40
585	41
585	43
585	44
585	45
585	46
585	47
585	49
585	50
585	54
585	59
585	60
585	61
585	64
585	66
585	67
585	68
585	70
585	78
585	81
585	82
585	83
586	1
586	2
586	3
586	5
586	6
586	7
586	8
586	9
586	11
586	12
586	13
586	14
586	15
586	26
586	27
586	28
586	29
586	30
586	31
586	32
586	33
586	34
586	35
586	36
586	37
586	38
586	39
586	40
586	41
586	42
586	43
586	44
586	45
586	46
586	47
586	48
586	49
586	50
586	52
586	53
586	54
586	55
586	56
586	57
586	59
586	60
586	61
586	62
586	64
586	65
586	66
586	67
586	68
586	69
586	70
586	73
586	74
586	76
586	78
586	81
586	83
586	88
587	1
587	2
587	3
587	5
587	6
587	7
587	8
587	9
587	11
587	12
587	13
587	14
587	15
587	25
587	26
587	27
587	28
587	30
587	31
587	32
587	33
587	34
587	35
587	36
587	37
587	38
587	39
587	40
587	41
587	43
587	44
587	45
587	46
587	47
587	48
587	49
587	52
587	53
587	54
587	55
587	56
587	57
587	58
587	59
587	60
587	61
587	62
587	64
587	65
587	66
587	67
587	68
587	69
587	70
587	71
587	72
587	73
587	74
587	75
587	76
587	77
587	78
587	79
588	1
588	2
588	3
588	4
588	5
588	6
588	7
588	8
588	9
588	11
588	12
588	13
588	14
588	15
588	26
588	27
588	28
588	29
588	30
588	31
588	34
588	35
588	36
588	37
588	38
588	39
588	40
588	41
588	42
588	43
588	44
588	45
588	46
588	47
588	48
588	49
588	52
588	53
588	54
588	55
588	56
588	58
588	59
588	60
588	61
588	62
588	64
588	66
588	67
588	69
588	73
588	74
588	75
588	77
588	78
589	1
589	2
589	3
589	4
589	5
589	6
589	8
589	9
589	10
589	11
589	12
589	13
589	14
589	15
589	28
589	29
589	30
589	31
589	32
589	34
589	35
589	36
589	37
589	38
589	39
589	40
589	43
589	44
589	45
589	46
589	47
589	48
589	53
589	55
589	56
589	59
589	60
589	61
589	63
589	64
589	66
589	69
589	78
590	1
590	2
590	3
590	4
590	5
590	6
590	7
590	8
590	9
590	10
590	11
590	12
590	13
590	14
590	15
590	26
590	27
590	28
590	29
590	30
590	31
590	32
590	33
590	34
590	35
590	36
590	37
590	38
590	39
590	45
590	46
590	48
590	49
590	50
590	51
590	52
590	53
590	54
590	55
590	56
590	59
590	60
590	61
590	64
590	65
590	66
590	67
590	68
590	70
590	71
590	73
590	76
590	77
590	78
590	79
590	83
590	87
591	1
591	2
591	3
591	4
591	5
591	6
591	7
591	8
591	9
591	10
591	11
591	12
591	13
591	14
591	15
591	26
591	27
591	28
591	29
591	30
591	31
591	32
591	33
591	34
591	35
591	36
591	37
591	38
591	39
591	40
591	41
591	42
591	43
591	44
591	45
591	46
591	47
591	48
591	49
591	50
591	53
591	54
591	55
591	58
591	59
591	60
591	61
591	64
591	67
591	68
591	69
591	71
591	78
591	81
591	83
591	84
592	1
592	2
592	3
592	5
592	6
592	7
592	8
592	9
592	10
592	11
592	12
592	13
592	14
592	15
592	26
592	27
592	28
592	29
592	30
592	31
592	32
592	33
592	34
592	35
592	36
592	37
592	38
592	39
592	40
592	41
592	42
592	43
592	44
592	45
592	46
592	47
592	48
592	50
592	52
592	53
592	54
592	55
592	57
592	58
592	59
592	60
592	61
592	62
592	64
592	66
592	67
592	69
592	71
592	73
592	74
592	75
592	77
593	8
593	11
593	12
593	15
593	26
593	27
593	28
593	30
593	31
593	34
593	35
593	36
593	38
593	39
593	40
593	44
593	45
593	49
593	50
593	52
593	53
593	56
593	59
593	60
593	62
593	64
593	66
593	67
593	73
593	78
593	79
593	80
593	81
593	82
593	83
593	86
593	87
594	1
594	2
594	3
594	4
594	5
594	6
594	7
594	8
594	9
594	10
594	11
594	12
594	13
594	14
594	15
594	26
594	27
594	28
594	30
594	31
594	32
594	33
594	34
594	35
594	36
594	37
594	38
594	39
594	40
594	41
594	42
594	43
594	44
594	45
594	46
594	47
594	48
594	49
594	50
594	52
594	53
594	55
594	56
594	59
594	60
594	61
594	62
594	64
594	67
594	68
594	69
594	70
594	71
594	72
594	73
594	78
594	82
594	83
594	84
595	1
595	2
595	3
595	4
595	5
595	6
595	7
595	8
595	9
595	10
595	11
595	12
595	13
595	14
595	15
595	26
595	27
595	28
595	29
595	31
595	32
595	34
595	35
595	36
595	37
595	38
595	39
595	48
595	49
595	53
595	59
595	60
595	61
595	64
595	67
595	68
595	69
595	78
595	81
595	82
595	83
595	84
596	1
596	2
596	3
596	4
596	5
596	6
596	7
596	8
596	9
596	10
596	11
596	12
596	13
596	14
596	15
596	26
596	27
596	28
596	29
596	30
596	31
596	32
596	33
596	34
596	35
596	36
596	37
596	38
596	39
596	40
596	41
596	42
596	43
596	44
596	45
596	46
596	47
596	48
596	49
596	50
596	52
596	53
596	54
596	55
596	56
596	57
596	58
596	59
596	60
596	61
596	62
596	64
596	66
596	67
596	68
596	69
596	70
596	71
596	72
596	73
596	74
596	75
596	77
596	78
596	80
597	1
597	2
597	3
597	6
597	7
597	8
597	9
597	10
597	11
597	12
597	13
597	14
597	26
597	27
597	28
597	29
597	30
597	31
597	32
597	33
597	34
597	35
597	36
597	37
597	38
597	39
597	46
597	49
597	55
597	59
597	60
597	61
597	64
597	67
597	69
597	82
597	83
598	1
598	2
598	3
598	4
598	5
598	6
598	7
598	8
598	9
598	10
598	11
598	12
598	13
598	14
598	15
598	26
598	27
598	28
598	30
598	31
598	32
598	34
598	35
598	36
598	37
598	38
598	39
598	40
598	41
598	42
598	43
598	44
598	45
598	46
598	47
598	48
598	49
598	50
598	52
598	53
598	54
598	55
598	56
598	57
598	59
598	60
598	61
598	62
598	64
598	66
598	67
598	68
598	69
598	70
598	71
598	72
598	73
598	74
598	75
598	77
598	78
598	80
599	1
599	2
599	3
599	4
599	5
599	6
599	7
599	8
599	9
599	10
599	11
599	12
599	13
599	14
599	15
599	26
599	27
599	28
599	30
599	31
599	32
599	33
599	34
599	35
599	36
599	37
599	38
599	39
599	40
599	41
599	42
599	43
599	44
599	45
599	46
599	47
599	48
599	49
599	50
599	52
599	53
599	54
599	55
599	56
599	59
599	60
599	61
599	62
599	64
599	66
599	67
599	68
599	69
599	70
599	71
599	72
599	78
599	84
600	1
600	3
600	6
600	7
600	8
600	9
600	10
600	11
600	12
600	14
600	26
600	27
600	28
600	31
600	32
600	33
600	34
600	35
600	36
600	37
600	38
600	39
600	40
600	41
600	49
600	59
600	64
600	67
600	78
600	81
600	83
601	1
601	2
601	3
601	6
601	8
601	9
601	10
601	11
601	12
601	14
601	15
601	26
601	27
601	28
601	30
601	31
601	32
601	33
601	34
601	35
601	37
601	38
601	39
601	40
601	41
601	45
601	46
601	47
601	49
601	52
601	53
601	55
601	59
601	60
601	61
601	62
601	64
601	67
601	68
601	69
601	73
601	77
601	78
601	82
601	83
601	86
602	1
602	3
602	4
602	6
602	7
602	8
602	11
602	12
602	13
602	14
602	15
602	26
602	27
602	28
602	30
602	33
602	34
602	35
602	36
602	37
602	38
602	48
602	49
602	55
602	58
602	59
602	62
602	64
602	67
602	78
602	81
602	82
603	1
603	2
603	3
603	5
603	6
603	7
603	8
603	9
603	10
603	11
603	12
603	13
603	14
603	15
603	26
603	28
603	29
603	30
603	31
603	32
603	34
603	35
603	36
603	37
603	38
603	39
603	40
603	41
603	42
603	43
603	44
603	45
603	46
603	47
603	48
603	49
603	50
603	52
603	53
603	54
603	55
603	56
603	59
603	60
603	61
603	62
603	64
603	67
603	68
603	69
603	70
603	73
603	75
603	77
603	78
603	80
604	1
604	2
604	3
604	4
604	5
604	6
604	7
604	8
604	9
604	11
604	12
604	13
604	14
604	15
604	25
604	26
604	28
604	29
604	30
604	31
604	32
604	34
604	35
604	36
604	37
604	38
604	39
604	40
604	41
604	42
604	43
604	44
604	45
604	46
604	47
604	48
604	49
604	50
604	53
604	58
604	59
604	60
604	61
604	62
604	64
604	66
604	67
604	68
604	69
604	70
604	71
604	72
604	73
604	74
604	77
604	78
604	84
605	1
605	2
605	3
605	5
605	6
605	8
605	11
605	12
605	13
605	14
605	15
605	26
605	27
605	28
605	30
605	34
605	35
605	36
605	37
605	38
605	39
605	40
605	41
605	42
605	43
605	44
605	45
605	46
605	47
605	48
605	49
605	50
605	52
605	53
605	54
605	55
605	56
605	57
605	58
605	59
605	60
605	61
605	62
605	64
605	65
605	66
605	67
605	68
605	69
605	70
605	71
605	72
605	73
605	74
605	75
605	78
605	89
606	1
606	3
606	4
606	5
606	6
606	8
606	9
606	10
606	11
606	12
606	13
606	14
606	15
606	26
606	28
606	29
606	30
606	32
606	34
606	35
606	36
606	37
606	38
606	39
606	40
606	41
606	43
606	44
606	45
606	46
606	47
606	48
606	50
606	52
606	53
606	54
606	55
606	56
606	57
606	58
606	59
606	60
606	61
606	62
606	69
606	73
606	78
607	1
607	2
607	3
607	5
607	6
607	7
607	8
607	9
607	10
607	11
607	12
607	13
607	14
607	15
607	26
607	27
607	28
607	29
607	30
607	31
607	32
607	33
607	34
607	35
607	36
607	38
607	39
607	40
607	43
607	44
607	45
607	46
607	47
607	48
607	49
607	52
607	53
607	54
607	56
607	57
607	58
607	59
607	60
607	61
607	64
607	67
607	68
607	69
607	70
607	71
607	78
607	81
607	83
607	84
608	1
608	3
608	4
608	5
608	6
608	8
608	9
608	10
608	11
608	12
608	14
608	15
608	25
608	28
608	29
608	30
608	32
608	34
608	35
608	36
608	38
608	39
608	40
608	41
608	43
608	44
608	45
608	46
608	47
608	48
608	49
608	50
608	53
608	55
608	59
608	60
608	64
608	65
608	66
608	67
608	68
608	69
608	73
608	76
608	78
609	1
609	2
609	3
609	4
609	5
609	6
609	7
609	8
609	9
609	11
609	12
609	13
609	14
609	15
609	26
609	27
609	28
609	29
609	30
609	31
609	32
609	33
609	34
609	35
609	36
609	37
609	38
609	39
609	40
609	41
609	43
609	44
609	46
609	47
609	59
610	2
610	6
610	15
610	28
610	38
610	46
610	48
610	49
610	53
610	59
610	60
610	61
610	70
610	72
610	78
610	84
611	1
611	2
611	3
611	4
611	5
611	6
611	7
611	8
611	9
611	10
611	11
611	12
611	13
611	14
611	15
611	26
611	27
611	28
611	29
611	31
611	32
611	33
611	34
611	35
611	36
611	37
611	38
611	39
611	40
611	41
611	42
611	44
611	47
611	48
611	49
611	59
611	60
611	64
611	67
611	69
611	78
611	82
611	83
612	5
612	6
612	7
612	8
612	11
612	12
612	13
612	22
612	28
612	30
612	34
612	35
612	37
612	39
612	44
612	50
612	52
612	53
612	55
612	56
612	58
612	59
612	60
612	62
612	64
612	67
612	69
612	73
612	74
612	75
612	78
612	80
613	1
613	2
613	3
613	5
613	6
613	7
613	8
613	9
613	11
613	12
613	13
613	14
613	15
613	26
613	27
613	28
613	30
613	31
613	32
613	33
613	34
613	35
613	36
613	37
613	38
613	39
613	40
613	45
613	46
613	48
613	49
613	50
613	52
613	53
613	54
613	55
613	56
613	57
613	59
613	60
613	61
613	62
613	63
613	64
613	65
613	66
613	67
613	68
613	69
613	70
613	71
613	73
613	78
613	79
613	81
613	82
613	84
613	86
613	87
614	1
614	2
614	3
614	4
614	5
614	6
614	7
614	8
614	9
614	10
614	11
614	12
614	13
614	14
614	15
614	26
614	27
614	28
614	29
614	30
614	31
614	32
614	33
614	34
614	35
614	36
614	37
614	38
614	39
614	40
614	41
614	42
614	43
614	44
614	45
614	46
614	47
614	48
614	49
614	50
614	52
614	53
614	54
614	58
614	59
614	60
614	61
614	62
614	64
614	66
614	67
614	68
614	69
614	70
614	71
614	73
614	74
614	75
614	77
614	78
615	1
615	2
615	3
615	4
615	5
615	6
615	7
615	8
615	9
615	10
615	11
615	12
615	13
615	15
615	26
615	27
615	28
615	29
615	30
615	31
615	34
615	35
615	36
615	37
615	38
615	39
615	40
615	41
615	42
615	43
615	44
615	45
615	46
615	47
615	48
615	49
615	50
615	52
615	53
615	55
615	59
615	60
615	61
615	62
615	65
615	66
615	67
615	69
615	70
615	77
615	78
615	81
615	82
615	83
616	1
616	2
616	3
616	4
616	6
616	7
616	8
616	11
616	12
616	13
616	15
616	26
616	27
616	28
616	30
616	34
616	35
616	36
616	40
616	44
616	45
616	46
616	47
616	49
616	50
616	53
616	57
616	58
616	64
616	69
616	81
616	83
617	2
617	3
617	4
617	5
617	6
617	7
617	8
617	9
617	10
617	11
617	12
617	13
617	14
617	15
617	26
617	27
617	28
617	29
617	30
617	31
617	32
617	33
617	34
617	35
617	36
617	37
617	38
617	40
617	48
617	53
617	59
617	60
617	61
617	63
617	64
617	65
617	66
617	71
617	78
618	1
618	2
618	3
618	4
618	5
618	6
618	7
618	8
618	11
618	12
618	13
618	14
618	15
618	25
618	26
618	27
618	28
618	29
618	30
618	31
618	32
618	33
618	34
618	35
618	36
618	37
618	38
618	39
618	40
618	41
618	42
618	43
618	44
618	45
618	46
618	47
618	48
618	49
618	50
618	52
618	53
618	54
618	55
618	56
618	57
618	58
618	59
618	60
618	61
618	62
618	64
618	66
618	67
618	68
618	69
618	70
618	71
618	72
618	73
618	74
618	75
618	78
618	79
618	80
618	81
618	82
618	83
618	86
619	5
619	6
619	8
619	11
619	12
619	13
619	15
619	26
619	27
619	30
619	34
619	35
619	36
619	38
619	39
619	42
619	45
619	46
619	48
619	49
619	50
619	52
619	53
619	54
619	55
619	56
619	57
619	58
619	59
619	60
619	61
619	62
619	64
619	66
619	67
619	68
619	70
619	71
619	80
619	82
619	83
619	88
620	1
620	2
620	3
620	4
620	5
620	6
620	7
620	8
620	9
620	11
620	12
620	13
620	14
620	15
620	25
620	26
620	27
620	28
620	30
620	31
620	32
620	34
620	35
620	36
620	37
620	38
620	39
620	40
620	41
620	42
620	43
620	44
620	45
620	46
620	47
620	48
620	49
620	50
620	52
620	53
620	54
620	55
620	56
620	57
620	59
620	60
620	61
620	62
620	64
620	65
620	66
620	67
620	68
620	69
620	70
620	71
620	73
620	76
620	78
620	79
620	81
620	82
620	86
620	87
621	1
621	2
621	3
621	4
621	6
621	7
621	8
621	9
621	10
621	11
621	12
621	13
621	14
621	15
621	26
621	27
621	28
621	29
621	32
621	34
621	35
621	36
621	37
621	38
621	39
621	40
621	41
621	42
621	43
621	44
621	45
621	46
621	47
621	48
621	49
621	50
621	53
621	54
621	61
621	64
621	66
621	67
621	68
621	70
621	71
621	72
621	81
621	83
621	84
622	1
622	2
622	3
622	4
622	5
622	6
622	7
622	8
622	9
622	10
622	11
622	12
622	13
622	14
622	15
622	26
622	27
622	28
622	29
622	30
622	31
622	32
622	33
622	34
622	35
622	36
622	37
622	38
622	39
622	40
622	42
622	43
622	44
622	46
622	47
622	48
622	49
622	51
622	53
622	54
622	55
622	56
622	57
622	58
622	59
622	60
622	61
622	62
622	63
622	64
622	65
622	66
622	67
622	68
622	69
622	70
622	71
622	72
622	73
622	74
622	75
622	78
622	84
623	2
623	3
623	4
623	5
623	6
623	7
623	8
623	9
623	11
623	12
623	14
623	15
623	26
623	27
623	28
623	29
623	30
623	31
623	32
623	33
623	35
623	36
623	37
623	38
623	39
623	40
623	41
623	47
623	49
623	53
623	55
623	57
623	59
623	60
623	61
623	62
623	64
623	67
623	68
623	69
623	73
623	77
623	78
623	81
623	84
624	1
624	2
624	3
624	6
624	7
624	8
624	10
624	11
624	12
624	13
624	14
624	26
624	31
624	32
624	34
624	35
624	37
624	38
624	39
624	40
624	41
624	42
624	44
624	46
624	47
624	49
624	50
624	53
624	59
624	64
624	67
624	69
624	70
624	71
624	78
625	1
625	2
625	3
625	5
625	6
625	7
625	8
625	9
625	10
625	11
625	12
625	13
625	14
625	15
625	25
625	26
625	28
625	29
625	30
625	31
625	32
625	33
625	34
625	35
625	36
625	38
625	39
625	40
625	44
625	45
625	46
625	48
625	50
625	52
625	53
625	54
625	55
625	56
625	57
625	58
625	59
625	60
625	61
625	62
625	64
625	65
625	66
625	67
625	69
625	73
625	76
625	78
625	89
626	12
626	25
626	28
626	30
626	31
626	34
626	35
626	37
626	39
626	40
626	41
626	49
626	55
626	58
626	59
626	60
626	64
626	67
626	78
626	81
626	82
626	83
627	1
627	2
627	3
627	4
627	5
627	6
627	7
627	8
627	9
627	11
627	12
627	13
627	15
627	26
627	27
627	28
627	29
627	31
627	32
627	33
627	34
627	35
627	36
627	37
627	38
627	39
627	40
627	41
627	42
627	43
627	44
627	46
627	47
627	48
627	49
627	50
627	53
627	54
627	59
627	60
627	61
627	64
627	66
627	67
627	69
627	70
627	71
627	78
627	81
627	82
628	1
628	2
628	3
628	5
628	6
628	7
628	8
628	9
628	10
628	11
628	12
628	13
628	14
628	15
628	28
628	29
628	30
628	31
628	34
628	35
628	36
628	37
628	38
628	39
628	40
628	41
628	43
628	44
628	46
628	47
628	48
628	49
628	50
628	53
628	55
628	59
628	60
628	61
628	69
628	78
629	1
629	2
629	3
629	4
629	11
629	12
629	15
629	28
629	29
629	30
629	31
629	32
629	34
629	35
629	36
629	37
629	38
629	39
629	40
629	41
629	42
629	43
629	44
629	45
629	46
629	47
629	48
629	49
629	50
629	53
629	54
629	59
629	60
629	61
629	63
629	64
629	65
629	66
629	67
629	68
629	69
629	70
629	71
629	78
629	81
629	82
630	1
630	2
630	3
630	4
630	5
630	6
630	7
630	8
630	9
630	11
630	12
630	13
630	14
630	15
630	26
630	27
630	28
630	29
630	30
630	31
630	32
630	33
630	34
630	35
630	36
630	37
630	38
630	39
630	40
630	41
630	42
630	43
630	44
630	45
630	46
630	47
630	48
630	49
630	50
630	52
630	53
630	54
630	55
630	56
630	58
630	59
630	60
630	61
630	62
630	64
630	65
630	66
630	67
630	68
630	69
630	71
630	73
630	79
630	81
630	82
630	83
630	87
630	88
630	89
631	1
631	2
631	3
631	4
631	5
631	6
631	7
631	9
631	10
631	12
631	13
631	14
631	15
631	26
631	27
631	31
631	32
631	34
631	35
631	36
631	37
631	38
631	41
631	46
631	48
631	49
631	58
631	61
631	64
631	67
631	68
631	71
631	82
631	83
632	1
632	3
632	4
632	5
632	8
632	11
632	12
632	14
632	15
632	25
632	26
632	27
632	28
632	30
632	31
632	32
632	33
632	34
632	35
632	36
632	37
632	38
632	39
632	42
632	44
632	46
632	48
632	49
632	50
632	51
632	52
632	53
632	54
632	55
632	56
632	57
632	58
632	59
632	60
632	61
632	64
632	65
632	66
632	67
632	69
632	70
632	71
632	73
632	78
632	80
632	81
632	82
632	83
633	1
633	2
633	3
633	5
633	6
633	7
633	8
633	9
633	10
633	11
633	13
633	14
633	15
633	26
633	27
633	28
633	29
633	30
633	31
633	32
633	33
633	34
633	35
633	36
633	37
633	39
633	40
633	50
633	53
633	57
633	59
633	60
633	61
633	64
633	67
633	69
633	71
633	77
633	78
634	1
634	2
634	3
634	4
634	5
634	6
634	7
634	8
634	9
634	11
634	12
634	13
634	14
634	15
634	25
634	28
634	30
634	31
634	32
634	33
634	34
634	35
634	36
634	37
634	38
634	39
634	40
634	41
634	43
634	44
634	46
634	47
634	48
634	49
634	50
634	53
634	55
634	58
634	59
634	60
634	61
634	62
634	64
634	67
634	68
634	77
634	78
634	81
634	82
634	83
634	84
635	1
635	2
635	3
635	4
635	5
635	6
635	7
635	8
635	9
635	10
635	11
635	12
635	13
635	14
635	15
635	22
635	26
635	28
635	29
635	30
635	31
635	32
635	33
635	34
635	35
635	36
635	37
635	38
635	39
635	40
635	41
635	42
635	44
635	46
635	47
635	48
635	49
635	50
635	51
635	53
635	54
635	59
635	60
635	61
635	63
635	64
635	66
635	67
635	68
635	70
635	71
635	77
635	78
636	1
636	3
636	5
636	6
636	7
636	11
636	12
636	15
636	26
636	27
636	28
636	30
636	34
636	35
636	38
636	39
636	40
636	41
636	42
636	43
636	44
636	45
636	46
636	47
636	48
636	49
636	50
636	52
636	55
636	58
636	59
636	60
636	61
636	64
636	65
636	66
636	73
636	81
637	1
637	2
637	3
637	4
637	5
637	6
637	7
637	8
637	9
637	10
637	11
637	12
637	13
637	14
637	15
637	26
637	27
637	28
637	29
637	30
637	31
637	32
637	33
637	34
637	35
637	36
637	37
637	38
637	39
637	40
637	41
637	42
637	43
637	44
637	46
637	47
637	49
637	50
637	52
637	53
637	55
637	56
637	59
637	60
637	62
637	66
637	73
637	74
637	77
637	78
638	1
638	2
638	3
638	4
638	8
638	12
638	15
638	28
638	30
638	31
638	32
638	34
638	35
638	36
638	37
638	38
638	39
638	40
638	41
638	43
638	44
638	45
638	46
638	47
638	48
638	49
638	50
638	53
638	54
638	59
638	60
638	61
638	64
638	66
638	67
638	68
638	69
638	70
638	78
638	81
638	82
638	83
639	2
639	3
639	5
639	6
639	7
639	8
639	9
639	11
639	12
639	13
639	15
639	26
639	27
639	28
639	29
639	30
639	31
639	32
639	33
639	34
639	35
639	36
639	37
639	38
639	39
639	40
639	41
639	42
639	43
639	44
639	45
639	46
639	47
639	48
639	50
639	52
639	53
639	54
639	55
639	56
639	57
639	59
639	60
639	62
639	64
639	67
639	68
639	73
639	74
639	77
640	1
640	2
640	3
640	6
640	7
640	8
640	9
640	10
640	11
640	12
640	13
640	14
640	15
640	26
640	27
640	28
640	30
640	31
640	32
640	33
640	34
640	35
640	36
640	37
640	38
640	39
640	46
640	47
640	48
640	49
640	50
640	52
640	53
640	55
640	58
640	59
640	60
640	61
640	66
640	70
640	71
640	73
640	77
640	78
640	79
640	81
641	1
641	2
641	3
641	4
641	5
641	6
641	7
641	8
641	9
641	10
641	11
641	12
641	13
641	14
641	15
641	26
641	27
641	28
641	30
641	31
641	32
641	34
641	35
641	36
641	37
641	38
641	39
641	40
641	41
641	42
641	43
641	44
641	45
641	46
641	47
641	48
641	50
641	52
641	53
641	54
641	55
641	56
641	57
641	59
641	60
641	61
641	62
641	64
641	65
641	66
641	67
641	68
641	69
641	70
641	71
641	73
641	74
641	78
641	79
641	80
641	81
641	82
641	83
641	87
642	1
642	2
642	3
642	4
642	5
642	6
642	7
642	8
642	9
642	11
642	12
642	13
642	14
642	15
642	26
642	27
642	28
642	29
642	31
642	32
642	33
642	34
642	35
642	36
642	37
642	38
642	39
642	40
642	41
642	42
642	43
642	46
642	47
642	48
642	49
642	50
642	53
642	54
642	59
642	60
642	61
642	64
642	66
642	67
642	68
642	70
642	71
642	81
642	83
642	84
643	1
643	2
643	3
643	5
643	6
643	7
643	8
643	9
643	11
643	12
643	13
643	14
643	15
643	26
643	27
643	28
643	30
643	31
643	33
643	34
643	35
643	36
643	37
643	38
643	39
643	40
643	41
643	42
643	43
643	44
643	45
643	46
643	47
643	48
643	49
643	50
643	51
643	52
643	53
643	54
643	55
643	56
643	57
643	59
643	60
643	61
643	62
643	63
643	64
643	65
643	66
643	67
643	68
643	69
643	70
643	71
643	72
643	73
643	74
643	75
643	78
643	82
643	83
643	84
643	87
644	1
644	2
644	5
644	6
644	7
644	8
644	9
644	10
644	11
644	12
644	13
644	14
644	15
644	25
644	26
644	27
644	28
644	30
644	31
644	32
644	34
644	35
644	36
644	37
644	38
644	39
644	41
644	44
644	45
644	46
644	48
644	49
644	50
644	52
644	53
644	54
644	55
644	56
644	57
644	58
644	59
644	60
644	61
644	64
644	66
644	67
644	68
644	70
644	71
644	78
644	80
644	81
644	82
644	83
645	1
645	2
645	3
645	4
645	5
645	6
645	7
645	8
645	9
645	10
645	11
645	12
645	13
645	14
645	15
645	25
645	26
645	28
645	30
645	31
645	33
645	34
645	35
645	36
645	37
645	38
645	39
645	40
645	41
645	43
645	44
645	45
645	46
645	47
645	48
645	49
645	50
645	52
645	53
645	54
645	55
645	56
645	57
645	59
645	60
645	61
645	62
645	64
645	65
645	66
645	67
645	68
645	70
645	71
645	73
645	77
645	78
645	79
645	81
645	82
645	83
645	84
646	1
646	2
646	3
646	4
646	5
646	6
646	8
646	9
646	10
646	11
646	12
646	13
646	14
646	15
646	22
646	26
646	27
646	28
646	29
646	30
646	31
646	32
646	33
646	34
646	35
646	36
646	37
646	38
646	39
646	40
646	41
646	42
646	43
646	44
646	45
646	46
646	47
646	48
646	49
646	50
646	52
646	53
646	54
646	55
646	56
646	57
646	58
646	59
646	60
646	61
646	62
646	64
646	66
646	67
646	68
646	69
646	70
646	73
646	74
646	77
646	78
647	1
647	3
647	6
647	7
647	8
647	11
647	12
647	13
647	15
647	26
647	27
647	28
647	30
647	31
647	32
647	33
647	34
647	35
647	36
647	37
647	38
647	39
647	40
647	41
647	42
647	43
647	44
647	45
647	46
647	47
647	48
647	50
647	52
647	53
647	54
647	55
647	56
647	57
647	58
647	59
647	60
647	61
647	64
647	66
647	69
647	70
647	78
648	1
648	2
648	3
648	5
648	6
648	8
648	9
648	11
648	12
648	13
648	14
648	15
648	26
648	27
648	28
648	30
648	31
648	33
648	34
648	35
648	36
648	37
648	38
648	39
648	40
648	41
648	42
648	43
648	44
648	45
648	46
648	47
648	48
648	49
648	50
648	52
648	53
648	54
648	55
648	56
648	57
648	59
648	60
648	61
648	64
648	65
648	66
648	67
648	68
648	69
648	71
648	73
648	77
648	78
648	79
648	80
648	81
648	82
648	83
648	86
649	2
649	3
649	4
649	5
649	6
649	7
649	8
649	11
649	12
649	13
649	15
649	26
649	27
649	28
649	29
649	30
649	31
649	33
649	34
649	35
649	36
649	38
649	39
649	40
649	41
649	43
649	44
649	45
649	46
649	47
649	48
649	49
649	50
649	52
649	53
649	54
649	55
649	56
649	57
649	59
649	60
649	61
649	62
649	64
649	65
649	66
649	67
649	68
649	71
649	73
649	77
649	78
649	80
649	82
649	83
649	88
650	1
650	3
650	4
650	5
650	6
650	7
650	8
650	9
650	10
650	11
650	12
650	13
650	14
650	15
650	26
650	27
650	28
650	29
650	30
650	33
650	34
650	35
650	36
650	37
650	38
650	39
650	40
650	41
650	42
650	43
650	44
650	45
650	46
650	47
650	48
650	50
650	53
650	56
650	59
650	60
650	64
650	67
650	69
650	78
651	1
651	2
651	3
651	4
651	5
651	6
651	8
651	9
651	10
651	11
651	12
651	13
651	15
651	26
651	27
651	28
651	30
651	31
651	32
651	34
651	35
651	36
651	37
651	38
651	39
651	40
651	42
651	43
651	44
651	47
651	48
651	50
651	53
651	54
651	55
651	56
651	58
651	59
651	60
651	61
651	62
651	64
651	65
651	67
651	68
651	69
651	71
651	73
651	74
651	75
651	77
651	78
652	1
652	2
652	3
652	5
652	6
652	7
652	8
652	9
652	10
652	11
652	12
652	13
652	14
652	15
652	26
652	27
652	28
652	30
652	31
652	33
652	34
652	35
652	36
652	37
652	38
652	39
652	40
652	41
652	42
652	46
652	47
652	48
652	49
652	55
652	58
652	59
652	60
652	64
652	65
652	67
652	68
652	69
652	73
652	76
652	78
652	81
652	82
652	83
653	1
653	3
653	4
653	5
653	6
653	7
653	8
653	9
653	10
653	11
653	12
653	13
653	14
653	15
653	26
653	27
653	28
653	30
653	31
653	32
653	33
653	34
653	35
653	36
653	37
653	38
653	39
653	45
653	46
653	47
653	48
653	49
653	50
653	52
653	53
653	54
653	55
653	56
653	59
653	60
653	61
653	64
653	66
653	67
653	68
653	69
653	70
653	71
653	72
653	78
653	80
653	81
653	82
653	83
653	84
654	8
654	9
654	12
654	26
654	27
654	30
654	31
654	32
654	34
654	35
654	37
654	39
654	40
654	41
654	42
654	43
654	44
654	45
654	46
654	47
654	48
654	49
654	58
654	59
654	62
654	67
654	69
654	81
654	82
654	83
655	3
655	6
655	8
655	12
655	13
655	14
655	15
655	30
655	34
655	40
655	49
655	55
655	82
656	12
656	30
656	35
656	55
656	59
656	64
656	67
656	78
656	81
657	2
657	3
657	4
657	5
657	6
657	7
657	8
657	9
657	10
657	11
657	12
657	13
657	14
657	15
657	28
657	31
657	32
657	34
657	35
657	36
657	37
657	40
657	47
657	48
657	59
657	60
657	66
657	69
657	77
657	78
658	1
658	2
658	3
658	5
658	6
658	8
658	9
658	11
658	12
658	13
658	14
658	15
658	26
658	27
658	28
658	29
658	30
658	31
658	32
658	33
658	34
658	35
658	36
658	37
658	38
658	39
658	40
658	41
658	43
658	45
658	46
658	47
658	48
658	49
658	50
658	52
658	53
658	54
658	56
658	57
658	59
658	60
658	64
658	66
658	67
658	68
658	69
658	70
658	80
658	81
658	82
658	83
659	1
659	2
659	3
659	5
659	6
659	7
659	8
659	9
659	10
659	11
659	12
659	13
659	14
659	15
659	25
659	26
659	27
659	28
659	29
659	30
659	31
659	33
659	34
659	35
659	36
659	37
659	38
659	39
659	40
659	41
659	43
659	44
659	45
659	46
659	47
659	48
659	49
659	50
659	53
659	64
659	65
659	67
659	68
659	69
659	73
659	76
659	83
659	85
660	1
660	2
660	3
660	4
660	5
660	6
660	7
660	8
660	9
660	10
660	11
660	12
660	13
660	14
660	26
660	27
660	28
660	30
660	31
660	32
660	33
660	34
660	35
660	36
660	37
660	38
660	39
660	40
660	41
660	49
660	55
660	59
660	60
660	61
660	64
660	67
660	69
660	78
660	81
660	82
661	1
661	2
661	3
661	4
661	5
661	6
661	7
661	8
661	9
661	10
661	11
661	12
661	13
661	14
661	15
661	26
661	27
661	28
661	29
661	30
661	31
661	32
661	33
661	34
661	35
661	36
661	37
661	38
661	39
661	40
661	41
661	42
661	43
661	44
661	45
661	46
661	47
661	48
661	49
661	50
661	51
661	53
661	54
661	59
661	60
661	61
661	62
661	63
661	64
661	65
661	66
661	67
661	68
661	69
661	70
661	71
661	73
661	74
662	1
662	2
662	3
662	4
662	5
662	6
662	7
662	8
662	9
662	10
662	11
662	12
662	13
662	14
662	15
662	26
662	27
662	28
662	29
662	30
662	31
662	32
662	33
662	34
662	35
662	36
662	37
662	38
662	39
662	40
662	41
662	43
662	44
662	45
662	46
662	47
662	48
662	49
662	50
662	52
662	53
662	54
662	55
662	56
662	58
662	59
662	60
662	61
662	62
662	64
662	65
662	66
662	67
662	68
662	69
662	70
662	71
662	72
662	73
662	74
662	75
662	77
662	78
662	80
663	1
663	3
663	5
663	6
663	7
663	8
663	11
663	12
663	13
663	14
663	15
663	25
663	26
663	27
663	28
663	29
663	30
663	31
663	33
663	34
663	35
663	36
663	37
663	38
663	39
663	46
663	48
663	49
663	54
663	55
663	58
663	59
663	60
663	61
663	64
663	66
663	67
663	68
663	70
663	71
663	78
663	82
664	1
664	2
664	3
664	4
664	5
664	6
664	7
664	8
664	9
664	11
664	12
664	13
664	14
664	15
664	28
664	31
664	32
664	33
664	34
664	35
664	36
664	37
664	38
664	39
664	40
664	43
664	46
664	47
664	48
664	49
664	50
664	53
664	54
664	55
664	56
664	58
664	59
664	60
664	61
664	62
664	64
664	65
664	66
664	67
664	68
664	69
664	70
664	71
664	72
664	73
664	74
664	75
664	76
664	78
665	1
665	2
665	3
665	4
665	5
665	6
665	7
665	8
665	9
665	10
665	11
665	12
665	13
665	14
665	15
665	26
665	27
665	29
665	30
665	31
665	32
665	33
665	34
665	35
665	36
665	37
665	38
665	39
665	40
665	41
665	43
665	44
665	45
665	46
665	47
665	48
665	49
665	50
665	52
665	53
665	54
665	55
665	56
665	57
665	58
665	61
665	64
665	66
665	67
665	68
665	69
665	70
665	71
665	72
665	80
665	81
665	82
665	83
665	84
666	1
666	2
666	3
666	6
666	7
666	8
666	11
666	12
666	13
666	15
666	26
666	27
666	28
666	30
666	31
666	32
666	33
666	34
666	35
666	36
666	38
666	39
666	40
666	41
666	43
666	44
666	45
666	46
666	47
666	48
666	49
666	50
666	52
666	53
666	54
666	55
666	56
666	57
666	58
666	59
666	60
666	61
666	62
666	64
666	66
666	67
666	68
666	69
666	70
666	71
666	72
666	78
666	84
666	88
667	1
667	2
667	3
667	6
667	8
667	11
667	12
667	13
667	14
667	15
667	25
667	26
667	27
667	28
667	29
667	30
667	31
667	33
667	34
667	35
667	36
667	37
667	42
667	45
667	48
667	50
667	52
667	53
667	54
667	56
667	58
667	59
667	60
667	66
667	69
667	78
668	1
668	2
668	3
668	4
668	5
668	6
668	8
668	11
668	12
668	13
668	14
668	15
668	25
668	26
668	28
668	29
668	30
668	31
668	32
668	33
668	34
668	35
668	36
668	37
668	38
668	39
668	40
668	41
668	42
668	43
668	44
668	45
668	46
668	47
668	48
668	49
668	50
668	52
668	53
668	54
668	56
668	57
668	58
668	59
668	60
668	61
668	64
668	66
668	67
668	68
668	69
668	71
668	77
668	78
668	80
669	1
669	2
669	3
669	5
669	6
669	7
669	8
669	9
669	11
669	12
669	13
669	14
669	15
669	26
669	27
669	28
669	29
669	30
669	31
669	33
669	34
669	35
669	36
669	37
669	38
669	39
669	40
669	41
669	42
669	43
669	44
669	45
669	46
669	47
669	48
669	49
669	50
669	52
669	54
669	55
669	59
669	60
669	61
669	65
669	66
669	68
669	70
669	71
669	73
669	79
670	2
670	3
670	4
670	5
670	6
670	7
670	8
670	9
670	10
670	11
670	12
670	13
670	14
670	15
670	22
670	25
670	28
670	30
670	31
670	32
670	33
670	34
670	35
670	37
670	38
670	40
670	41
670	46
670	54
670	55
670	56
670	58
670	59
670	60
670	62
670	66
670	69
670	71
670	78
671	1
671	2
671	3
671	4
671	5
671	6
671	7
671	8
671	9
671	11
671	12
671	14
671	15
671	26
671	28
671	29
671	30
671	31
671	32
671	34
671	35
671	36
671	37
671	38
671	39
671	44
671	45
671	46
671	48
671	49
671	52
671	53
671	54
671	56
671	57
671	59
671	60
671	61
671	64
671	65
671	66
671	67
671	68
671	69
671	70
671	71
671	79
671	81
671	82
671	83
671	87
672	2
672	3
672	4
672	5
672	6
672	7
672	8
672	9
672	10
672	11
672	12
672	13
672	14
672	15
672	26
672	27
672	28
672	29
672	30
672	31
672	32
672	33
672	34
672	35
672	36
672	37
672	38
672	39
672	40
672	41
672	42
672	43
672	44
672	46
672	47
672	52
672	54
672	55
672	57
672	58
672	59
672	60
672	62
672	66
672	69
672	77
672	78
673	1
673	2
673	3
673	5
673	6
673	7
673	8
673	9
673	11
673	12
673	13
673	14
673	15
673	26
673	28
673	30
673	31
673	32
673	34
673	35
673	36
673	37
673	38
673	39
673	40
673	41
673	42
673	43
673	44
673	45
673	46
673	47
673	48
673	49
673	50
673	52
673	53
673	54
673	55
673	56
673	57
673	59
673	60
673	61
673	62
673	64
673	66
673	67
673	68
673	69
673	70
673	71
673	72
673	73
673	74
673	75
673	78
673	84
674	1
674	2
674	3
674	4
674	5
674	6
674	7
674	8
674	9
674	11
674	12
674	13
674	14
674	15
674	26
674	27
674	28
674	29
674	30
674	31
674	32
674	33
674	34
674	35
674	36
674	37
674	38
674	39
674	40
674	41
674	43
674	44
674	45
674	46
674	47
674	48
674	49
674	50
674	52
674	53
674	54
674	55
674	56
674	57
674	58
674	59
674	60
674	61
674	64
674	65
674	66
674	67
674	68
674	69
674	70
674	71
674	72
674	78
674	79
674	81
674	82
674	83
674	87
675	1
675	2
675	3
675	4
675	5
675	6
675	7
675	8
675	9
675	11
675	12
675	13
675	14
675	15
675	25
675	26
675	27
675	28
675	29
675	30
675	32
675	34
675	35
675	36
675	37
675	38
675	39
675	40
675	41
675	43
675	46
675	47
675	48
675	49
675	50
675	52
675	53
675	54
675	55
675	56
675	58
675	59
675	60
675	61
675	62
675	64
675	65
675	66
675	67
675	68
675	69
675	70
675	71
675	73
675	76
676	1
676	2
676	3
676	4
676	5
676	6
676	8
676	9
676	10
676	11
676	12
676	13
676	14
676	15
676	26
676	27
676	28
676	32
676	33
676	34
676	35
676	36
676	37
676	38
676	39
676	40
676	41
676	42
676	43
676	44
676	45
676	46
676	47
676	48
676	49
676	50
676	52
676	53
676	54
676	55
676	56
676	57
676	59
676	60
676	61
676	64
676	65
676	66
676	67
676	69
676	70
676	71
676	72
676	73
676	79
676	81
676	82
676	83
677	1
677	2
677	3
677	5
677	6
677	7
677	8
677	9
677	10
677	11
677	12
677	13
677	15
677	26
677	27
677	28
677	29
677	30
677	31
677	32
677	33
677	34
677	35
677	36
677	37
677	38
677	42
677	46
677	48
677	49
677	50
677	52
677	53
677	64
677	66
677	67
677	68
677	69
677	70
677	71
677	81
677	82
677	83
678	1
678	2
678	3
678	4
678	5
678	6
678	7
678	8
678	9
678	10
678	11
678	12
678	13
678	14
678	15
678	26
678	27
678	28
678	30
678	31
678	32
678	34
678	35
678	36
678	37
678	38
678	39
678	40
678	41
678	42
678	45
678	46
678	48
678	49
678	50
678	52
678	53
678	54
678	55
678	56
678	57
678	59
678	60
678	64
678	67
678	78
678	81
678	82
678	83
679	1
679	2
679	3
679	4
679	5
679	6
679	7
679	8
679	9
679	10
679	11
679	12
679	14
679	15
679	25
679	26
679	28
679	29
679	30
679	31
679	32
679	34
679	35
679	36
679	38
679	39
679	40
679	41
679	42
679	43
679	44
679	45
679	46
679	47
679	48
679	50
679	52
679	53
679	54
679	55
679	56
679	57
679	58
679	59
679	60
679	61
679	62
679	64
679	65
679	66
679	68
679	69
679	70
679	73
679	76
679	78
679	85
679	88
680	1
680	2
680	3
680	4
680	5
680	6
680	7
680	8
680	10
680	11
680	12
680	13
680	14
680	15
680	26
680	27
680	28
680	30
680	31
680	32
680	33
680	34
680	35
680	36
680	37
680	38
680	39
680	40
680	41
680	42
680	43
680	44
680	46
680	47
680	48
680	49
680	50
680	53
680	55
680	59
680	60
680	62
680	64
680	65
680	66
680	67
680	69
680	76
680	78
680	81
680	83
681	1
681	2
681	3
681	4
681	5
681	6
681	7
681	8
681	11
681	12
681	13
681	14
681	15
681	26
681	27
681	28
681	29
681	30
681	31
681	34
681	35
681	36
681	37
681	38
681	39
681	40
681	41
681	42
681	43
681	44
681	45
681	46
681	47
681	48
681	49
681	50
681	52
681	53
681	54
681	55
681	59
681	60
681	61
681	62
681	64
681	65
681	66
681	67
681	68
681	69
681	70
681	71
681	72
681	73
681	74
681	77
681	78
682	1
682	2
682	3
682	4
682	5
682	6
682	7
682	8
682	9
682	10
682	11
682	12
682	13
682	14
682	15
682	25
682	26
682	27
682	28
682	29
682	30
682	31
682	33
682	34
682	35
682	36
682	37
682	38
682	39
682	40
682	41
682	42
682	44
682	45
682	46
682	48
682	49
682	51
682	52
682	53
682	54
682	55
682	56
682	59
682	60
682	61
682	62
682	63
682	64
682	65
682	66
682	67
682	68
682	69
682	70
682	71
682	72
682	73
682	76
682	78
682	79
682	81
682	82
682	83
682	84
682	85
682	87
683	1
683	2
683	3
683	4
683	5
683	6
683	8
683	9
683	11
683	13
683	14
683	15
683	22
683	26
683	27
683	28
683	30
683	31
683	32
683	33
683	34
683	35
683	36
683	37
683	38
683	39
683	40
683	41
683	42
683	43
683	44
683	45
683	46
683	47
683	48
683	49
683	50
683	52
683	53
683	54
683	55
683	56
683	57
683	59
683	60
683	61
683	62
683	63
683	64
683	66
683	67
683	68
683	69
683	71
683	73
683	77
683	78
683	79
683	80
683	86
684	1
684	2
684	3
684	4
684	5
684	6
684	7
684	8
684	9
684	10
684	11
684	12
684	13
684	14
684	15
684	25
684	26
684	27
684	28
684	29
684	30
684	31
684	32
684	33
684	34
684	35
684	36
684	37
684	38
684	39
684	40
684	48
684	53
684	59
684	60
684	61
684	64
684	67
684	69
684	70
684	77
684	78
684	82
684	83
684	84
685	1
685	2
685	3
685	4
685	5
685	6
685	7
685	8
685	9
685	10
685	11
685	12
685	13
685	14
685	15
685	26
685	27
685	28
685	29
685	30
685	31
685	32
685	33
685	34
685	35
685	36
685	37
685	38
685	40
685	46
685	47
685	48
685	51
685	58
685	59
685	60
685	69
685	70
685	77
685	78
686	1
686	2
686	3
686	4
686	5
686	6
686	7
686	8
686	9
686	11
686	12
686	13
686	14
686	15
686	26
686	27
686	28
686	29
686	30
686	31
686	32
686	33
686	34
686	35
686	36
686	37
686	38
686	39
686	40
686	41
686	42
686	43
686	44
686	45
686	46
686	47
686	48
686	49
686	50
686	53
686	54
686	55
686	61
686	64
686	65
686	66
686	67
686	68
686	70
686	71
686	77
686	82
686	83
687	1
687	2
687	3
687	4
687	5
687	8
687	11
687	12
687	13
687	14
687	15
687	25
687	26
687	28
687	30
687	31
687	34
687	35
687	36
687	37
687	38
687	39
687	40
687	41
687	43
687	44
687	45
687	46
687	47
687	48
687	49
687	50
687	52
687	53
687	54
687	57
687	58
687	59
687	60
687	61
687	64
687	65
687	66
687	67
687	68
687	69
687	71
687	78
687	80
687	81
687	82
687	83
688	1
688	3
688	5
688	6
688	7
688	8
688	9
688	10
688	11
688	12
688	13
688	14
688	15
688	25
688	26
688	27
688	28
688	29
688	30
688	31
688	32
688	34
688	35
688	36
688	37
688	38
688	39
688	40
688	41
688	43
688	44
688	45
688	46
688	47
688	48
688	49
688	50
688	52
688	53
688	54
688	55
688	56
688	57
688	58
688	59
688	60
688	61
688	62
688	64
688	65
688	66
688	67
688	68
688	69
688	70
688	71
688	73
688	75
688	76
688	77
688	78
688	89
690	1
690	2
690	3
690	4
690	5
690	6
690	8
690	9
690	10
690	11
690	12
690	13
690	14
690	15
690	25
690	26
690	27
690	28
690	29
690	30
690	31
690	32
690	33
690	34
690	35
690	36
690	37
690	38
690	39
690	40
690	41
690	42
690	43
690	44
690	45
690	46
690	47
690	48
690	50
690	52
690	53
690	54
690	56
690	57
690	58
690	59
690	60
690	61
690	62
690	64
690	65
690	66
690	67
690	68
690	69
690	70
690	71
690	72
690	73
690	74
690	75
690	76
691	1
691	2
691	3
691	4
691	5
691	6
691	7
691	8
691	9
691	11
691	12
691	13
691	14
691	15
691	26
691	27
691	28
691	29
691	30
691	31
691	32
691	33
691	34
691	35
691	36
691	37
691	38
691	39
691	40
691	41
691	42
691	43
691	44
691	45
691	46
691	47
691	48
691	49
691	50
691	52
691	53
691	56
691	57
691	69
691	77
692	1
692	2
692	3
692	5
692	6
692	7
692	8
692	9
692	10
692	11
692	12
692	13
692	14
692	15
692	26
692	27
692	28
692	29
692	30
692	31
692	32
692	33
692	34
692	35
692	36
692	37
692	38
692	39
692	40
692	41
692	42
692	43
692	44
692	45
692	46
692	47
692	48
692	49
692	50
692	53
692	54
692	55
692	59
692	60
692	61
692	64
692	66
692	67
692	69
692	70
692	71
692	78
692	81
692	82
692	83
693	1
693	2
693	3
693	5
693	6
693	7
693	8
693	11
693	12
693	14
693	15
693	25
693	26
693	27
693	28
693	29
693	30
693	31
693	32
693	33
693	34
693	35
693	36
693	37
693	38
693	39
693	40
693	41
693	42
693	43
693	44
693	45
693	46
693	47
693	48
693	49
693	50
693	52
693	53
693	54
693	55
693	56
693	57
693	59
693	60
693	61
693	62
693	64
693	66
693	67
693	68
693	69
693	71
693	73
693	74
693	75
693	77
693	84
694	1
694	2
694	5
694	6
694	8
694	11
694	12
694	31
694	33
694	35
694	37
694	59
694	62
694	69
695	1
695	2
695	3
695	4
695	5
695	6
695	7
695	8
695	9
695	11
695	12
695	13
695	14
695	15
695	25
695	26
695	27
695	28
695	29
695	30
695	31
695	32
695	33
695	34
695	35
695	36
695	37
695	38
695	39
695	40
695	41
695	42
695	43
695	44
695	45
695	46
695	47
695	48
695	49
695	50
695	52
695	53
695	54
695	55
695	56
695	57
695	58
695	59
695	60
695	61
695	62
695	64
695	67
695	68
695	69
695	70
695	71
695	72
695	78
695	80
695	81
695	82
695	83
696	1
696	2
696	3
696	5
696	6
696	7
696	8
696	9
696	11
696	12
696	14
696	15
696	26
696	27
696	28
696	30
696	31
696	32
696	33
696	34
696	35
696	37
696	38
696	39
696	40
696	41
696	42
696	44
696	45
696	47
696	49
696	54
696	59
696	60
696	64
696	67
696	69
696	71
696	77
696	78
697	1
697	2
697	3
697	4
697	5
697	6
697	7
697	8
697	9
697	10
697	11
697	12
697	13
697	14
697	15
697	26
697	27
697	28
697	30
697	31
697	32
697	33
697	34
697	35
697	36
697	37
697	38
697	39
697	40
697	41
697	42
697	43
697	44
697	45
697	46
697	47
697	48
697	49
697	50
697	53
697	54
697	55
697	58
697	59
697	60
697	61
697	64
697	65
697	66
697	67
697	68
697	69
697	70
697	81
697	82
697	83
698	1
698	2
698	3
698	4
698	5
698	6
698	7
698	11
698	12
698	14
698	15
698	28
698	31
698	34
698	35
698	36
698	37
698	38
698	39
698	40
698	41
698	42
698	43
698	44
698	45
698	46
698	47
698	48
698	50
698	53
698	54
698	59
698	60
698	61
698	66
698	70
698	77
698	78
699	1
699	2
699	3
699	4
699	5
699	6
699	7
699	8
699	9
699	11
699	12
699	13
699	14
699	15
699	26
699	27
699	28
699	30
699	31
699	33
699	34
699	35
699	36
699	37
699	38
699	39
699	40
699	41
699	42
699	44
699	45
699	46
699	47
699	48
699	49
699	52
699	53
699	54
699	55
699	56
699	57
699	59
699	61
699	64
699	65
699	66
699	67
699	68
699	71
699	77
699	78
699	81
699	82
699	83
700	1
700	2
700	3
700	5
700	6
700	7
700	8
700	9
700	10
700	11
700	12
700	13
700	15
700	26
700	27
700	31
700	32
700	33
700	34
700	35
700	36
700	37
700	38
700	39
700	40
700	41
700	44
700	45
700	46
700	48
700	49
700	53
700	54
700	59
700	61
700	69
700	71
700	77
700	78
701	1
701	2
701	3
701	4
701	5
701	6
701	7
701	8
701	9
701	11
701	12
701	13
701	14
701	15
701	25
701	26
701	27
701	28
701	29
701	30
701	31
701	32
701	33
701	34
701	35
701	36
701	37
701	38
701	39
701	40
701	41
701	42
701	43
701	44
701	45
701	46
701	47
701	48
701	49
701	50
701	52
701	53
701	54
701	55
701	56
701	57
701	58
701	59
701	60
701	61
701	62
701	64
701	65
701	66
701	67
701	68
701	69
701	70
701	71
701	73
701	74
701	75
701	78
701	80
701	81
701	82
701	83
701	87
702	1
702	2
702	3
702	4
702	5
702	6
702	7
702	8
702	9
702	10
702	11
702	12
702	13
702	14
702	15
702	26
702	27
702	28
702	29
702	30
702	31
702	32
702	33
702	34
702	35
702	36
702	37
702	38
702	39
702	40
702	41
702	42
702	43
702	44
702	45
702	46
702	47
702	48
702	49
702	50
702	51
702	52
702	53
702	54
702	55
702	56
702	57
702	58
702	59
702	60
702	61
702	62
702	63
702	64
702	66
702	67
702	68
702	69
702	73
702	78
702	79
702	80
702	83
702	88
703	1
703	2
703	3
703	4
703	5
703	6
703	7
703	8
703	9
703	10
703	11
703	12
703	13
703	14
703	15
703	25
703	26
703	27
703	28
703	30
703	31
703	32
703	33
703	34
703	35
703	36
703	37
703	38
703	39
703	40
703	41
703	43
703	44
703	45
703	46
703	47
703	48
703	49
703	50
703	52
703	53
703	54
703	55
703	59
703	60
703	61
703	64
703	66
703	67
703	68
703	70
703	78
703	83
704	2
704	3
704	5
704	6
704	7
704	8
704	11
704	12
704	13
704	14
704	15
704	26
704	27
704	28
704	29
704	30
704	31
704	33
704	34
704	35
704	36
704	37
704	38
704	39
704	40
704	41
704	42
704	43
704	44
704	45
704	46
704	47
704	48
704	49
704	50
704	52
704	53
704	54
704	55
704	57
704	58
704	59
704	60
704	61
704	62
704	64
704	65
704	66
704	67
704	68
704	69
704	70
704	71
704	73
704	76
704	77
704	78
704	79
704	81
704	82
704	83
704	86
705	1
705	2
705	3
705	4
705	5
705	6
705	7
705	8
705	9
705	10
705	11
705	12
705	13
705	14
705	15
705	26
705	28
705	30
705	31
705	32
705	34
705	35
705	36
705	37
705	38
705	39
705	40
705	41
705	42
705	43
705	44
705	45
705	46
705	47
705	48
705	49
705	50
705	52
705	53
705	54
705	55
705	56
705	57
705	58
705	61
705	62
705	66
705	68
705	69
705	80
706	1
706	2
706	3
706	5
706	6
706	7
706	8
706	9
706	10
706	11
706	12
706	13
706	14
706	15
706	26
706	27
706	28
706	29
706	30
706	31
706	32
706	33
706	34
706	35
706	36
706	37
706	38
706	39
706	40
706	41
706	42
706	43
706	44
706	47
706	48
706	49
706	50
706	53
706	54
706	55
706	59
706	60
706	61
706	64
706	66
706	67
706	68
706	69
706	71
706	78
706	82
706	83
707	3
707	5
707	8
707	11
707	12
707	15
707	28
707	30
707	34
707	35
707	39
707	46
707	48
707	49
707	59
707	64
707	66
707	67
707	70
707	71
707	81
707	82
707	83
708	1
708	2
708	3
708	4
708	5
708	6
708	7
708	8
708	9
708	10
708	11
708	12
708	13
708	14
708	15
708	26
708	27
708	28
708	29
708	30
708	31
708	33
708	34
708	35
708	36
708	37
708	38
708	39
708	40
708	41
708	43
708	44
708	45
708	46
708	50
708	52
708	53
708	54
708	55
708	59
708	60
708	78
708	80
709	1
709	2
709	3
709	4
709	5
709	6
709	7
709	8
709	9
709	11
709	12
709	13
709	14
709	15
709	25
709	26
709	27
709	28
709	29
709	30
709	31
709	32
709	33
709	34
709	35
709	36
709	37
709	38
709	39
709	40
709	41
709	42
709	43
709	44
709	45
709	46
709	47
709	48
709	49
709	50
709	52
709	53
709	54
709	55
709	56
709	57
709	58
709	59
709	60
709	61
709	62
709	64
709	66
709	67
709	68
709	69
709	73
709	74
709	77
709	78
710	1
710	2
710	3
710	5
710	6
710	7
710	8
710	9
710	11
710	12
710	13
710	14
710	15
710	26
710	27
710	28
710	31
710	32
710	34
710	35
710	36
710	37
710	38
710	39
710	40
710	41
710	43
710	44
710	45
710	46
710	47
710	48
710	49
710	50
710	52
710	53
710	54
710	55
710	56
710	57
710	59
710	60
710	61
710	64
710	65
710	66
710	67
710	68
710	70
710	71
710	72
710	73
710	78
710	79
710	82
710	87
711	1
711	2
711	3
711	4
711	5
711	6
711	7
711	8
711	9
711	10
711	11
711	12
711	13
711	14
711	15
711	25
711	26
711	27
711	28
711	29
711	30
711	31
711	32
711	33
711	34
711	35
711	36
711	37
711	38
711	39
711	40
711	41
711	42
711	43
711	44
711	45
711	46
711	47
711	48
711	49
711	50
711	52
711	53
711	56
711	57
711	59
711	61
711	64
711	67
711	68
711	69
711	70
711	72
711	78
711	81
711	82
711	83
712	1
712	3
712	4
712	5
712	6
712	7
712	8
712	9
712	10
712	11
712	13
712	14
712	15
712	26
712	27
712	28
712	30
712	31
712	32
712	34
712	35
712	36
712	37
712	38
712	39
712	40
712	41
712	42
712	43
712	44
712	45
712	46
712	47
712	48
712	49
712	50
712	53
712	54
712	56
712	57
712	58
712	59
712	60
712	61
712	64
712	65
712	69
712	71
712	76
712	78
712	81
713	1
713	2
713	3
713	4
713	5
713	6
713	7
713	8
713	9
713	10
713	11
713	12
713	13
713	14
713	15
713	26
713	27
713	28
713	29
713	30
713	31
713	32
713	33
713	34
713	35
713	36
713	37
713	39
713	40
713	41
713	42
713	43
713	44
713	45
713	46
713	47
713	48
713	49
713	50
713	53
713	54
713	59
713	60
713	61
713	62
713	64
713	66
713	67
713	68
713	69
713	77
713	78
713	81
713	82
713	83
714	1
714	2
714	3
714	4
714	5
714	6
714	7
714	8
714	9
714	10
714	11
714	12
714	13
714	14
714	15
714	26
714	27
714	28
714	29
714	30
714	31
714	32
714	33
714	34
714	35
714	36
714	37
714	38
714	39
714	40
714	41
714	42
714	43
714	44
714	45
714	46
714	47
714	48
714	49
714	50
714	53
714	58
714	59
714	60
714	64
714	67
714	69
714	78
714	81
714	82
714	83
715	1
715	3
715	4
715	5
715	6
715	7
715	8
715	9
715	10
715	11
715	12
715	13
715	14
715	15
715	26
715	27
715	28
715	29
715	30
715	31
715	33
715	34
715	35
715	36
715	37
715	38
715	39
715	41
715	42
715	48
715	49
715	53
715	56
715	57
715	58
715	59
715	60
715	64
715	67
715	68
715	69
715	78
715	82
716	1
716	2
716	3
716	5
716	6
716	8
716	9
716	10
716	11
716	12
716	13
716	15
716	28
716	29
716	31
716	32
716	33
716	34
716	35
716	36
716	37
716	38
716	39
716	40
716	41
716	42
716	43
716	44
716	46
716	47
716	49
716	56
716	59
716	60
716	62
716	64
716	67
716	68
716	69
716	73
716	74
716	78
716	81
716	82
716	83
717	1
717	2
717	3
717	4
717	6
717	7
717	8
717	9
717	10
717	11
717	13
717	15
717	26
717	28
717	29
717	30
717	31
717	32
717	34
717	35
717	36
717	38
717	39
717	40
717	41
717	42
717	43
717	44
717	45
717	46
717	47
717	49
717	50
717	51
717	53
717	54
717	57
717	59
717	60
717	61
717	62
717	63
717	64
717	65
717	66
717	67
717	68
717	77
717	78
717	81
717	82
717	83
718	1
718	2
718	3
718	4
718	5
718	6
718	7
718	8
718	9
718	10
718	11
718	12
718	13
718	14
718	15
718	26
718	27
718	28
718	29
718	30
718	31
718	32
718	33
718	34
718	35
718	36
718	37
718	38
718	39
718	40
718	41
718	43
718	44
718	45
718	46
718	47
718	48
718	49
718	50
718	52
718	53
718	54
718	55
718	56
718	57
718	59
718	60
718	61
718	62
718	64
718	66
718	67
718	68
718	69
718	70
718	71
718	72
718	73
718	78
718	80
718	81
718	82
718	83
718	84
718	86
718	87
718	88
719	1
719	2
719	3
719	5
719	6
719	8
719	9
719	11
719	12
719	13
719	14
719	15
719	26
719	27
719	28
719	29
719	30
719	31
719	32
719	34
719	35
719	36
719	37
719	38
719	39
719	40
719	41
719	42
719	43
719	44
719	45
719	46
719	47
719	48
719	49
719	50
719	52
719	53
719	54
719	59
719	60
719	61
719	64
719	65
719	66
719	67
719	68
719	70
719	71
719	72
719	73
719	77
719	81
719	82
719	83
719	84
720	1
720	2
720	3
720	4
720	5
720	6
720	7
720	8
720	11
720	12
720	15
720	28
720	30
720	31
720	33
720	34
720	35
720	36
720	37
720	38
720	39
720	40
720	41
720	43
720	44
720	45
720	46
720	47
720	48
720	49
720	50
720	53
720	54
720	59
720	60
720	61
720	64
720	66
720	67
720	68
720	69
720	70
720	72
720	84
721	1
721	2
721	3
721	4
721	5
721	6
721	7
721	8
721	9
721	11
721	12
721	13
721	14
721	15
721	22
721	26
721	28
721	29
721	30
721	31
721	32
721	33
721	34
721	35
721	36
721	37
721	38
721	39
721	40
721	41
721	42
721	45
721	46
721	47
721	48
721	49
721	50
721	53
721	59
721	60
721	69
721	78
722	1
722	2
722	3
722	5
722	6
722	7
722	8
722	11
722	12
722	13
722	14
722	15
722	26
722	27
722	28
722	31
722	32
722	33
722	34
722	35
722	36
722	37
722	38
722	39
722	45
722	46
722	48
722	49
722	52
722	53
722	54
722	55
722	59
722	60
722	61
722	64
722	65
722	66
722	67
722	68
722	69
722	71
722	73
722	78
722	79
722	81
722	82
722	83
723	1
723	2
723	3
723	5
723	6
723	7
723	8
723	9
723	11
723	12
723	13
723	14
723	15
723	26
723	27
723	28
723	29
723	30
723	31
723	32
723	33
723	34
723	35
723	36
723	37
723	38
723	39
723	40
723	41
723	43
723	44
723	46
723	47
723	48
723	49
723	50
723	53
723	54
723	55
723	58
723	59
723	60
723	61
723	62
723	64
723	66
723	67
723	68
723	69
723	70
723	71
723	78
724	1
724	2
724	3
724	4
724	5
724	6
724	7
724	8
724	9
724	10
724	11
724	12
724	13
724	14
724	15
724	26
724	27
724	28
724	29
724	30
724	31
724	32
724	33
724	34
724	35
724	36
724	37
724	38
724	39
724	40
724	41
724	43
724	44
724	45
724	46
724	47
724	48
724	50
724	52
724	53
724	54
724	55
724	56
724	57
724	58
724	59
724	60
724	61
724	62
724	64
724	66
724	67
724	68
724	69
724	70
724	71
724	78
725	3
725	4
725	5
725	6
725	9
725	12
725	13
725	14
725	15
725	26
725	28
725	30
725	31
725	32
725	34
725	35
725	36
725	37
725	38
725	48
725	53
725	54
725	55
725	58
725	59
725	60
725	61
725	65
725	69
725	71
726	1
726	2
726	3
726	6
726	7
726	8
726	9
726	10
726	11
726	12
726	13
726	14
726	15
726	26
726	27
726	28
726	30
726	34
726	35
726	36
726	37
726	38
726	39
726	40
726	41
726	42
726	43
726	44
726	45
726	46
726	47
726	48
726	50
726	52
726	53
726	54
726	56
726	57
726	59
726	60
726	61
726	65
726	70
726	71
726	78
727	3
727	4
727	5
727	6
727	7
727	8
727	11
727	13
727	14
727	15
727	26
727	27
727	28
727	29
727	30
727	31
727	35
727	37
727	38
727	39
727	48
727	51
727	56
727	59
727	61
727	63
727	68
727	69
727	78
728	1
728	2
728	3
728	5
728	6
728	7
728	8
728	9
728	10
728	11
728	12
728	13
728	14
728	15
728	25
728	26
728	27
728	28
728	29
728	30
728	32
728	34
728	35
728	36
728	37
728	38
728	45
728	46
728	47
728	48
728	49
728	50
728	52
728	53
728	54
728	55
728	56
728	57
728	58
728	64
728	66
728	67
728	69
728	70
728	71
728	73
728	79
728	82
728	83
728	86
729	2
729	3
729	5
729	6
729	7
729	8
729	12
729	13
729	14
729	15
729	26
729	27
729	28
729	29
729	31
729	32
729	33
729	34
729	35
729	36
729	37
729	49
729	53
729	59
729	60
729	61
729	64
729	69
729	71
729	77
729	78
729	82
729	83
730	1
730	2
730	3
730	4
730	5
730	6
730	8
730	11
730	12
730	13
730	14
730	15
730	25
730	26
730	27
730	28
730	29
730	30
730	31
730	32
730	33
730	34
730	35
730	36
730	37
730	38
730	39
730	40
730	41
730	42
730	43
730	44
730	45
730	46
730	47
730	48
730	49
730	50
730	52
730	56
730	58
730	59
730	60
730	61
730	62
730	64
730	65
730	66
730	67
730	68
730	69
730	70
730	73
730	78
730	89
731	1
731	2
731	3
731	4
731	7
731	8
731	9
731	11
731	15
731	26
731	27
731	28
731	29
731	30
731	31
731	32
731	34
731	35
731	36
731	37
731	38
731	39
731	40
731	41
731	42
731	43
731	44
731	45
731	46
731	47
731	48
731	49
731	50
731	53
731	54
731	59
731	60
731	61
731	64
731	66
731	67
731	68
731	69
731	71
731	77
731	78
731	81
731	83
732	1
732	2
732	3
732	4
732	5
732	6
732	7
732	8
732	11
732	12
732	13
732	14
732	15
732	26
732	27
732	28
732	29
732	30
732	31
732	32
732	33
732	34
732	35
732	36
732	37
732	38
732	39
732	40
732	41
732	42
732	43
732	44
732	45
732	46
732	47
732	48
732	49
732	50
732	52
732	53
732	54
732	55
732	56
732	57
732	58
732	59
732	60
732	61
732	62
732	64
732	66
732	67
732	68
732	69
732	70
732	73
732	74
732	75
732	77
732	78
732	79
732	80
732	86
733	1
733	2
733	3
733	5
733	6
733	7
733	8
733	11
733	12
733	13
733	14
733	15
733	25
733	26
733	28
733	30
733	31
733	32
733	33
733	34
733	35
733	36
733	37
733	38
733	39
733	40
733	41
733	42
733	43
733	44
733	45
733	46
733	47
733	48
733	49
733	50
733	52
733	53
733	54
733	55
733	56
733	57
733	59
733	60
733	61
733	62
733	64
733	66
733	67
733	68
733	69
733	70
733	71
733	78
733	84
734	1
734	2
734	3
734	4
734	5
734	6
734	7
734	8
734	9
734	10
734	11
734	12
734	13
734	14
734	15
734	26
734	27
734	28
734	29
734	30
734	31
734	32
734	33
734	34
734	35
734	36
734	37
734	38
734	39
734	40
734	41
734	42
734	43
734	44
734	45
734	46
734	47
734	48
734	49
734	50
734	53
734	54
734	55
734	56
734	59
734	60
734	61
734	62
734	64
734	66
734	67
734	68
734	69
734	73
734	74
734	75
734	77
734	78
734	80
735	1
735	3
735	4
735	5
735	6
735	7
735	8
735	11
735	12
735	13
735	15
735	26
735	28
735	29
735	30
735	31
735	33
735	34
735	35
735	36
735	38
735	49
735	55
735	58
735	59
735	60
735	64
735	67
735	82
735	83
736	1
736	3
736	5
736	6
736	7
736	8
736	12
736	15
736	28
736	30
736	31
736	34
736	35
736	36
736	37
736	38
736	49
736	55
736	58
736	59
736	60
736	64
736	67
736	78
736	81
736	83
737	1
737	2
737	3
737	4
737	5
737	6
737	7
737	8
737	11
737	12
737	13
737	14
737	15
737	25
737	26
737	27
737	28
737	30
737	31
737	33
737	34
737	35
737	36
737	37
737	38
737	39
737	40
737	41
737	42
737	43
737	44
737	45
737	46
737	47
737	48
737	49
737	50
737	52
737	53
737	54
737	55
737	56
737	57
737	59
737	61
737	62
737	64
737	65
737	66
737	67
737	68
737	69
737	70
737	71
737	73
737	74
737	75
737	76
737	77
737	79
737	84
738	1
738	2
738	3
738	4
738	5
738	6
738	7
738	8
738	11
738	12
738	13
738	14
738	15
738	25
738	26
738	27
738	28
738	29
738	30
738	31
738	32
738	33
738	34
738	35
738	36
738	37
738	38
738	39
738	40
738	41
738	42
738	43
738	44
738	45
738	46
738	47
738	48
738	49
738	50
738	52
738	53
738	54
738	55
738	58
738	59
738	60
738	61
738	62
738	64
738	66
738	67
738	68
738	69
738	77
738	78
739	1
739	2
739	3
739	4
739	5
739	6
739	7
739	8
739	11
739	12
739	13
739	14
739	15
739	26
739	27
739	28
739	29
739	30
739	33
739	34
739	35
739	36
739	37
739	38
739	39
739	40
739	41
739	42
739	43
739	44
739	45
739	46
739	47
739	48
739	49
739	50
739	52
739	53
739	54
739	55
739	59
739	60
739	61
739	64
739	65
739	66
739	67
739	68
739	69
739	70
739	71
739	72
739	73
739	78
739	79
739	81
739	82
739	83
739	86
740	1
740	2
740	3
740	4
740	6
740	7
740	8
740	9
740	10
740	11
740	12
740	13
740	14
740	15
740	26
740	28
740	29
740	30
740	31
740	33
740	34
740	35
740	36
740	37
740	38
740	39
740	40
740	41
740	43
740	44
740	45
740	46
740	47
740	48
740	49
740	50
740	52
740	53
740	54
740	55
740	56
740	57
740	59
740	60
740	61
740	64
740	66
740	67
740	68
740	69
740	70
740	71
740	72
740	78
741	1
741	2
741	3
741	4
741	5
741	6
741	7
741	8
741	9
741	10
741	11
741	12
741	13
741	14
741	15
741	26
741	27
741	28
741	29
741	30
741	31
741	32
741	33
741	34
741	35
741	37
741	38
741	39
741	40
741	43
741	46
741	47
741	48
741	59
741	60
741	61
741	69
741	71
741	77
741	78
741	81
741	82
742	1
742	2
742	3
742	5
742	6
742	7
742	8
742	9
742	10
742	11
742	12
742	13
742	14
742	15
742	26
742	28
742	29
742	30
742	31
742	32
742	33
742	34
742	35
742	36
742	37
742	38
742	39
742	40
742	41
742	42
742	43
742	44
742	45
742	46
742	47
742	48
742	49
742	50
742	53
742	54
742	55
742	59
742	60
742	61
742	64
742	66
742	67
742	68
742	69
742	70
742	78
742	82
742	83
743	1
743	3
743	4
743	5
743	6
743	7
743	8
743	9
743	10
743	11
743	12
743	13
743	14
743	15
743	25
743	26
743	27
743	28
743	29
743	30
743	31
743	32
743	33
743	34
743	35
743	36
743	37
743	38
743	39
743	40
743	41
743	43
743	44
743	45
743	46
743	47
743	48
743	49
743	50
743	53
743	58
743	59
743	64
743	65
743	66
743	67
743	68
743	69
743	76
743	81
743	82
743	83
744	1
744	3
744	5
744	6
744	8
744	9
744	10
744	11
744	12
744	13
744	14
744	15
744	26
744	27
744	28
744	29
744	30
744	31
744	32
744	33
744	34
744	35
744	36
744	37
744	38
744	39
744	40
744	41
744	42
744	43
744	44
744	45
744	46
744	47
744	48
744	49
744	50
744	51
744	52
744	53
744	55
744	57
744	58
744	59
744	60
744	61
744	64
744	66
744	68
744	70
744	78
744	80
745	1
745	2
745	3
745	4
745	5
745	6
745	7
745	8
745	9
745	10
745	11
745	12
745	13
745	14
745	15
745	26
745	27
745	28
745	30
745	31
745	32
745	33
745	34
745	35
745	36
745	37
745	38
745	39
745	40
745	41
745	42
745	43
745	44
745	45
745	46
745	47
745	48
745	49
745	50
745	52
745	53
745	55
745	56
745	58
745	59
745	60
745	61
745	64
745	67
745	69
745	71
745	72
745	78
745	82
745	83
746	1
746	2
746	3
746	6
746	7
746	8
746	9
746	10
746	11
746	12
746	13
746	14
746	15
746	26
746	28
746	29
746	30
746	31
746	34
746	35
746	36
746	38
746	39
746	40
746	41
746	42
746	43
746	44
746	45
746	46
746	47
746	48
746	49
746	50
746	52
746	53
746	54
746	55
746	56
746	59
746	60
746	61
746	62
746	64
746	67
746	69
746	70
746	78
746	80
746	81
746	82
746	83
747	1
747	2
747	3
747	5
747	6
747	7
747	8
747	10
747	11
747	12
747	13
747	15
747	25
747	26
747	27
747	28
747	29
747	30
747	31
747	32
747	33
747	34
747	35
747	36
747	37
747	38
747	47
747	48
747	53
747	59
747	60
747	61
747	64
747	67
747	69
747	70
747	72
747	77
747	81
748	1
748	2
748	3
748	4
748	5
748	6
748	8
748	9
748	11
748	12
748	13
748	14
748	15
748	26
748	28
748	30
748	31
748	32
748	33
748	34
748	35
748	36
748	37
748	38
748	39
748	40
748	41
748	42
748	44
748	45
748	46
748	47
748	48
748	49
748	50
748	52
748	53
748	54
748	55
748	57
748	58
748	59
748	60
748	61
748	64
748	65
748	66
748	67
748	68
748	70
748	71
748	77
748	78
748	81
748	82
748	83
749	1
749	2
749	3
749	5
749	6
749	7
749	8
749	9
749	10
749	11
749	12
749	13
749	14
749	15
749	26
749	27
749	28
749	29
749	30
749	31
749	32
749	33
749	34
749	35
749	36
749	37
749	38
749	39
749	40
749	41
749	43
749	44
749	47
749	48
749	49
749	50
749	53
749	55
749	58
749	59
749	60
749	61
749	62
749	64
749	67
749	68
749	69
749	70
749	71
749	72
749	77
749	78
749	84
750	1
750	2
750	3
750	5
750	6
750	7
750	8
750	9
750	10
750	11
750	12
750	13
750	15
750	26
750	27
750	28
750	29
750	30
750	31
750	32
750	33
750	34
750	35
750	36
750	37
750	38
750	39
750	40
750	41
750	42
750	43
750	45
750	46
750	47
750	48
750	49
750	50
750	52
750	53
750	54
750	56
750	57
750	59
750	60
750	61
750	64
750	66
750	67
750	68
750	69
750	70
750	71
750	72
750	73
750	78
750	79
750	80
750	81
750	83
750	86
751	1
751	2
751	3
751	4
751	5
751	6
751	7
751	8
751	9
751	10
751	11
751	12
751	13
751	14
751	15
751	26
751	27
751	28
751	29
751	30
751	31
751	32
751	33
751	34
751	35
751	36
751	37
751	38
751	39
751	40
751	41
751	43
751	44
751	45
751	46
751	47
751	48
751	49
751	50
751	52
751	53
751	54
751	55
751	56
751	57
751	59
751	60
751	61
751	62
751	64
751	66
751	67
751	68
751	69
751	70
751	72
751	73
751	74
751	75
751	78
751	79
751	80
751	84
752	1
752	2
752	3
752	4
752	5
752	6
752	9
752	10
752	11
752	12
752	13
752	14
752	28
752	30
752	31
752	32
752	34
752	35
752	36
752	37
752	38
752	39
752	40
752	41
752	49
752	55
752	59
752	60
752	64
752	69
752	81
752	82
752	83
753	1
753	2
753	3
753	4
753	5
753	6
753	7
753	8
753	11
753	12
753	13
753	14
753	15
753	25
753	26
753	28
753	30
753	31
753	32
753	33
753	34
753	35
753	36
753	37
753	38
753	39
753	40
753	41
753	43
753	44
753	45
753	46
753	47
753	48
753	49
753	50
753	51
753	53
753	54
753	59
753	60
753	61
753	62
753	63
753	64
753	66
753	67
753	68
753	69
753	70
753	78
753	81
753	82
753	83
753	84
754	1
754	2
754	3
754	5
754	6
754	7
754	8
754	9
754	11
754	12
754	13
754	14
754	15
754	25
754	26
754	27
754	28
754	29
754	30
754	31
754	32
754	34
754	35
754	36
754	37
754	38
754	39
754	40
754	41
754	43
754	44
754	45
754	46
754	47
754	48
754	49
754	50
754	53
754	59
754	60
754	64
754	67
754	69
754	78
754	81
754	82
754	83
756	1
756	2
756	3
756	4
756	5
756	6
756	7
756	8
756	9
756	10
756	11
756	12
756	13
756	14
756	15
756	25
756	26
756	27
756	28
756	29
756	30
756	31
756	32
756	34
756	35
756	36
756	37
756	38
756	39
756	40
756	41
756	42
756	43
756	44
756	45
756	46
756	47
756	48
756	49
756	50
756	52
756	53
756	54
756	55
756	57
756	59
756	60
756	61
756	62
756	64
756	66
756	67
756	69
756	73
756	74
756	77
756	78
756	80
757	1
757	2
757	3
757	5
757	6
757	7
757	8
757	9
757	11
757	12
757	13
757	14
757	15
757	26
757	27
757	28
757	29
757	30
757	31
757	32
757	33
757	34
757	35
757	36
757	37
757	38
757	39
757	40
757	41
757	42
757	43
757	45
757	46
757	47
757	48
757	49
757	50
757	52
757	53
757	54
757	55
757	56
757	57
757	58
757	59
757	60
757	61
757	62
757	64
757	66
757	67
757	68
757	69
757	70
757	71
757	72
757	78
757	81
757	82
757	83
757	84
757	88
758	3
758	4
758	5
758	6
758	8
758	11
758	31
758	33
758	34
758	36
758	38
758	40
758	66
759	3
759	4
759	8
759	10
759	11
759	12
759	25
759	26
759	27
759	28
759	30
759	31
759	32
759	34
759	35
759	38
759	39
759	40
759	41
759	49
759	55
759	58
759	59
759	60
759	62
759	64
759	67
759	78
759	81
759	83
760	1
760	2
760	3
760	4
760	5
760	6
760	7
760	8
760	9
760	10
760	11
760	12
760	13
760	14
760	15
760	25
760	26
760	27
760	28
760	29
760	30
760	31
760	32
760	33
760	34
760	35
760	36
760	37
760	38
760	39
760	40
760	41
760	43
760	44
760	45
760	46
760	47
760	48
760	49
760	50
760	52
760	53
760	54
760	55
760	56
760	57
760	61
760	64
760	66
760	67
760	68
760	69
760	70
760	71
760	80
760	81
760	83
761	1
761	2
761	3
761	8
761	11
761	12
761	15
761	26
761	28
761	29
761	30
761	31
761	34
761	35
761	36
761	38
761	39
761	40
761	41
761	42
761	43
761	44
761	45
761	46
761	47
761	49
761	50
761	52
761	53
761	54
761	55
761	59
761	60
761	61
761	62
761	64
761	66
761	67
761	68
761	71
761	79
761	82
762	1
762	2
762	3
762	5
762	6
762	7
762	8
762	9
762	10
762	11
762	12
762	13
762	14
762	15
762	26
762	27
762	28
762	30
762	31
762	33
762	34
762	35
762	36
762	37
762	38
762	39
762	40
762	44
762	47
762	48
762	52
762	55
762	59
762	64
762	65
762	66
762	67
762	69
762	78
762	81
762	82
762	83
763	1
763	2
763	3
763	4
763	5
763	6
763	7
763	8
763	11
763	12
763	15
763	28
763	29
763	30
763	31
763	33
763	34
763	35
763	38
763	39
763	40
763	41
763	43
763	44
763	46
763	47
763	49
763	50
763	53
763	69
764	12
764	34
764	35
764	40
764	41
764	59
764	60
764	64
764	67
764	81
764	83
765	1
765	2
765	3
765	4
765	5
765	6
765	7
765	8
765	11
765	12
765	13
765	14
765	15
765	26
765	27
765	28
765	30
765	31
765	33
765	34
765	35
765	36
765	37
765	38
765	39
765	40
765	41
765	42
765	43
765	44
765	45
765	46
765	47
765	48
765	49
765	50
765	52
765	53
765	54
765	55
765	56
765	57
765	59
765	60
765	61
765	62
765	64
765	65
765	66
765	67
765	68
765	70
765	71
765	73
765	74
765	76
765	79
765	82
765	83
766	1
766	2
766	3
766	5
766	6
766	7
766	8
766	11
766	12
766	13
766	14
766	15
766	25
766	26
766	28
766	31
766	32
766	33
766	34
766	35
766	36
766	37
766	38
766	39
766	40
766	41
766	45
766	46
766	48
766	49
766	50
766	52
766	53
766	54
766	55
766	56
766	57
766	59
766	60
766	61
766	64
766	67
766	68
766	69
766	71
766	78
766	80
766	81
766	83
767	1
767	2
767	3
767	5
767	6
767	7
767	8
767	9
767	11
767	12
767	13
767	14
767	15
767	25
767	26
767	27
767	28
767	29
767	30
767	31
767	34
767	35
767	36
767	37
767	38
767	39
767	40
767	41
767	42
767	43
767	44
767	45
767	46
767	47
767	48
767	49
767	50
767	52
767	53
767	54
767	55
767	56
767	58
767	59
767	60
767	61
767	62
767	64
767	66
767	67
767	68
767	69
767	70
767	71
767	73
767	74
767	75
767	77
767	78
767	84
768	1
768	3
768	5
768	6
768	7
768	8
768	9
768	10
768	11
768	12
768	13
768	14
768	15
768	26
768	27
768	28
768	29
768	30
768	31
768	32
768	34
768	35
768	36
768	37
768	38
768	39
768	40
768	41
768	43
768	44
768	45
768	46
768	47
768	48
768	49
768	50
768	53
768	55
768	59
768	60
768	61
768	64
768	66
768	67
768	68
768	69
768	70
768	71
768	78
768	81
768	82
768	83
769	1
769	2
769	3
769	5
769	6
769	7
769	8
769	9
769	10
769	11
769	12
769	13
769	14
769	15
769	26
769	27
769	28
769	29
769	30
769	31
769	32
769	33
769	34
769	35
769	36
769	37
769	38
769	39
769	40
769	41
769	44
769	46
769	47
769	48
769	51
769	59
769	60
769	61
769	62
769	64
769	65
769	66
769	67
769	69
769	77
769	78
770	1
770	2
770	3
770	5
770	6
770	8
770	9
770	10
770	11
770	12
770	13
770	15
770	26
770	27
770	28
770	29
770	30
770	31
770	32
770	33
770	34
770	35
770	36
770	37
770	38
770	39
770	40
770	41
770	42
770	43
770	44
770	45
770	46
770	47
770	48
770	49
770	50
770	53
770	55
770	58
770	59
770	60
770	61
770	64
770	67
770	68
770	69
770	70
770	71
770	78
770	83
771	1
771	2
771	3
771	4
771	5
771	6
771	7
771	8
771	9
771	10
771	11
771	12
771	13
771	14
771	15
771	26
771	27
771	28
771	29
771	30
771	31
771	32
771	33
771	34
771	35
771	36
771	37
771	38
771	39
771	40
771	41
771	43
771	44
771	46
771	47
771	48
771	49
771	64
771	65
771	67
771	68
771	69
771	81
771	82
772	1
772	2
772	5
772	6
772	7
772	8
772	9
772	11
772	12
772	13
772	14
772	15
772	26
772	27
772	28
772	30
772	31
772	32
772	33
772	34
772	35
772	36
772	37
772	38
772	43
772	44
772	45
772	47
772	48
772	50
772	52
772	53
772	54
772	56
772	57
772	59
772	60
772	61
772	68
772	69
772	71
772	77
772	78
772	88
773	1
773	2
773	3
773	6
773	7
773	11
773	12
773	13
773	14
773	26
773	28
773	31
773	34
773	35
773	36
773	39
773	40
773	41
773	42
773	45
773	46
773	48
773	49
773	55
773	61
773	62
773	81
774	1
774	2
774	3
774	4
774	6
774	8
774	11
774	12
774	15
774	26
774	28
774	29
774	30
774	31
774	32
774	34
774	35
774	36
774	38
774	39
774	40
774	41
774	42
774	44
774	45
774	46
774	47
774	48
774	49
774	50
774	52
774	53
774	54
774	55
774	56
774	59
774	60
774	61
774	62
774	63
774	64
774	66
774	67
774	68
774	69
774	70
774	78
774	80
774	81
774	82
774	84
774	87
775	1
775	2
775	5
775	6
775	7
775	8
775	10
775	11
775	12
775	14
775	15
775	26
775	27
775	28
775	30
775	31
775	34
775	36
775	37
775	38
775	46
775	55
775	58
775	59
775	60
775	70
775	78
776	1
776	2
776	3
776	4
776	5
776	6
776	7
776	8
776	9
776	10
776	11
776	12
776	13
776	14
776	15
776	26
776	27
776	28
776	29
776	30
776	31
776	32
776	33
776	34
776	35
776	36
776	38
776	39
776	40
776	41
776	42
776	44
776	46
776	48
776	49
776	52
776	54
776	55
776	59
776	60
776	61
776	64
776	66
776	67
776	68
776	69
776	73
776	77
776	78
776	79
776	81
776	82
776	83
776	86
777	1
777	2
777	3
777	5
777	6
777	7
777	8
777	9
777	11
777	12
777	13
777	14
777	15
777	26
777	27
777	28
777	31
777	34
777	35
777	36
777	37
777	38
777	39
777	40
777	41
777	42
777	44
777	45
777	46
777	47
777	50
777	53
777	59
777	60
777	61
777	62
777	69
777	78
777	81
777	83
778	1
778	2
778	14
778	34
778	35
778	39
778	40
778	46
778	50
778	53
778	56
778	69
779	1
779	2
779	3
779	4
779	5
779	6
779	7
779	8
779	9
779	10
779	11
779	12
779	13
779	14
779	15
779	26
779	27
779	28
779	31
779	33
779	34
779	35
779	36
779	37
779	38
779	39
779	40
779	41
779	42
779	43
779	44
779	45
779	46
779	47
779	48
779	49
779	50
779	53
779	56
779	59
779	60
779	61
779	64
779	67
779	68
779	69
779	70
779	71
779	72
779	78
779	81
779	82
779	83
780	1
780	3
780	4
780	5
780	6
780	7
780	8
780	9
780	10
780	11
780	12
780	13
780	14
780	15
780	26
780	27
780	28
780	34
780	35
780	36
780	38
780	39
780	40
780	41
780	42
780	43
780	44
780	47
780	48
780	50
780	53
780	59
780	60
780	61
780	69
780	78
781	1
781	2
781	3
781	4
781	6
781	8
781	11
781	12
781	13
781	15
781	26
781	28
781	29
781	30
781	31
781	32
781	34
781	35
781	36
781	38
781	39
781	40
781	41
781	44
781	45
781	47
781	48
781	49
781	52
781	53
781	54
781	55
781	57
781	59
781	60
781	61
781	62
781	63
781	64
781	66
781	68
781	69
781	70
781	78
781	81
781	82
781	83
781	87
781	88
782	1
782	2
782	3
782	4
782	5
782	6
782	7
782	8
782	9
782	10
782	11
782	12
782	13
782	14
782	15
782	25
782	26
782	27
782	28
782	29
782	30
782	31
782	32
782	33
782	34
782	35
782	36
782	37
782	38
782	39
782	40
782	41
782	42
782	43
782	44
782	45
782	46
782	47
782	48
782	49
782	50
782	52
782	53
782	54
782	55
782	56
782	57
782	59
782	60
782	61
782	62
782	64
782	66
782	67
782	68
782	69
782	70
782	71
782	73
782	74
782	77
782	78
783	1
783	2
783	3
783	4
783	5
783	6
783	7
783	8
783	9
783	10
783	11
783	12
783	13
783	14
783	15
783	26
783	27
783	28
783	30
783	31
783	32
783	33
783	34
783	35
783	36
783	37
783	38
783	39
783	40
783	41
783	42
783	43
783	44
783	45
783	46
783	47
783	48
783	50
783	52
783	53
783	54
783	55
783	56
783	57
783	58
783	59
783	60
783	61
783	62
783	64
783	66
783	67
783	68
783	69
783	70
783	71
783	73
783	74
783	75
783	77
783	78
783	80
784	1
784	2
784	3
784	5
784	6
784	7
784	8
784	9
784	11
784	12
784	13
784	14
784	15
784	25
784	26
784	28
784	33
784	34
784	35
784	36
784	37
784	38
784	39
784	40
784	41
784	45
784	46
784	48
784	49
784	53
784	54
784	55
784	59
784	60
784	61
784	64
784	65
784	66
784	67
784	68
784	71
784	83
785	1
785	2
785	3
785	4
785	5
785	6
785	7
785	8
785	9
785	11
785	12
785	13
785	14
785	15
785	26
785	27
785	28
785	29
785	30
785	31
785	32
785	33
785	34
785	35
785	36
785	37
785	38
785	39
785	40
785	41
785	42
785	43
785	44
785	46
785	47
785	48
785	49
785	50
785	53
785	54
785	55
785	58
785	59
785	60
785	61
785	62
785	64
785	66
785	67
785	68
785	69
785	70
785	72
785	73
785	74
785	75
785	77
785	78
785	84
786	1
786	2
786	5
786	6
786	7
786	8
786	11
786	12
786	13
786	15
786	26
786	27
786	30
786	31
786	34
786	35
786	36
786	37
786	38
786	39
786	46
786	48
786	50
786	52
786	53
786	55
786	57
786	58
786	61
786	66
786	68
786	69
786	71
787	1
787	2
787	3
787	4
787	5
787	6
787	7
787	8
787	9
787	10
787	11
787	12
787	13
787	14
787	15
787	26
787	27
787	28
787	29
787	30
787	31
787	32
787	33
787	34
787	35
787	36
787	37
787	38
787	39
787	40
787	41
787	42
787	44
787	45
787	46
787	47
787	48
787	49
787	50
787	53
787	54
787	55
787	58
787	59
787	61
787	62
787	64
787	67
787	68
787	69
787	70
787	71
787	72
787	77
788	3
788	5
788	6
788	8
788	11
788	12
788	13
788	15
788	27
788	28
788	30
788	34
788	35
788	38
788	39
788	40
788	41
788	42
788	43
788	44
788	45
788	46
788	47
788	48
788	49
788	50
788	52
788	53
788	55
788	56
788	58
788	59
788	60
788	65
788	66
788	73
788	78
788	79
788	81
788	82
789	1
789	2
789	3
789	4
789	5
789	6
789	7
789	8
789	9
789	10
789	11
789	12
789	13
789	14
789	15
789	26
789	27
789	28
789	29
789	30
789	31
789	32
789	33
789	34
789	35
789	36
789	37
789	38
789	39
789	40
789	41
789	43
789	44
789	45
789	46
789	47
789	48
789	49
789	50
789	52
789	53
789	54
789	55
789	57
789	59
789	60
789	61
789	64
789	65
789	66
789	67
789	68
789	69
789	70
789	71
789	77
789	79
789	81
789	82
790	1
790	2
790	3
790	4
790	5
790	6
790	7
790	8
790	9
790	10
790	11
790	12
790	13
790	14
790	15
790	22
790	26
790	27
790	28
790	30
790	31
790	32
790	33
790	34
790	35
790	36
790	37
790	38
790	39
790	40
790	42
790	43
790	46
790	50
790	52
790	53
790	54
790	55
790	56
790	57
790	58
790	59
790	60
790	61
790	62
790	64
790	66
790	67
790	68
790	69
790	70
790	71
790	73
790	74
790	78
790	80
791	1
791	2
791	3
791	4
791	5
791	6
791	7
791	8
791	9
791	11
791	12
791	13
791	14
791	15
791	26
791	27
791	28
791	29
791	30
791	31
791	32
791	34
791	35
791	36
791	37
791	38
791	39
791	40
791	41
791	45
791	46
791	47
791	48
791	49
791	50
791	52
791	53
791	54
791	55
791	56
791	57
791	59
791	60
791	61
791	62
791	64
791	65
791	66
791	67
791	68
791	69
791	70
791	73
791	76
791	77
791	78
791	81
791	82
792	5
792	6
792	8
792	11
792	12
792	13
792	14
792	15
792	27
792	30
792	34
792	35
792	36
792	37
792	38
792	39
792	46
792	48
792	49
792	50
792	52
792	58
792	61
792	64
792	66
792	67
792	70
792	71
792	80
792	81
792	82
792	83
793	6
793	7
793	8
793	11
793	12
793	13
793	14
793	26
793	27
793	28
793	30
793	34
793	35
793	39
793	40
793	41
793	42
793	43
793	46
793	47
793	50
793	53
793	55
793	58
793	59
793	60
793	64
793	67
793	78
793	81
793	82
793	83
794	1
794	2
794	3
794	4
794	5
794	6
794	7
794	10
794	11
794	12
794	14
794	15
794	22
794	26
794	28
794	30
794	31
794	32
794	34
794	35
794	36
794	37
794	39
794	40
794	43
794	45
794	48
794	49
794	51
794	59
794	61
794	62
794	64
794	65
794	68
794	69
794	70
794	71
794	73
794	79
794	81
794	82
795	1
795	2
795	3
795	4
795	5
795	6
795	8
795	9
795	10
795	11
795	12
795	13
795	14
795	15
795	16
795	17
795	18
795	20
795	21
795	22
795	25
795	26
795	27
795	28
795	29
795	30
795	31
795	32
795	33
795	34
795	35
795	36
795	37
795	38
795	39
795	40
795	41
795	42
795	43
795	44
795	45
795	46
795	47
795	48
795	49
795	50
795	51
795	52
795	53
795	54
795	55
795	56
795	57
795	58
795	59
795	60
795	61
795	62
795	64
795	65
795	66
795	67
795	68
795	69
795	71
795	73
795	76
795	78
795	79
795	80
795	86
795	93
795	94
796	1
796	2
796	3
796	4
796	5
796	8
796	11
796	12
796	14
796	15
796	22
796	25
796	26
796	27
796	28
796	30
796	34
796	35
796	38
796	39
796	44
796	46
796	48
796	51
796	52
796	55
796	56
796	58
796	59
796	60
796	61
796	62
796	64
796	65
796	66
796	67
796	69
796	71
796	72
796	73
796	74
796	79
796	94
797	1
797	2
797	3
797	5
797	6
797	7
797	8
797	9
797	10
797	11
797	12
797	13
797	14
797	15
797	16
797	17
797	18
797	20
797	21
797	22
797	26
797	27
797	28
797	29
797	30
797	31
797	32
797	33
797	34
797	35
797	36
797	37
797	38
797	39
797	40
797	41
797	42
797	44
797	45
797	46
797	47
797	48
797	49
797	50
797	52
797	53
797	54
797	55
797	56
797	57
797	58
797	59
797	60
797	61
797	62
797	64
797	65
797	66
797	67
797	68
797	69
797	70
797	72
797	78
797	79
797	80
797	83
797	84
797	88
797	92
798	1
798	2
798	5
798	6
798	7
798	8
798	11
798	13
798	14
798	15
798	22
798	26
798	27
798	28
798	30
798	31
798	33
798	34
798	35
798	36
798	37
798	39
798	40
798	42
798	44
798	45
798	48
798	49
798	59
798	60
798	61
798	64
798	66
798	67
798	68
798	69
798	71
798	76
798	78
798	81
798	83
799	1
799	2
799	3
799	4
799	5
799	6
799	7
799	8
799	9
799	10
799	11
799	12
799	13
799	14
799	15
799	22
799	28
799	29
799	30
799	31
799	32
799	33
799	34
799	35
799	36
799	37
799	38
799	39
799	40
799	45
799	46
799	47
799	48
799	50
799	52
799	53
799	55
799	56
799	58
799	59
799	60
799	61
799	64
799	65
799	66
799	68
799	69
799	71
799	78
799	79
799	84
800	1
800	3
800	5
800	6
800	8
800	9
800	11
800	12
800	13
800	14
800	15
800	21
800	22
800	25
800	26
800	27
800	28
800	30
800	31
800	33
800	34
800	35
800	36
800	37
800	38
800	39
800	40
800	41
800	42
800	43
800	44
800	45
800	46
800	47
800	48
800	49
800	52
800	53
800	54
800	55
800	56
800	58
800	59
800	60
800	61
800	62
800	64
800	65
800	66
800	67
800	68
800	69
800	70
800	71
800	72
800	73
800	76
800	78
800	79
800	86
800	91
800	92
800	94
801	1
801	2
801	14
801	15
801	22
801	25
801	26
801	28
801	31
801	35
801	37
801	38
801	48
801	59
801	61
801	71
802	1
802	3
802	8
802	11
802	12
802	13
802	14
802	15
802	16
802	17
802	20
802	21
802	22
802	25
802	26
802	27
802	33
802	34
802	35
802	36
802	38
802	39
802	41
802	43
802	44
802	45
802	46
802	47
802	48
802	50
802	54
802	55
802	56
802	59
802	60
802	61
802	62
802	64
802	66
802	68
802	69
802	70
802	71
802	73
802	76
802	80
802	91
803	1
803	2
803	3
803	5
803	6
803	7
803	8
803	9
803	11
803	12
803	13
803	14
803	15
803	21
803	22
803	25
803	26
803	28
803	30
803	31
803	32
803	34
803	35
803	36
803	38
803	39
803	40
803	41
803	43
803	44
803	45
803	46
803	47
803	48
803	49
803	50
803	51
803	52
803	53
803	54
803	55
803	56
803	58
803	59
803	60
803	62
803	64
803	65
803	66
803	67
803	68
803	69
803	70
803	71
803	72
803	73
803	74
803	75
803	76
803	77
803	78
803	86
803	92
803	94
803	95
803	101
804	1
804	2
804	3
804	6
804	7
804	8
804	9
804	11
804	12
804	13
804	14
804	15
804	22
804	25
804	27
804	30
804	31
804	32
804	33
804	34
804	35
804	38
804	39
804	40
804	41
804	45
804	46
804	48
804	49
804	52
804	53
804	55
804	59
804	61
804	62
804	64
804	65
804	66
804	67
804	68
804	70
804	71
804	72
804	74
804	78
804	93
804	94
805	1
805	3
805	5
805	6
805	11
805	12
805	13
805	14
805	15
805	22
805	25
805	26
805	27
805	28
805	34
805	35
805	38
805	39
805	40
805	41
805	43
805	46
805	47
805	48
805	49
805	50
805	52
805	53
805	54
805	55
805	57
805	59
805	60
805	61
805	62
805	64
805	65
805	68
805	70
805	71
805	73
805	75
805	76
805	78
805	79
805	84
805	86
805	94
805	95
805	98
806	9
806	14
806	16
806	17
806	20
806	21
806	22
806	31
806	34
806	37
806	38
806	39
806	46
806	50
806	53
806	61
806	64
806	70
806	71
806	78
807	3
807	6
807	7
807	8
807	9
807	11
807	15
807	28
807	31
807	34
807	38
807	41
807	46
807	47
807	59
807	60
807	61
807	64
807	66
807	68
807	69
807	70
807	78
807	92
807	94
808	2
808	3
808	4
808	5
808	6
808	8
808	9
808	11
808	12
808	13
808	14
808	15
808	16
808	17
808	18
808	20
808	22
808	25
808	26
808	27
808	28
808	30
808	31
808	32
808	34
808	35
808	36
808	38
808	39
808	41
808	42
808	44
808	45
808	46
808	48
808	49
808	50
808	51
808	52
808	53
808	54
808	55
808	56
808	59
808	60
808	61
808	62
808	64
808	65
808	66
808	67
808	68
808	69
808	70
808	71
808	73
808	74
808	77
808	78
808	86
809	1
809	2
809	6
809	7
809	11
809	13
809	14
809	15
809	22
809	26
809	28
809	35
809	45
809	48
809	50
809	53
809	68
809	69
809	71
809	79
810	2
810	3
810	5
810	8
810	13
810	14
810	15
810	21
810	22
810	25
810	26
810	27
810	31
810	32
810	34
810	35
810	38
810	39
810	41
810	42
810	43
810	46
810	47
810	50
810	53
810	59
810	60
810	64
810	66
810	67
810	69
810	70
810	71
810	72
810	76
810	95
811	1
811	3
811	4
811	5
811	8
811	14
811	15
811	22
811	25
811	26
811	28
811	31
811	32
811	34
811	35
811	38
811	39
811	40
811	45
811	46
811	48
811	49
811	52
811	53
811	59
811	62
811	65
811	66
811	68
811	72
811	73
811	78
811	86
811	92
812	2
812	3
812	5
812	6
812	8
812	9
812	11
812	13
812	14
812	15
812	21
812	22
812	25
812	27
812	28
812	31
812	32
812	34
812	35
812	36
812	39
812	41
812	44
812	46
812	47
812	48
812	49
812	50
812	51
812	52
812	53
812	54
812	55
812	56
812	59
812	60
812	61
812	62
812	65
812	66
812	67
812	69
812	70
812	71
812	72
812	73
812	74
812	78
813	15
813	34
813	38
813	39
813	42
813	44
813	48
813	55
813	62
813	64
813	70
813	73
814	1
814	2
814	3
814	6
814	11
814	13
814	14
814	16
814	17
814	18
814	20
814	21
814	22
814	26
814	35
814	44
814	45
814	48
814	61
814	69
814	71
814	94
815	1
815	2
815	3
815	6
815	9
815	11
815	13
815	14
815	22
815	26
815	28
815	31
815	35
815	45
815	46
815	48
815	60
815	71
815	94
816	1
816	3
816	13
816	22
816	25
816	27
816	35
816	46
816	48
816	59
816	61
816	66
816	69
816	71
816	76
817	6
817	14
817	22
817	27
817	35
817	48
817	52
817	59
817	60
817	67
817	71
817	73
818	1
818	3
818	6
818	8
818	11
818	14
818	15
818	20
818	21
818	22
818	26
818	28
818	34
818	41
818	43
818	44
818	45
818	46
818	48
818	52
818	55
818	56
818	58
818	59
818	61
818	65
818	69
818	70
818	73
820	3
820	5
820	8
820	11
820	12
820	13
820	14
820	15
820	16
820	17
820	18
820	20
820	21
820	22
820	26
820	28
820	30
820	31
820	32
820	34
820	35
820	36
820	37
820	38
820	39
820	40
820	45
820	46
820	47
820	48
820	53
820	59
820	61
820	62
820	64
820	65
820	66
820	67
820	68
820	69
820	70
820	71
820	72
820	73
820	78
820	79
820	86
820	92
820	94
821	1
821	3
821	4
821	5
821	6
821	8
821	11
821	13
821	14
821	15
821	22
821	25
821	26
821	28
821	34
821	35
821	36
821	38
821	39
821	40
821	41
821	42
821	43
821	44
821	45
821	46
821	47
821	48
821	50
821	51
821	52
821	53
821	54
821	56
821	58
821	59
821	60
821	61
821	62
821	64
821	65
821	66
821	67
821	69
821	70
821	73
821	74
821	75
821	76
821	77
821	86
821	94
822	3
822	5
822	6
822	7
822	8
822	11
822	12
822	13
822	14
822	15
822	16
822	17
822	18
822	20
822	21
822	22
822	26
822	27
822	28
822	29
822	34
822	35
822	36
822	37
822	38
822	39
822	40
822	46
822	47
822	49
822	50
822	52
822	54
822	59
822	60
822	61
822	62
822	64
822	65
822	66
822	67
822	68
822	69
822	70
822	71
822	73
822	75
822	76
822	77
822	78
822	86
822	94
823	1
823	2
823	3
823	8
823	12
823	13
823	14
823	15
823	22
823	28
823	34
823	35
823	36
823	38
823	39
823	46
823	49
823	50
823	51
823	52
823	53
823	59
823	60
823	61
823	62
823	64
823	67
823	69
823	72
823	73
823	75
823	79
823	93
824	1
824	2
824	3
824	6
824	11
824	13
824	14
824	15
824	22
824	26
824	27
824	35
824	36
824	38
824	44
824	45
824	46
824	48
824	50
824	52
824	53
824	56
824	58
824	59
824	61
824	65
824	69
824	70
824	71
824	78
824	91
824	94
825	1
825	3
825	6
825	7
825	8
825	11
825	13
825	14
825	15
825	22
825	26
825	27
825	31
825	32
825	33
825	34
825	35
825	36
825	38
825	39
825	40
825	41
825	43
825	45
825	46
825	47
825	48
825	49
825	50
825	52
825	53
825	59
825	60
825	61
825	62
825	64
825	65
825	66
825	67
825	68
825	69
825	70
825	71
825	72
825	73
825	78
825	79
825	80
825	84
825	86
825	91
825	94
826	13
826	22
826	27
826	35
826	39
826	46
827	1
827	2
827	3
827	5
827	6
827	7
827	8
827	9
827	10
827	11
827	12
827	13
827	14
827	15
827	16
827	17
827	21
827	22
827	25
827	27
827	31
827	33
827	34
827	35
827	36
827	37
827	38
827	39
827	40
827	41
827	42
827	44
827	45
827	46
827	47
827	48
827	49
827	52
827	53
827	54
827	55
827	56
827	59
827	60
827	61
827	62
827	64
827	65
827	66
827	67
827	69
827	70
827	71
827	73
827	76
827	77
827	78
827	93
827	94
828	2
828	5
828	8
828	13
828	14
828	15
828	22
828	26
828	28
828	34
828	35
828	38
828	43
828	45
828	48
828	56
828	59
828	60
828	62
828	67
828	68
828	69
828	71
828	73
828	74
828	78
828	79
829	1
829	2
829	3
829	5
829	6
829	7
829	8
829	9
829	11
829	13
829	14
829	15
829	16
829	17
829	18
829	20
829	22
829	25
829	31
829	32
829	34
829	35
829	38
829	43
829	45
829	46
829	47
829	52
829	53
829	59
829	61
829	62
829	64
829	65
829	66
829	67
829	68
829	69
829	70
829	73
829	78
829	79
829	94
830	5
830	8
830	11
830	13
830	15
830	22
830	26
830	34
830	36
830	38
830	39
830	41
830	43
830	46
830	47
830	48
830	52
830	59
830	64
830	66
830	68
830	69
830	70
830	72
830	75
831	2
831	3
831	13
831	14
831	15
831	22
831	26
831	28
831	35
831	39
831	45
831	48
831	60
831	61
831	71
831	76
832	1
832	2
832	3
832	4
832	5
832	6
832	7
832	8
832	11
832	13
832	14
832	15
832	22
832	25
832	26
832	27
832	28
832	31
832	32
832	34
832	35
832	36
832	38
832	39
832	43
832	45
832	46
832	47
832	48
832	50
832	52
832	55
832	59
832	60
832	62
832	64
832	65
832	66
832	68
832	69
832	70
832	71
832	72
832	73
832	77
832	78
832	79
832	94
833	1
833	3
833	4
833	5
833	6
833	7
833	8
833	11
833	13
833	14
833	15
833	20
833	21
833	22
833	25
833	28
833	29
833	31
833	32
833	34
833	35
833	36
833	37
833	38
833	39
833	40
833	41
833	43
833	45
833	46
833	48
833	49
833	50
833	51
833	52
833	53
833	56
833	59
833	60
833	61
833	62
833	64
833	65
833	67
833	68
833	69
833	70
833	71
833	75
833	76
833	78
833	79
833	84
833	92
833	94
834	3
834	6
834	7
834	11
834	12
834	14
834	22
834	27
834	30
834	33
834	34
834	35
834	40
834	47
834	48
834	49
834	50
834	59
834	60
834	61
834	65
834	70
834	71
834	72
834	79
834	94
835	1
835	2
835	3
835	5
835	6
835	7
835	8
835	9
835	11
835	12
835	13
835	14
835	15
835	22
835	25
835	27
835	28
835	29
835	30
835	34
835	35
835	36
835	37
835	38
835	39
835	40
835	41
835	44
835	45
835	46
835	47
835	48
835	49
835	50
835	53
835	55
835	58
835	59
835	60
835	61
835	62
835	64
835	65
835	66
835	67
835	69
835	70
835	71
835	72
835	73
835	78
835	79
835	86
835	93
835	94
836	3
836	6
836	9
836	13
836	14
836	22
836	25
836	27
836	31
836	32
836	34
836	39
836	46
836	48
836	50
836	51
836	52
836	53
836	59
836	61
836	62
836	64
836	66
836	67
836	69
836	70
836	71
836	73
836	94
836	95
837	1
837	2
837	3
837	5
837	6
837	7
837	8
837	11
837	12
837	13
837	14
837	15
837	16
837	17
837	18
837	20
837	21
837	22
837	25
837	26
837	27
837	28
837	30
837	31
837	32
837	34
837	35
837	36
837	37
837	38
837	39
837	40
837	41
837	44
837	45
837	46
837	47
837	48
837	49
837	50
837	51
837	52
837	53
837	54
837	55
837	56
837	57
837	59
837	60
837	61
837	62
837	65
837	66
837	67
837	68
837	69
837	70
837	71
837	72
837	73
837	74
837	76
837	77
837	78
837	87
837	88
837	89
837	92
837	94
837	95
837	99
837	101
838	3
838	6
838	7
838	8
838	11
838	12
838	13
838	15
838	22
838	26
838	31
838	32
838	34
838	35
838	36
838	38
838	39
838	41
838	44
838	48
838	52
838	53
838	59
838	60
838	61
838	62
838	65
838	66
838	69
838	70
838	72
838	73
838	78
838	86
839	1
839	3
839	5
839	6
839	8
839	9
839	11
839	12
839	13
839	14
839	15
839	21
839	22
839	25
839	27
839	28
839	30
839	33
839	34
839	35
839	36
839	37
839	38
839	40
839	41
839	43
839	45
839	46
839	47
839	48
839	49
839	50
839	52
839	53
839	54
839	55
839	56
839	59
839	60
839	61
839	62
839	64
839	65
839	66
839	67
839	68
839	69
839	70
839	71
839	72
839	73
839	74
839	75
839	76
839	77
839	78
839	79
839	91
839	92
839	94
840	13
840	15
840	22
840	27
840	34
840	35
840	39
840	46
840	47
840	64
840	67
840	71
840	72
840	94
841	1
841	5
841	6
841	7
841	8
841	11
841	14
841	15
841	22
841	26
841	27
841	28
841	29
841	31
841	34
841	35
841	36
841	37
841	38
841	40
841	41
841	43
841	44
841	46
841	51
841	52
841	55
841	59
841	60
841	61
841	62
841	64
841	65
841	67
841	68
841	70
841	71
841	72
841	73
841	74
841	76
841	78
841	86
841	94
842	6
842	13
842	15
842	22
842	27
842	31
842	34
842	35
842	40
842	41
842	48
842	49
842	59
842	61
842	71
843	1
843	3
843	5
843	6
843	7
843	8
843	11
843	12
843	13
843	14
843	15
843	22
843	25
843	28
843	30
843	31
843	32
843	34
843	35
843	36
843	37
843	38
843	39
843	40
843	41
843	42
843	43
843	44
843	45
843	46
843	47
843	48
843	49
843	50
843	51
843	52
843	53
843	55
843	59
843	60
843	61
843	62
843	64
843	65
843	66
843	67
843	70
843	72
843	73
843	76
843	78
843	94
844	1
844	2
844	3
844	4
844	5
844	6
844	8
844	9
844	11
844	12
844	13
844	14
844	15
844	22
844	25
844	26
844	27
844	28
844	29
844	30
844	31
844	32
844	33
844	34
844	35
844	36
844	37
844	38
844	39
844	40
844	41
844	42
844	43
844	45
844	46
844	47
844	48
844	49
844	52
844	53
844	54
844	55
844	56
844	59
844	60
844	61
844	62
844	64
844	65
844	66
844	67
844	68
844	69
844	70
844	71
844	72
844	73
844	74
844	75
844	76
844	78
844	93
844	94
845	1
845	3
845	5
845	6
845	8
845	11
845	12
845	13
845	14
845	15
845	22
845	25
845	28
845	30
845	31
845	32
845	33
845	34
845	35
845	36
845	38
845	39
845	40
845	41
845	43
845	44
845	45
845	46
845	47
845	48
845	50
845	51
845	52
845	53
845	55
845	56
845	58
845	59
845	60
845	61
845	62
845	64
845	65
845	66
845	67
845	68
845	69
845	70
845	71
845	72
845	73
845	76
845	77
845	78
845	79
845	84
845	91
845	92
845	93
845	94
845	95
846	1
846	3
846	5
846	6
846	8
846	11
846	13
846	15
846	21
846	22
846	25
846	27
846	34
846	35
846	40
846	44
846	46
846	48
846	49
846	51
846	52
846	59
846	60
846	61
846	62
846	65
846	66
846	67
846	69
846	70
846	71
846	72
846	73
846	78
846	93
846	94
847	7
847	11
847	13
847	14
847	15
847	22
847	25
847	26
847	28
847	31
847	35
847	37
847	38
847	46
847	48
847	52
847	59
847	61
847	64
847	65
847	66
847	67
847	68
847	69
847	71
847	76
847	77
847	79
848	1
848	2
848	3
848	4
848	5
848	6
848	7
848	8
848	9
848	11
848	12
848	13
848	14
848	15
848	16
848	20
848	22
848	25
848	26
848	27
848	28
848	30
848	31
848	32
848	34
848	35
848	36
848	38
848	39
848	40
848	43
848	44
848	46
848	47
848	48
848	49
848	50
848	51
848	52
848	53
848	55
848	56
848	58
848	59
848	60
848	61
848	62
848	64
848	65
848	66
848	67
848	68
848	69
848	70
848	71
848	72
848	73
848	77
848	78
848	79
848	86
848	93
848	94
848	95
849	1
849	11
849	14
849	22
849	45
849	52
849	73
849	94
850	2
850	3
850	5
850	8
850	11
850	14
850	15
850	22
850	27
850	28
850	29
850	34
850	35
850	39
850	46
850	48
850	59
850	61
850	69
850	71
850	73
850	74
850	75
850	86
851	1
851	2
851	3
851	5
851	6
851	7
851	8
851	11
851	12
851	13
851	14
851	15
851	22
851	25
851	27
851	30
851	31
851	34
851	35
851	36
851	37
851	38
851	39
851	40
851	41
851	42
851	44
851	45
851	46
851	48
851	50
851	51
851	52
851	53
851	55
851	59
851	60
851	61
851	62
851	64
851	65
851	66
851	67
851	69
851	70
851	71
851	72
851	73
851	76
851	77
851	78
851	84
851	86
851	93
851	94
852	1
852	3
852	4
852	5
852	6
852	8
852	11
852	14
852	15
852	22
852	25
852	26
852	28
852	30
852	31
852	32
852	34
852	35
852	36
852	38
852	44
852	45
852	48
852	50
852	52
852	53
852	56
852	59
852	60
852	61
852	62
852	68
852	69
852	70
852	76
852	94
853	11
853	13
853	14
853	15
853	22
853	26
853	27
853	28
853	29
853	31
853	32
853	34
853	35
853	36
853	37
853	39
853	45
853	46
853	47
853	48
853	50
853	53
853	56
853	59
853	60
853	62
853	64
853	68
853	69
853	73
853	76
853	79
853	86
853	91
854	5
854	6
854	7
854	11
854	13
854	22
854	26
854	27
854	59
854	62
854	70
854	71
854	94
855	3
855	5
855	6
855	8
855	11
855	13
855	14
855	15
855	22
855	25
855	26
855	27
855	31
855	32
855	34
855	35
855	37
855	38
855	39
855	45
855	46
855	47
855	48
855	52
855	53
855	59
855	60
855	61
855	64
855	67
855	69
855	70
855	71
855	72
855	73
855	74
855	75
855	78
855	84
855	86
855	94
855	95
856	3
856	4
856	5
856	6
856	8
856	11
856	14
856	15
856	22
856	27
856	28
856	29
856	30
856	31
856	34
856	35
856	36
856	38
856	39
856	40
856	41
856	43
856	44
856	45
856	46
856	47
856	48
856	49
856	50
856	51
856	52
856	53
856	54
856	55
856	57
856	59
856	60
856	61
856	62
856	64
856	65
856	66
856	67
856	68
856	69
856	70
856	71
856	72
856	73
856	74
856	78
856	79
856	93
856	98
857	2
857	3
857	6
857	8
857	9
857	13
857	14
857	15
857	22
857	27
857	31
857	35
857	41
857	45
857	48
857	50
857	53
857	59
857	61
857	67
857	71
857	94
858	1
858	2
858	3
858	5
858	6
858	8
858	10
858	11
858	12
858	14
858	15
858	16
858	17
858	18
858	20
858	21
858	22
858	25
858	26
858	27
858	28
858	30
858	31
858	34
858	35
858	36
858	38
858	39
858	40
858	41
858	44
858	46
858	47
858	48
858	49
858	50
858	52
858	53
858	54
858	56
858	58
858	59
858	60
858	62
858	64
858	65
858	66
858	67
858	68
858	69
858	70
858	72
858	73
858	74
858	75
858	76
858	77
858	78
858	79
858	80
858	86
858	92
858	94
859	1
859	2
859	3
859	5
859	6
859	8
859	13
859	14
859	15
859	22
859	25
859	27
859	30
859	31
859	34
859	35
859	36
859	37
859	38
859	39
859	41
859	46
859	47
859	48
859	52
859	53
859	59
859	61
859	62
859	64
859	65
859	67
859	69
859	70
859	71
859	72
859	73
859	75
859	78
859	79
860	1
860	3
860	5
860	8
860	11
860	12
860	13
860	14
860	15
860	16
860	17
860	18
860	20
860	21
860	26
860	34
860	35
860	36
860	43
860	45
860	46
860	47
860	49
860	50
860	52
860	53
860	59
860	66
860	67
860	69
860	94
861	5
861	6
861	7
861	8
861	11
861	12
861	13
861	14
861	15
861	22
861	27
861	34
861	35
861	36
861	41
861	42
861	46
861	47
861	48
861	49
861	50
861	51
861	53
861	59
861	60
861	61
861	62
861	65
861	66
861	68
861	69
861	70
861	71
861	76
861	84
862	1
862	2
862	8
862	11
862	15
862	22
862	26
862	27
862	30
862	35
862	38
862	48
862	50
862	51
862	52
862	53
862	59
862	61
862	62
862	71
863	6
863	13
863	14
863	22
863	27
863	45
863	48
863	50
863	52
863	59
863	61
863	62
863	65
863	67
863	69
863	71
863	94
864	6
864	8
864	11
864	13
864	14
864	15
864	22
864	27
864	34
864	35
864	39
864	41
864	46
864	48
864	59
864	61
864	67
864	71
864	73
864	86
865	3
865	5
865	6
865	7
865	8
865	11
865	12
865	13
865	14
865	15
865	16
865	17
865	18
865	20
865	21
865	22
865	26
865	33
865	34
865	35
865	36
865	38
865	40
865	42
865	44
865	46
865	47
865	48
865	51
865	52
865	53
865	54
865	58
865	59
865	60
865	61
865	62
865	65
865	66
865	68
865	70
865	72
865	77
865	78
865	79
865	92
866	3
866	13
866	15
866	22
866	30
866	31
866	35
866	38
866	46
866	48
866	59
866	60
866	61
866	67
866	71
867	1
867	3
867	5
867	6
867	7
867	8
867	9
867	12
867	13
867	14
867	15
867	22
867	25
867	26
867	28
867	30
867	31
867	32
867	35
867	37
867	38
867	40
867	41
867	42
867	45
867	46
867	47
867	48
867	52
867	53
867	55
867	59
867	61
867	62
867	64
867	65
867	66
867	67
867	68
867	69
867	70
867	71
867	73
867	76
867	78
867	79
867	84
867	93
867	94
868	3
868	5
868	6
868	7
868	14
868	15
868	22
868	27
868	30
868	34
868	35
868	38
868	39
868	45
868	46
868	48
868	53
868	59
868	60
868	61
868	62
868	64
868	65
868	67
868	68
868	70
868	71
868	72
868	73
868	78
869	8
869	27
869	31
869	32
869	34
869	35
869	39
869	44
869	59
869	60
869	61
869	62
869	72
869	73
870	5
870	6
870	7
870	8
870	11
870	12
870	13
870	14
870	15
870	22
870	26
870	27
870	28
870	34
870	35
870	36
870	46
870	50
870	51
870	56
870	58
870	59
870	62
870	66
870	67
870	68
870	71
870	73
870	74
870	78
871	1
871	2
871	3
871	5
871	6
871	8
871	9
871	11
871	12
871	13
871	14
871	15
871	16
871	17
871	18
871	20
871	21
871	22
871	25
871	26
871	27
871	28
871	30
871	34
871	35
871	36
871	37
871	38
871	39
871	40
871	41
871	43
871	44
871	45
871	46
871	47
871	48
871	49
871	50
871	51
871	52
871	53
871	59
871	60
871	61
871	62
871	64
871	65
871	66
871	67
871	68
871	69
871	70
871	71
871	72
871	73
871	74
871	76
871	78
871	79
871	94
872	1
872	2
872	6
872	8
872	12
872	13
872	15
872	28
872	30
872	35
872	38
872	40
872	42
872	43
872	44
872	46
872	49
872	50
872	51
872	53
872	59
872	60
872	65
872	66
872	69
872	75
872	78
873	1
873	2
873	5
873	11
873	13
873	14
873	15
873	16
873	20
873	35
873	39
873	46
873	47
873	50
873	51
873	62
873	66
874	3
874	4
874	8
874	15
874	22
874	35
874	40
874	43
874	44
874	46
874	47
874	48
874	52
874	59
874	61
874	62
874	66
874	78
874	95
875	1
875	2
875	3
875	5
875	6
875	8
875	11
875	12
875	14
875	15
875	21
875	22
875	27
875	28
875	33
875	34
875	35
875	37
875	38
875	39
875	40
875	41
875	42
875	44
875	45
875	46
875	48
875	49
875	50
875	52
875	53
875	55
875	59
875	60
875	64
875	65
875	67
875	68
875	71
875	73
875	75
875	76
875	79
875	94
876	2
876	5
876	8
876	11
876	14
876	22
876	25
876	26
876	27
876	28
876	34
876	36
876	39
876	41
876	47
876	55
876	68
876	74
876	78
876	79
876	91
877	3
877	4
877	5
877	6
877	13
877	14
877	15
877	22
877	37
877	38
877	44
877	50
877	52
877	53
877	59
877	62
877	64
877	65
877	67
877	68
877	69
877	70
877	73
877	74
877	75
879	2
879	3
879	5
879	6
879	8
879	12
879	13
879	14
879	15
879	22
879	25
879	26
879	28
879	34
879	35
879	38
879	39
879	40
879	41
879	42
879	43
879	44
879	45
879	46
879	48
879	52
879	53
879	59
879	60
879	61
879	62
879	65
879	66
879	67
879	71
879	72
879	73
879	78
879	94
880	6
880	8
880	11
880	12
880	13
880	14
880	15
880	22
880	26
880	27
880	30
880	31
880	32
880	33
880	34
880	35
880	38
880	39
880	41
880	44
880	46
880	48
880	50
880	52
880	59
880	60
880	62
880	65
880	66
880	69
880	70
880	73
880	76
880	78
881	1
881	3
881	5
881	6
881	7
881	8
881	9
881	11
881	12
881	13
881	14
881	15
881	21
881	22
881	25
881	26
881	27
881	28
881	30
881	31
881	32
881	34
881	35
881	36
881	38
881	39
881	40
881	41
881	42
881	43
881	44
881	45
881	46
881	47
881	48
881	49
881	50
881	51
881	52
881	53
881	54
881	55
881	56
881	58
881	59
881	60
881	61
881	62
881	64
881	65
881	66
881	67
881	68
881	69
881	70
881	71
881	72
881	73
881	74
881	76
881	77
881	78
881	86
881	93
881	94
882	2
882	4
882	5
882	6
882	7
882	8
882	12
882	13
882	14
882	15
882	16
882	17
882	20
882	22
882	38
882	39
882	43
882	47
882	50
882	53
882	59
882	62
882	68
882	93
882	94
882	95
883	3
883	6
883	7
883	8
883	10
883	11
883	12
883	13
883	14
883	15
883	22
883	27
883	28
883	31
883	34
883	35
883	37
883	38
883	39
883	43
883	46
883	47
883	48
883	50
883	51
883	53
883	56
883	58
883	59
883	61
883	62
883	64
883	65
883	66
883	67
883	69
883	70
883	71
883	72
883	79
883	94
883	95
884	3
884	14
884	22
884	59
885	3
885	5
885	6
885	7
885	8
885	11
885	13
885	14
885	15
885	16
885	17
885	18
885	20
885	21
885	22
885	30
885	34
885	35
885	41
885	46
885	47
885	50
885	52
885	53
885	61
885	66
885	70
885	71
885	73
885	92
885	94
886	13
886	15
886	22
886	26
886	35
886	37
886	38
886	45
886	46
886	48
886	50
886	65
886	73
887	1
887	3
887	5
887	8
887	9
887	11
887	14
887	15
887	22
887	26
887	27
887	31
887	32
887	33
887	34
887	35
887	36
887	37
887	38
887	39
887	43
887	44
887	45
887	46
887	47
887	48
887	50
887	51
887	52
887	53
887	58
887	59
887	60
887	61
887	62
887	64
887	65
887	66
887	67
887	69
887	70
887	72
887	77
887	80
888	2
888	13
888	15
888	22
888	26
888	27
888	28
888	30
888	35
888	43
888	46
888	48
888	51
888	61
888	62
888	68
888	71
888	91
889	1
889	2
889	8
889	11
889	13
889	14
889	15
889	22
889	26
889	27
889	35
889	45
889	46
889	48
889	52
889	60
889	61
889	62
889	64
889	67
889	71
889	78
889	94
890	9
890	11
890	22
890	26
890	27
890	31
890	32
890	46
890	47
890	48
890	64
890	66
890	67
890	69
890	70
890	72
891	2
891	3
891	5
891	6
891	8
891	12
891	13
891	14
891	15
891	22
891	26
891	28
891	30
891	34
891	35
891	38
891	39
891	40
891	41
891	44
891	45
891	46
891	47
891	48
891	49
891	50
891	52
891	53
891	55
891	59
891	60
891	61
891	62
891	64
891	65
891	66
891	68
891	70
891	71
891	72
891	73
891	77
891	78
891	79
891	84
891	92
891	94
892	1
892	3
892	14
892	15
892	22
892	26
892	27
892	28
892	32
892	34
892	37
892	38
892	39
892	41
892	46
892	59
892	64
892	67
892	68
892	69
892	70
892	71
892	72
892	73
892	79
892	86
893	1
893	2
893	3
893	5
893	6
893	7
893	8
893	11
893	12
893	13
893	14
893	15
893	22
893	26
893	27
893	28
893	29
893	31
893	32
893	34
893	35
893	36
893	37
893	38
893	39
893	40
893	41
893	42
893	43
893	45
893	46
893	47
893	48
893	49
893	52
893	55
893	56
893	58
893	59
893	61
893	62
893	64
893	65
893	66
893	67
893	68
893	69
893	70
893	71
893	72
893	73
893	74
893	76
893	78
893	79
893	84
893	86
893	94
894	1
894	5
894	6
894	8
894	11
894	12
894	13
894	14
894	15
894	22
894	27
894	35
894	39
894	40
894	42
894	44
894	46
894	48
894	50
894	51
894	53
894	59
894	60
894	61
894	62
894	65
894	67
894	71
894	73
894	94
895	2
895	3
895	4
895	6
895	8
895	11
895	12
895	13
895	14
895	15
895	21
895	22
895	28
895	31
895	32
895	34
895	35
895	36
895	37
895	38
895	39
895	40
895	41
895	42
895	43
895	45
895	46
895	48
895	50
895	52
895	59
895	61
895	62
895	64
895	67
895	68
895	69
895	70
895	71
895	76
895	79
895	94
896	1
896	3
896	5
896	6
896	8
896	11
896	12
896	13
896	14
896	15
896	22
896	25
896	26
896	28
896	29
896	31
896	32
896	34
896	35
896	36
896	37
896	38
896	39
896	41
896	46
896	48
896	50
896	52
896	53
896	55
896	59
896	60
896	61
896	62
896	64
896	65
896	66
896	67
896	68
896	69
896	70
896	71
896	75
896	76
896	77
896	78
896	79
896	84
896	92
896	94
897	1
897	2
897	3
897	6
897	11
897	13
897	14
897	22
897	26
897	45
897	71
897	94
898	1
898	3
898	6
898	8
898	9
898	11
898	12
898	13
898	14
898	15
898	22
898	27
898	34
898	36
898	38
898	39
898	40
898	41
898	44
898	45
898	46
898	47
898	48
898	49
898	50
898	52
898	53
898	54
898	59
898	60
898	61
898	62
898	64
898	65
898	66
898	67
898	69
898	70
898	72
898	73
898	77
898	78
898	94
899	13
899	14
899	22
899	27
899	30
899	34
899	35
899	39
899	40
899	46
899	61
899	68
899	71
899	91
900	1
900	3
900	5
900	6
900	7
900	8
900	9
900	11
900	12
900	13
900	14
900	15
900	22
900	25
900	26
900	27
900	28
900	31
900	32
900	33
900	34
900	35
900	36
900	37
900	38
900	39
900	40
900	41
900	43
900	44
900	45
900	46
900	47
900	48
900	49
900	50
900	52
900	53
900	54
900	56
900	59
900	60
900	61
900	62
900	64
900	65
900	66
900	67
900	68
900	69
900	70
900	71
900	72
900	73
900	74
900	75
900	76
900	78
900	79
900	86
900	93
900	94
900	95
901	6
901	12
901	13
901	14
901	22
901	26
901	27
901	37
901	38
901	48
901	53
901	59
901	61
901	66
901	71
901	72
901	91
902	8
902	12
902	14
902	15
902	22
902	26
902	28
902	33
902	35
902	38
902	41
902	62
902	65
903	6
903	7
903	22
903	26
903	34
903	36
903	41
903	55
903	59
903	64
903	66
903	67
903	69
903	72
903	78
904	1
904	2
904	3
904	4
904	5
904	6
904	7
904	8
904	9
904	11
904	12
904	13
904	14
904	15
904	16
904	17
904	18
904	20
904	21
904	22
904	25
904	26
904	27
904	28
904	29
904	30
904	31
904	32
904	34
904	35
904	36
904	38
904	39
904	41
904	43
904	44
904	45
904	46
904	47
904	48
904	49
904	50
904	51
904	52
904	53
904	54
904	55
904	56
904	58
904	59
904	60
904	61
904	62
904	64
904	65
904	66
904	67
904	68
904	69
904	70
904	71
904	72
904	73
904	74
904	76
904	77
904	78
904	79
904	86
904	93
904	94
905	1
905	2
905	3
905	5
905	6
905	7
905	8
905	9
905	11
905	12
905	13
905	14
905	15
905	21
905	22
905	25
905	26
905	27
905	28
905	30
905	31
905	32
905	33
905	34
905	35
905	36
905	38
905	39
905	40
905	41
905	43
905	44
905	45
905	46
905	47
905	48
905	49
905	50
905	52
905	56
905	59
905	60
905	61
905	62
905	64
905	65
905	66
905	67
905	69
905	70
905	71
905	72
905	73
905	75
905	76
905	77
905	78
905	86
905	92
905	94
905	95
906	2
906	3
906	5
906	6
906	8
906	9
906	11
906	12
906	13
906	14
906	15
906	16
906	18
906	20
906	21
906	22
906	25
906	26
906	27
906	28
906	31
906	32
906	34
906	35
906	37
906	38
906	39
906	40
906	41
906	43
906	44
906	46
906	47
906	48
906	49
906	50
906	51
906	52
906	55
906	56
906	58
906	59
906	60
906	61
906	62
906	64
906	65
906	66
906	67
906	68
906	69
906	71
906	73
906	77
906	78
906	79
906	94
907	1
907	2
907	3
907	4
907	5
907	6
907	8
907	11
907	13
907	14
907	15
907	22
907	25
907	26
907	27
907	30
907	34
907	35
907	36
907	38
907	39
907	45
907	46
907	47
907	48
907	50
907	51
907	52
907	59
907	60
907	61
907	62
907	64
907	65
907	67
907	70
907	71
907	72
907	73
907	74
907	75
907	76
907	78
907	94
908	1
908	6
908	8
908	13
908	22
908	27
908	35
908	39
908	40
908	42
908	48
908	50
908	53
908	59
908	61
908	62
908	64
908	65
908	67
908	69
908	71
908	80
909	1
909	11
909	13
909	22
909	26
909	28
909	30
909	32
909	35
909	37
909	45
909	48
909	56
909	58
909	59
909	61
909	68
909	71
909	79
910	6
910	13
910	22
910	27
910	35
910	38
910	44
910	48
910	59
910	60
910	61
910	71
911	10
911	14
911	15
911	22
911	25
911	28
911	31
911	32
911	34
911	35
911	37
911	38
911	39
911	64
911	67
911	68
911	69
911	70
911	75
911	79
912	1
912	3
912	5
912	6
912	13
912	14
912	15
912	22
912	26
912	28
912	30
912	34
912	35
912	36
912	38
912	39
912	41
912	46
912	47
912	51
912	52
912	59
912	60
912	62
912	64
912	65
912	66
912	70
913	1
913	2
913	5
913	6
913	8
913	11
913	12
913	13
913	14
913	15
913	22
913	26
913	27
913	34
913	35
913	39
913	47
913	50
913	51
913	53
913	59
913	64
913	65
913	66
913	67
913	68
913	78
913	94
914	1
914	2
914	3
914	5
914	6
914	8
914	9
914	11
914	13
914	14
914	15
914	21
914	22
914	25
914	28
914	31
914	34
914	35
914	36
914	39
914	42
914	45
914	46
914	47
914	48
914	50
914	52
914	54
914	55
914	59
914	60
914	61
914	62
914	64
914	67
914	71
914	73
914	76
914	86
914	94
915	1
915	2
915	3
915	4
915	5
915	6
915	9
915	11
915	12
915	13
915	14
915	15
915	21
915	22
915	25
915	26
915	27
915	30
915	31
915	32
915	34
915	35
915	36
915	38
915	39
915	40
915	46
915	47
915	48
915	50
915	51
915	52
915	53
915	55
915	59
915	60
915	61
915	62
915	64
915	66
915	67
915	68
915	69
915	70
915	72
915	73
915	94
915	95
916	3
916	4
916	6
916	8
916	11
916	12
916	13
916	14
916	15
916	22
916	27
916	35
916	36
916	39
916	44
916	46
916	48
916	50
916	52
916	56
916	59
916	61
916	62
916	65
916	67
916	71
916	73
916	78
916	86
916	94
917	1
917	2
917	3
917	4
917	5
917	6
917	7
917	8
917	9
917	11
917	12
917	13
917	14
917	15
917	22
917	25
917	26
917	27
917	28
917	30
917	31
917	32
917	33
917	34
917	35
917	36
917	37
917	38
917	39
917	40
917	41
917	44
917	45
917	46
917	47
917	48
917	49
917	50
917	51
917	52
917	53
917	55
917	56
917	58
917	59
917	60
917	61
917	62
917	64
917	65
917	66
917	67
917	68
917	69
917	70
917	71
917	72
917	73
917	74
917	75
917	76
917	78
917	80
917	84
917	86
917	91
917	92
917	93
917	94
918	2
918	3
918	5
918	6
918	8
918	9
918	11
918	13
918	14
918	15
918	22
918	26
918	27
918	28
918	31
918	32
918	34
918	35
918	36
918	37
918	38
918	39
918	40
918	41
918	43
918	44
918	45
918	46
918	47
918	48
918	51
918	52
918	56
918	58
918	59
918	60
918	61
918	62
918	66
918	67
918	68
918	69
918	70
918	71
918	72
918	73
918	74
918	75
918	78
918	94
919	1
919	2
919	3
919	6
919	8
919	11
919	13
919	14
919	22
919	26
919	28
919	34
919	35
919	36
919	45
919	48
919	56
919	58
919	59
919	60
919	62
919	65
919	66
919	68
919	69
919	71
919	78
919	79
920	4
920	5
920	6
920	13
920	15
920	22
920	25
920	27
920	31
920	32
920	34
920	35
920	38
920	39
920	41
920	46
920	50
920	52
920	54
920	59
920	62
920	64
920	65
920	66
920	70
920	71
920	72
920	73
921	3
921	4
921	5
921	6
921	7
921	8
921	11
921	13
921	14
921	15
921	22
921	25
921	27
921	28
921	31
921	32
921	34
921	35
921	36
921	38
921	39
921	40
921	43
921	44
921	45
921	46
921	48
921	49
921	50
921	52
921	53
921	55
921	56
921	58
921	59
921	60
921	61
921	62
921	64
921	65
921	66
921	67
921	68
921	69
921	70
921	72
921	77
921	78
922	3
922	6
922	9
922	14
922	22
922	25
922	34
922	35
922	36
922	43
922	44
922	52
922	53
922	59
922	60
922	65
922	67
922	70
922	71
922	78
923	2
923	5
923	6
923	8
923	9
923	11
923	13
923	15
923	22
923	27
923	28
923	35
923	39
923	41
923	44
923	46
923	47
923	48
923	59
923	60
923	62
923	66
923	67
923	69
923	70
923	71
923	73
923	74
924	3
924	7
924	8
924	11
924	12
924	14
924	22
924	26
924	27
924	32
924	34
924	35
924	46
924	47
924	59
924	64
924	67
924	69
924	73
924	76
924	77
925	3
925	5
925	6
925	8
925	15
925	22
925	25
925	26
925	31
925	34
925	35
925	41
925	44
925	47
925	49
925	50
925	52
925	53
925	56
925	64
925	66
925	67
925	70
925	94
926	2
926	4
926	5
926	8
926	11
926	13
926	14
926	15
926	22
926	26
926	28
926	30
926	31
926	35
926	36
926	37
926	39
926	43
926	45
926	46
926	48
926	52
926	53
926	56
926	59
926	60
926	61
926	62
926	65
926	66
926	67
926	68
926	69
926	70
926	71
926	78
926	79
926	94
927	1
927	3
927	5
927	6
927	8
927	11
927	14
927	15
927	22
927	26
927	27
927	34
927	35
927	36
927	41
927	48
927	49
927	55
927	59
927	61
927	68
927	70
927	71
927	75
927	78
927	79
927	91
927	100
928	1
928	3
928	5
928	8
928	11
928	13
928	14
928	15
928	22
928	25
928	27
928	30
928	34
928	35
928	39
928	40
928	41
928	43
928	44
928	46
928	48
928	49
928	50
928	52
928	53
928	58
928	59
928	61
928	62
928	64
928	66
928	67
928	69
928	70
928	71
928	78
928	94
929	22
929	32
929	37
929	64
930	4
930	5
930	6
930	7
930	8
930	9
930	13
930	14
930	15
930	22
930	25
930	27
930	28
930	29
930	38
930	39
930	44
930	46
930	51
930	52
930	59
930	60
930	65
930	66
930	67
930	68
930	69
930	71
930	73
930	74
930	76
930	93
931	1
931	2
931	3
931	5
931	6
931	8
931	11
931	12
931	13
931	14
931	15
931	22
931	25
931	27
931	28
931	31
931	33
931	34
931	35
931	38
931	39
931	40
931	43
931	45
931	46
931	48
931	49
931	50
931	52
931	53
931	55
931	58
931	59
931	60
931	61
931	62
931	68
931	69
931	70
931	71
931	72
931	73
931	74
931	79
931	84
931	86
931	94
932	6
932	9
932	13
932	15
932	22
932	26
932	27
932	30
932	31
932	34
932	36
932	37
932	38
932	40
932	41
932	44
932	46
932	48
932	49
932	55
932	59
932	61
932	62
932	64
932	65
932	66
932	68
932	71
932	73
932	78
932	86
933	1
933	2
933	3
933	4
933	5
933	6
933	8
933	9
933	11
933	12
933	13
933	14
933	15
933	22
933	26
933	27
933	28
933	30
933	31
933	32
933	34
933	35
933	37
933	38
933	40
933	41
933	43
933	44
933	45
933	46
933	47
933	48
933	49
933	50
933	51
933	52
933	53
933	58
933	59
933	60
933	61
933	62
933	65
933	66
933	68
933	70
933	71
933	73
933	74
933	78
933	86
934	2
934	3
934	13
934	14
934	15
934	22
934	26
934	34
934	46
934	48
934	61
934	68
934	70
934	71
934	79
934	94
935	5
935	8
935	11
935	15
935	40
935	48
935	50
935	59
935	62
935	65
935	70
935	73
935	74
935	80
935	86
935	94
936	1
936	3
936	5
936	12
936	14
936	15
936	35
936	38
936	39
936	40
936	46
936	48
936	49
936	50
936	52
936	53
936	59
936	60
936	67
936	68
936	69
936	70
936	71
937	22
937	66
937	71
938	1
938	3
938	5
938	6
938	7
938	8
938	9
938	11
938	12
938	13
938	14
938	15
938	22
938	26
938	27
938	28
938	30
938	31
938	32
938	33
938	34
938	35
938	36
938	38
938	39
938	40
938	41
938	44
938	45
938	46
938	47
938	48
938	49
938	50
938	52
938	53
938	54
938	55
938	56
938	58
938	59
938	60
938	61
938	62
938	64
938	65
938	66
938	67
938	68
938	69
938	70
938	71
938	72
938	73
938	76
938	77
938	78
938	86
938	94
939	1
939	2
939	3
939	4
939	5
939	6
939	8
939	11
939	13
939	14
939	15
939	22
939	25
939	26
939	27
939	28
939	30
939	31
939	32
939	34
939	35
939	36
939	37
939	38
939	39
939	44
939	46
939	47
939	48
939	50
939	51
939	52
939	55
939	58
939	59
939	60
939	61
939	62
939	64
939	65
939	66
939	67
939	68
939	69
939	70
939	71
939	73
939	74
939	75
939	76
939	77
939	78
939	86
939	92
939	93
939	94
939	95
940	1
940	2
940	3
940	4
940	5
940	6
940	7
940	8
940	9
940	11
940	12
940	13
940	14
940	15
940	16
940	17
940	18
940	20
940	21
940	22
940	25
940	26
940	27
940	28
940	29
940	30
940	31
940	34
940	35
940	36
940	37
940	38
940	39
940	40
940	41
940	43
940	44
940	45
940	46
940	47
940	48
940	49
940	50
940	52
940	53
940	54
940	55
940	58
940	59
940	60
940	62
940	64
940	65
940	66
940	67
940	68
940	69
940	70
940	71
940	72
940	73
940	74
940	76
940	78
940	79
940	86
940	91
940	92
940	93
940	94
941	1
941	6
941	7
941	8
941	11
941	12
941	14
941	15
941	22
941	25
941	26
941	28
941	31
941	33
941	34
941	35
941	36
941	38
941	39
941	46
941	47
941	48
941	49
941	50
941	51
941	52
941	53
941	55
941	56
941	58
941	59
941	60
941	61
941	64
941	65
941	66
941	67
941	68
941	69
941	71
941	73
941	94
942	1
942	3
942	4
942	5
942	6
942	7
942	8
942	11
942	12
942	13
942	14
942	15
942	22
942	25
942	27
942	28
942	31
942	32
942	34
942	35
942	36
942	38
942	41
942	44
942	46
942	47
942	48
942	50
942	52
942	53
942	59
942	61
942	62
942	64
942	67
942	69
942	70
942	71
942	73
942	75
942	77
942	78
942	80
942	86
943	1
943	2
943	3
943	5
943	6
943	7
943	8
943	9
943	10
943	11
943	12
943	14
943	15
943	22
943	26
943	31
943	32
943	33
943	34
943	35
943	36
943	37
943	38
943	39
943	41
943	43
943	44
943	45
943	46
943	47
943	48
943	50
943	52
943	53
943	55
943	59
943	61
943	62
943	64
943	65
943	66
943	69
943	70
943	72
943	73
943	74
943	75
943	76
943	77
943	84
943	94
945	8
945	11
945	13
945	15
945	22
945	27
945	35
945	38
945	39
945	41
945	46
945	48
945	52
945	56
945	59
945	64
945	70
945	71
945	78
945	79
945	86
946	1
946	3
946	4
946	5
946	6
946	8
946	11
946	12
946	13
946	14
946	15
946	22
946	25
946	28
946	30
946	31
946	34
946	35
946	36
946	37
946	38
946	40
946	41
946	43
946	45
946	46
946	47
946	49
946	52
946	53
946	55
946	59
946	60
946	61
946	62
946	64
946	66
946	67
946	69
946	70
946	71
946	72
946	73
946	78
946	79
946	94
947	1
947	5
947	6
947	7
947	8
947	11
947	12
947	13
947	14
947	15
947	22
947	28
947	30
947	33
947	34
947	35
947	37
947	38
947	39
947	40
947	41
947	46
947	48
947	49
947	50
947	52
947	53
947	59
947	61
947	62
947	65
947	66
947	68
947	69
947	70
947	71
947	73
947	76
947	77
947	78
947	94
947	95
948	1
948	2
948	5
948	8
948	13
948	15
948	21
948	25
948	26
948	30
948	34
948	35
948	52
948	55
948	59
948	64
948	65
948	76
949	8
949	11
949	12
949	15
949	22
949	28
949	34
949	46
949	48
949	52
949	53
949	56
949	58
949	59
949	60
949	62
949	64
949	66
949	67
949	69
949	70
949	71
949	72
950	1
950	3
950	6
950	8
950	9
950	11
950	13
950	14
950	15
950	22
950	25
950	28
950	30
950	31
950	32
950	34
950	35
950	38
950	39
950	41
950	43
950	44
950	46
950	47
950	48
950	50
950	52
950	55
950	56
950	58
950	59
950	60
950	62
950	65
950	66
950	67
950	69
950	70
950	71
950	78
950	79
950	86
950	91
950	92
951	1
951	3
951	6
951	7
951	8
951	11
951	14
951	15
951	22
951	34
951	35
951	36
951	38
951	45
951	46
951	47
951	48
951	49
951	51
951	52
951	55
951	59
951	60
951	62
951	64
951	65
951	66
951	67
951	69
951	70
951	72
951	75
951	76
951	78
951	95
952	1
952	3
952	5
952	6
952	8
952	11
952	12
952	13
952	14
952	15
952	21
952	22
952	25
952	26
952	27
952	31
952	32
952	34
952	35
952	36
952	38
952	39
952	40
952	41
952	43
952	45
952	46
952	47
952	48
952	49
952	50
952	52
952	53
952	54
952	55
952	56
952	59
952	61
952	62
952	64
952	65
952	66
952	67
952	68
952	69
952	70
952	71
952	72
952	73
952	75
952	76
952	78
952	79
952	94
953	1
953	2
953	3
953	4
953	5
953	6
953	7
953	8
953	11
953	12
953	13
953	14
953	15
953	22
953	25
953	26
953	28
953	31
953	32
953	33
953	34
953	35
953	36
953	37
953	38
953	39
953	40
953	43
953	44
953	45
953	46
953	47
953	48
953	50
953	52
953	53
953	55
953	56
953	58
953	59
953	60
953	61
953	62
953	64
953	66
953	67
953	68
953	70
953	71
953	72
953	73
953	74
953	75
953	78
953	84
954	3
954	6
954	8
954	11
954	14
954	15
954	22
954	26
954	30
954	36
954	48
954	49
954	52
954	59
954	62
954	65
954	66
954	68
954	78
955	3
955	14
955	22
955	94
956	3
956	5
956	6
956	8
956	12
956	13
956	14
956	15
956	22
956	25
956	27
956	28
956	30
956	34
956	35
956	36
956	38
956	39
956	40
956	43
956	46
956	48
956	49
956	50
956	52
956	53
956	56
956	59
956	61
956	62
956	64
956	66
956	67
956	70
956	71
956	73
956	78
956	86
956	94
957	1
957	3
957	5
957	6
957	7
957	8
957	9
957	10
957	11
957	12
957	13
957	14
957	15
957	16
957	17
957	18
957	20
957	21
957	22
957	25
957	26
957	27
957	28
957	31
957	32
957	34
957	35
957	36
957	38
957	39
957	40
957	41
957	43
957	46
957	47
957	48
957	50
957	52
957	53
957	55
957	56
957	58
957	59
957	60
957	61
957	62
957	64
957	65
957	66
957	67
957	68
957	69
957	70
957	71
957	72
957	73
957	75
957	76
957	77
957	78
957	79
957	91
957	92
957	94
957	95
958	1
958	2
958	3
958	4
958	5
958	6
958	8
958	9
958	12
958	13
958	14
958	15
958	22
958	25
958	26
958	27
958	28
958	30
958	35
958	36
958	37
958	38
958	39
958	41
958	43
958	44
958	46
958	47
958	48
958	50
958	51
958	53
958	55
958	56
958	59
958	60
958	61
958	62
958	64
958	65
958	66
958	67
958	69
958	71
958	72
958	73
958	74
958	75
958	76
958	78
959	1
959	3
959	6
959	8
959	9
959	11
959	12
959	14
959	15
959	22
959	25
959	27
959	28
959	31
959	35
959	36
959	37
959	38
959	39
959	41
959	43
959	45
959	46
959	47
959	48
959	50
959	52
959	56
959	59
959	60
959	61
959	62
959	65
959	67
959	69
959	70
959	71
959	73
960	6
960	13
960	14
960	22
960	27
960	34
960	38
960	45
960	46
960	47
960	48
960	49
960	59
960	61
960	71
961	3
961	6
961	7
961	8
961	14
961	34
961	39
961	41
961	44
961	46
961	47
961	50
961	52
961	53
961	59
961	62
961	70
961	73
962	22
962	38
962	46
962	53
962	71
962	74
962	86
962	92
963	2
963	3
963	13
963	14
963	15
963	22
963	26
963	35
963	45
963	48
963	71
963	94
964	3
964	5
964	8
964	22
964	33
964	51
964	94
965	1
965	2
965	3
965	4
965	5
965	6
965	8
965	11
965	13
965	14
965	15
965	22
965	25
965	26
965	27
965	28
965	34
965	35
965	36
965	37
965	38
965	39
965	40
965	41
965	43
965	44
965	45
965	47
965	48
965	50
965	52
965	53
965	55
965	58
965	59
965	61
965	62
965	64
965	65
965	66
965	67
965	68
965	71
965	93
966	1
966	2
966	3
966	5
966	6
966	8
966	11
966	12
966	13
966	14
966	15
966	22
966	26
966	27
966	28
966	30
966	33
966	35
966	37
966	38
966	39
966	41
966	43
966	44
966	45
966	46
966	47
966	48
966	49
966	50
966	51
966	52
966	53
966	59
966	60
966	61
966	62
966	64
966	65
966	66
966	67
966	69
966	70
966	71
966	72
966	73
966	78
966	80
966	94
967	3
967	5
967	6
967	7
967	11
967	12
967	13
967	15
967	22
967	25
967	27
967	30
967	34
967	35
967	38
967	39
967	41
967	43
967	44
967	46
967	47
967	48
967	50
967	52
967	53
967	59
967	60
967	61
967	62
967	65
967	68
967	69
967	70
967	71
967	74
967	76
967	78
967	79
967	86
967	94
968	1
968	2
968	3
968	5
968	6
968	8
968	9
968	11
968	12
968	13
968	14
968	15
968	16
968	17
968	18
968	20
968	21
968	22
968	27
968	28
968	30
968	31
968	34
968	35
968	37
968	38
968	39
968	43
968	44
968	45
968	46
968	48
968	50
968	52
968	53
968	54
968	55
968	56
968	58
968	59
968	60
968	61
968	62
968	64
968	65
968	66
968	67
968	68
968	69
968	70
968	71
968	73
968	74
968	78
969	1
969	2
969	5
969	6
969	8
969	11
969	13
969	14
969	15
969	16
969	20
969	22
969	28
969	32
969	34
969	37
969	41
969	43
969	48
969	50
969	52
969	55
969	59
969	64
969	66
969	68
969	70
969	79
969	80
970	1
970	8
970	15
970	22
970	28
970	31
970	32
970	34
970	37
970	38
970	48
970	59
970	64
970	68
970	69
970	76
970	79
971	2
971	3
971	11
971	13
971	14
971	22
971	26
971	45
971	48
971	61
971	71
971	94
972	1
972	2
972	3
972	4
972	5
972	6
972	7
972	8
972	9
972	11
972	12
972	13
972	14
972	15
972	22
972	25
972	28
972	30
972	31
972	32
972	34
972	35
972	36
972	37
972	38
972	39
972	41
972	43
972	44
972	45
972	46
972	47
972	48
972	49
972	50
972	51
972	52
972	53
972	54
972	55
972	56
972	58
972	59
972	60
972	61
972	62
972	64
972	65
972	66
972	67
972	68
972	69
972	70
972	71
972	73
972	76
972	77
972	78
972	79
972	80
972	86
972	92
972	94
973	3
973	8
973	9
973	12
973	14
973	15
973	22
973	25
973	27
973	28
973	34
973	35
973	36
973	37
973	38
973	43
973	46
973	47
973	48
973	50
973	52
973	59
973	61
973	62
973	66
973	70
973	71
973	72
973	73
973	76
973	91
974	3
974	6
974	7
974	8
974	9
974	10
974	13
974	14
974	15
974	16
974	17
974	20
974	21
974	22
974	26
974	27
974	31
974	32
974	34
974	35
974	36
974	37
974	38
974	39
974	42
974	46
974	47
974	48
974	50
974	52
974	53
974	54
974	56
974	59
974	60
974	61
974	62
974	64
974	65
974	66
974	67
974	69
974	70
974	71
974	73
974	76
974	86
974	91
974	93
974	95
975	2
975	3
975	13
975	14
975	15
975	22
975	26
975	34
975	35
975	38
975	41
975	45
975	61
975	62
975	66
975	71
975	72
975	73
975	76
975	94
976	2
976	3
976	6
976	11
976	13
976	14
976	15
976	22
976	26
976	35
976	45
976	48
976	59
976	60
976	61
976	71
976	94
976	95
977	1
977	2
977	3
977	6
977	11
977	13
977	15
977	22
977	25
977	26
977	27
977	28
977	34
977	35
977	39
977	45
977	46
977	53
977	59
977	60
977	66
977	68
977	69
977	70
977	71
977	79
978	1
978	3
978	5
978	6
978	12
978	14
978	15
978	22
978	26
978	28
978	31
978	32
978	34
978	35
978	36
978	37
978	38
978	39
978	40
978	41
978	46
978	47
978	48
978	50
978	52
978	53
978	59
978	61
978	64
978	67
978	68
978	69
978	70
978	77
978	78
978	79
978	86
978	94
979	1
979	3
979	4
979	5
979	6
979	8
979	11
979	12
979	14
979	15
979	22
979	25
979	26
979	28
979	33
979	34
979	35
979	36
979	39
979	40
979	41
979	42
979	44
979	46
979	47
979	48
979	50
979	54
979	55
979	59
979	60
979	62
979	64
979	65
979	68
979	69
979	71
979	73
979	75
979	76
979	78
979	86
979	91
980	3
980	5
980	6
980	8
980	9
980	12
980	13
980	14
980	15
980	22
980	26
980	27
980	30
980	31
980	32
980	34
980	35
980	36
980	37
980	38
980	39
980	40
980	42
980	45
980	46
980	48
980	49
980	50
980	52
980	59
980	61
980	64
980	65
980	66
980	67
980	69
980	70
980	71
980	73
980	74
980	78
980	86
980	100
981	1
981	2
981	3
981	4
981	7
981	8
981	9
981	11
981	13
981	14
981	15
981	22
981	25
981	31
981	32
981	34
981	35
981	40
981	44
981	46
981	47
981	48
981	53
981	59
981	62
981	64
981	67
981	69
981	70
981	72
981	77
981	78
981	79
982	1
982	2
982	3
982	4
982	5
982	6
982	8
982	12
982	14
982	15
982	22
982	27
982	28
982	31
982	32
982	34
982	35
982	39
982	41
982	44
982	45
982	46
982	47
982	49
982	50
982	52
982	53
982	55
982	57
982	59
982	61
982	62
982	64
982	65
982	67
982	68
982	69
982	70
982	71
982	72
982	73
982	77
982	78
982	79
982	91
982	93
982	94
982	95
982	98
983	8
983	11
983	22
983	34
983	38
983	40
983	49
983	50
983	53
983	59
983	60
983	64
984	3
984	4
984	5
984	6
984	7
984	8
984	9
984	11
984	13
984	14
984	15
984	16
984	17
984	18
984	20
984	21
984	22
984	26
984	27
984	28
984	30
984	31
984	32
984	34
984	35
984	36
984	38
984	39
984	42
984	46
984	47
984	49
984	50
984	52
984	53
984	55
984	59
984	60
984	62
984	64
984	66
984	67
984	69
984	70
984	71
984	76
984	78
984	94
985	1
985	2
985	3
985	5
985	6
985	8
985	10
985	11
985	13
985	14
985	15
985	22
985	25
985	26
985	27
985	31
985	34
985	35
985	36
985	38
985	39
985	43
985	46
985	47
985	48
985	50
985	51
985	52
985	53
985	59
985	60
985	61
985	62
985	64
985	66
985	67
985	69
985	70
985	71
985	73
985	74
985	76
985	77
985	84
985	91
985	94
986	3
986	4
986	5
986	6
986	8
986	11
986	12
986	13
986	14
986	15
986	22
986	25
986	26
986	27
986	28
986	29
986	30
986	34
986	35
986	36
986	41
986	47
986	48
986	50
986	52
986	59
986	60
986	61
986	64
986	65
986	66
986	69
986	70
986	78
986	79
986	80
986	84
986	92
986	94
986	95
987	3
987	5
987	6
987	8
987	11
987	12
987	13
987	15
987	22
987	25
987	26
987	27
987	35
987	36
987	39
987	41
987	46
987	48
987	50
987	52
987	55
987	59
987	64
987	66
987	70
987	71
987	78
987	92
987	93
987	95
987	100
988	3
988	5
988	6
988	7
988	8
988	9
988	11
988	13
988	14
988	15
988	16
988	17
988	18
988	20
988	21
988	22
988	25
988	27
988	34
988	35
988	38
988	40
988	44
988	45
988	46
988	47
988	48
988	49
988	50
988	52
988	53
988	55
988	56
988	59
988	60
988	62
988	64
988	65
988	67
988	68
988	69
988	70
988	71
988	72
988	73
988	74
988	78
988	79
988	92
988	94
989	1
989	3
989	5
989	6
989	11
989	14
989	15
989	22
989	25
989	26
989	31
989	32
989	35
989	36
989	38
989	41
989	45
989	46
989	47
989	48
989	50
989	51
989	52
989	59
989	61
989	65
989	66
989	67
989	69
989	70
989	72
989	78
989	94
990	1
990	8
990	11
990	13
990	15
990	27
990	34
990	35
990	47
990	50
990	52
990	53
990	55
990	59
990	62
990	66
990	67
990	69
990	78
990	91
991	1
991	3
991	4
991	5
991	6
991	8
991	9
991	11
991	12
991	13
991	14
991	15
991	21
991	22
991	25
991	26
991	27
991	28
991	30
991	31
991	34
991	35
991	36
991	38
991	39
991	41
991	42
991	44
991	45
991	46
991	47
991	48
991	49
991	51
991	52
991	53
991	55
991	56
991	58
991	59
991	60
991	61
991	62
991	64
991	65
991	66
991	67
991	68
991	69
991	70
991	71
991	72
991	73
991	75
991	76
991	78
991	79
991	92
991	94
991	95
992	1
992	3
992	6
992	7
992	9
992	11
992	13
992	14
992	15
992	22
992	26
992	27
992	28
992	31
992	32
992	33
992	34
992	35
992	36
992	38
992	39
992	40
992	41
992	44
992	46
992	47
992	48
992	53
992	56
992	58
992	59
992	61
992	62
992	64
992	66
992	67
992	70
992	73
992	84
992	94
993	1
993	6
993	14
993	15
993	22
993	26
993	28
993	31
993	35
993	36
993	37
993	38
993	39
993	41
993	43
993	44
993	46
993	47
993	48
993	53
993	59
993	60
993	65
993	68
993	69
993	70
993	72
993	79
993	94
994	1
994	2
994	3
994	4
994	5
994	6
994	7
994	8
994	9
994	11
994	12
994	13
994	14
994	15
994	22
994	25
994	27
994	32
994	33
994	34
994	35
994	36
994	38
994	39
994	41
994	42
994	43
994	44
994	45
994	46
994	47
994	48
994	50
994	52
994	53
994	54
994	55
994	56
994	59
994	60
994	61
994	62
994	64
994	67
994	68
994	69
994	70
994	71
994	72
994	73
994	76
994	77
994	78
994	84
994	86
994	94
995	5
995	14
995	15
995	22
995	25
995	26
995	27
995	35
995	38
995	43
995	49
995	51
995	52
995	59
995	61
995	71
995	84
995	95
996	2
996	5
996	6
996	7
996	8
996	9
996	10
996	11
996	12
996	13
996	14
996	15
996	16
996	17
996	18
996	20
996	21
996	22
996	25
996	27
996	30
996	31
996	32
996	33
996	34
996	35
996	36
996	37
996	38
996	39
996	44
996	45
996	46
996	47
996	48
996	49
996	52
996	53
996	58
996	59
996	60
996	61
996	62
996	64
996	65
996	66
996	67
996	70
996	71
996	72
996	73
996	75
996	78
996	79
996	94
997	1
997	2
997	3
997	5
997	6
997	7
997	8
997	9
997	11
997	12
997	13
997	14
997	15
997	22
997	26
997	31
997	32
997	33
997	34
997	35
997	36
997	38
997	40
997	41
997	42
997	43
997	44
997	45
997	46
997	47
997	48
997	49
997	50
997	52
997	53
997	55
997	59
997	60
997	61
997	62
997	64
997	65
997	66
997	67
997	70
997	71
997	72
997	73
997	77
997	92
998	1
998	2
998	3
998	4
998	5
998	6
998	8
998	11
998	13
998	14
998	15
998	22
998	25
998	26
998	28
998	30
998	31
998	32
998	34
998	35
998	36
998	38
998	39
998	40
998	41
998	45
998	46
998	47
998	48
998	49
998	51
998	52
998	55
998	59
998	60
998	61
998	62
998	64
998	65
998	67
998	68
998	70
998	72
998	73
998	75
998	76
998	79
998	86
998	92
998	95
999	1
999	2
999	3
999	4
999	5
999	8
999	11
999	13
999	14
999	15
999	22
999	25
999	26
999	34
999	35
999	38
999	39
999	41
999	43
999	45
999	46
999	47
999	48
999	50
999	51
999	52
999	53
999	59
999	60
999	61
999	62
999	64
999	65
999	66
999	67
999	71
999	72
999	73
999	74
999	78
999	79
999	92
999	94
1000	1
1000	2
1000	3
1000	4
1000	5
1000	6
1000	7
1000	8
1000	9
1000	10
1000	11
1000	12
1000	13
1000	14
1000	15
1000	16
1000	17
1000	18
1000	20
1000	22
1000	25
1000	26
1000	27
1000	28
1000	29
1000	30
1000	31
1000	32
1000	34
1000	35
1000	37
1000	38
1000	39
1000	40
1000	41
1000	43
1000	44
1000	45
1000	46
1000	47
1000	48
1000	49
1000	50
1000	51
1000	52
1000	55
1000	56
1000	58
1000	59
1000	60
1000	61
1000	62
1000	64
1000	65
1000	66
1000	67
1000	68
1000	69
1000	70
1000	71
1000	72
1000	73
1000	74
1000	76
1000	78
1000	84
1000	93
1000	94
1001	1
1001	3
1001	5
1001	6
1001	8
1001	12
1001	13
1001	14
1001	15
1001	22
1001	28
1001	31
1001	33
1001	34
1001	35
1001	37
1001	38
1001	39
1001	40
1001	41
1001	44
1001	46
1001	47
1001	48
1001	50
1001	51
1001	52
1001	53
1001	54
1001	55
1001	59
1001	60
1001	61
1001	62
1001	64
1001	65
1001	66
1001	67
1001	69
1001	70
1001	71
1001	72
1001	73
1001	75
1001	76
1001	77
1001	78
1001	79
1001	84
1001	86
1001	91
1001	93
1001	94
1001	95
1002	6
1002	8
1002	13
1002	14
1002	15
1002	22
1002	34
1002	39
1002	47
1002	48
1002	59
1002	61
1002	62
1002	71
1002	73
1002	79
1003	1
1003	3
1003	5
1003	6
1003	8
1003	9
1003	11
1003	13
1003	14
1003	15
1003	21
1003	22
1003	26
1003	28
1003	30
1003	31
1003	34
1003	35
1003	36
1003	37
1003	38
1003	39
1003	40
1003	41
1003	44
1003	46
1003	47
1003	48
1003	49
1003	50
1003	51
1003	52
1003	53
1003	55
1003	59
1003	60
1003	61
1003	62
1003	64
1003	65
1003	66
1003	67
1003	68
1003	69
1003	70
1003	71
1003	72
1003	73
1003	76
1003	78
1003	79
1003	80
1003	86
1003	92
1003	94
1003	95
1004	3
1004	6
1004	8
1004	12
1004	22
1004	27
1004	34
1004	35
1004	39
1004	46
1004	52
1004	59
1004	62
1004	68
1004	70
1004	71
1004	75
1005	3
1005	4
1005	6
1005	7
1005	8
1005	11
1005	13
1005	14
1005	15
1005	22
1005	28
1005	31
1005	34
1005	35
1005	37
1005	38
1005	39
1005	46
1005	48
1005	50
1005	52
1005	53
1005	56
1005	58
1005	59
1005	60
1005	61
1005	62
1005	65
1005	66
1005	67
1005	69
1005	70
1005	71
1005	72
1005	73
1005	74
1005	75
1005	76
1005	77
1005	84
1005	86
1005	92
1005	95
1006	1
1006	3
1006	5
1006	6
1006	12
1006	14
1006	15
1006	22
1006	25
1006	28
1006	35
1006	38
1006	41
1006	45
1006	46
1006	47
1006	59
1006	62
1006	66
1006	67
1006	69
1006	70
1006	73
1006	74
1006	76
1006	78
1006	79
1006	94
1006	95
1007	1
1007	3
1007	6
1007	9
1007	11
1007	14
1007	22
1007	25
1007	28
1007	34
1007	35
1007	36
1007	38
1007	40
1007	41
1007	45
1007	47
1007	49
1007	52
1007	53
1007	56
1007	59
1007	61
1007	62
1007	64
1007	65
1007	69
1007	73
1007	92
1008	1
1008	5
1008	8
1008	14
1008	22
1008	31
1008	35
1008	38
1008	45
1008	47
1008	59
1008	60
1008	62
1008	65
1008	66
1008	69
1008	70
1008	71
1008	76
1008	79
1009	5
1009	6
1009	8
1009	13
1009	15
1009	22
1009	25
1009	26
1009	27
1009	35
1009	37
1009	40
1009	44
1009	48
1009	53
1009	56
1009	59
1009	61
1009	62
1009	64
1009	65
1009	67
1009	71
1009	73
1009	75
1009	78
1009	93
1009	94
1010	3
1010	5
1010	6
1010	8
1010	13
1010	14
1010	15
1010	22
1010	25
1010	27
1010	28
1010	35
1010	41
1010	46
1010	47
1010	48
1010	50
1010	52
1010	59
1010	61
1010	64
1010	65
1010	67
1010	70
1010	71
1010	73
1010	93
1011	1
1011	6
1011	11
1011	12
1011	13
1011	14
1011	15
1011	22
1011	27
1011	34
1011	35
1011	40
1011	46
1011	47
1011	50
1011	52
1011	53
1011	55
1011	56
1011	59
1011	60
1011	62
1011	64
1011	65
1011	66
1011	70
1011	71
1011	73
1011	79
1011	94
1012	1
1012	2
1012	3
1012	4
1012	8
1012	9
1012	11
1012	13
1012	14
1012	15
1012	22
1012	26
1012	27
1012	28
1012	31
1012	34
1012	35
1012	36
1012	37
1012	38
1012	39
1012	40
1012	44
1012	45
1012	46
1012	47
1012	48
1012	50
1012	52
1012	53
1012	55
1012	59
1012	60
1012	61
1012	62
1012	64
1012	65
1012	66
1012	67
1012	68
1012	69
1012	70
1012	71
1012	73
1012	76
1012	79
1012	86
1012	91
1013	3
1013	6
1013	8
1013	11
1013	12
1013	14
1013	15
1013	22
1013	27
1013	30
1013	39
1013	48
1013	50
1013	61
1013	71
1014	6
1014	14
1014	22
1014	26
1014	35
1014	45
1014	48
1014	59
1014	61
1014	66
1014	70
1014	71
1014	94
1015	2
1015	3
1015	14
1015	15
1015	22
1015	26
1015	35
1015	45
1015	46
1015	48
1015	60
1015	61
1015	66
1015	71
1015	94
1016	6
1016	13
1016	15
1016	22
1016	27
1016	34
1016	35
1016	38
1016	43
1016	47
1016	48
1016	61
1016	71
1017	2
1017	3
1017	6
1017	14
1017	22
1017	27
1017	35
1017	39
1017	45
1017	46
1017	48
1017	49
1017	61
1017	62
1017	68
1017	70
1017	71
1017	73
1017	92
1018	3
1018	4
1018	5
1018	6
1018	7
1018	8
1018	11
1018	12
1018	13
1018	14
1018	15
1018	22
1018	25
1018	26
1018	27
1018	28
1018	34
1018	35
1018	36
1018	41
1018	46
1018	47
1018	48
1018	52
1018	55
1018	56
1018	59
1018	61
1018	62
1018	67
1018	68
1018	69
1018	70
1018	71
1018	72
1018	73
1018	78
1018	86
1018	91
1019	8
1019	11
1019	13
1019	15
1019	22
1019	25
1019	27
1019	39
1019	40
1019	44
1019	48
1019	71
1020	1
1020	3
1020	5
1020	6
1020	7
1020	8
1020	9
1020	10
1020	11
1020	12
1020	13
1020	14
1020	15
1020	22
1020	30
1020	31
1020	34
1020	35
1020	36
1020	38
1020	39
1020	41
1020	42
1020	44
1020	45
1020	46
1020	47
1020	48
1020	49
1020	50
1020	52
1020	53
1020	55
1020	59
1020	60
1020	62
1020	64
1020	65
1020	66
1020	67
1020	68
1020	69
1020	70
1020	71
1020	72
1020	73
1020	74
1020	77
1020	78
1020	94
1021	1
1021	2
1021	3
1021	11
1021	14
1021	22
1021	26
1021	35
1021	45
1021	48
1021	61
1021	65
1021	71
1021	94
1022	3
1022	13
1022	22
1022	27
1022	35
1022	39
1022	46
1022	55
1022	64
1022	71
1023	1
1023	3
1023	5
1023	6
1023	8
1023	9
1023	11
1023	13
1023	14
1023	15
1023	22
1023	26
1023	28
1023	31
1023	34
1023	35
1023	36
1023	37
1023	38
1023	40
1023	41
1023	44
1023	45
1023	46
1023	47
1023	48
1023	49
1023	50
1023	52
1023	56
1023	58
1023	59
1023	60
1023	61
1023	62
1023	64
1023	65
1023	66
1023	67
1023	72
1023	73
1023	74
1023	76
1023	92
1024	1
1024	2
1024	3
1024	5
1024	6
1024	7
1024	8
1024	11
1024	12
1024	13
1024	14
1024	15
1024	22
1024	25
1024	26
1024	27
1024	30
1024	31
1024	33
1024	34
1024	35
1024	36
1024	38
1024	41
1024	46
1024	47
1024	48
1024	54
1024	56
1024	59
1024	60
1024	64
1024	65
1024	66
1024	68
1024	70
1024	71
1024	73
1024	76
1025	1
1025	2
1025	3
1025	4
1025	5
1025	6
1025	7
1025	8
1025	9
1025	11
1025	12
1025	13
1025	14
1025	15
1025	22
1025	25
1025	26
1025	27
1025	28
1025	30
1025	31
1025	32
1025	33
1025	34
1025	35
1025	36
1025	38
1025	39
1025	40
1025	41
1025	43
1025	44
1025	45
1025	46
1025	47
1025	48
1025	49
1025	50
1025	51
1025	52
1025	53
1025	56
1025	59
1025	60
1025	61
1025	62
1025	64
1025	65
1025	66
1025	67
1025	68
1025	70
1025	72
1025	73
1025	75
1025	77
1025	78
1025	79
1025	91
1025	92
1025	93
1025	94
1025	95
1026	3
1026	5
1026	11
1026	14
1026	15
1026	26
1026	30
1026	38
1026	40
1026	41
1026	43
1026	46
1026	48
1026	53
1026	59
1026	70
1026	73
1026	74
1026	91
1027	1
1027	3
1027	5
1027	6
1027	8
1027	9
1027	11
1027	12
1027	13
1027	14
1027	15
1027	22
1027	25
1027	27
1027	28
1027	30
1027	34
1027	35
1027	36
1027	38
1027	39
1027	40
1027	41
1027	44
1027	46
1027	47
1027	48
1027	49
1027	50
1027	52
1027	54
1027	55
1027	59
1027	61
1027	62
1027	64
1027	65
1027	66
1027	67
1027	68
1027	69
1027	70
1027	71
1027	72
1027	73
1027	76
1027	77
1027	78
1027	80
1027	86
1027	94
1028	2
1028	3
1028	5
1028	6
1028	7
1028	8
1028	11
1028	12
1028	13
1028	14
1028	15
1028	22
1028	28
1028	31
1028	34
1028	35
1028	36
1028	37
1028	38
1028	39
1028	43
1028	46
1028	47
1028	48
1028	50
1028	52
1028	53
1028	55
1028	59
1028	62
1028	64
1028	65
1028	66
1028	70
1028	72
1028	73
1028	86
1028	94
1028	95
1029	3
1029	6
1029	8
1029	9
1029	13
1029	14
1029	22
1029	27
1029	35
1029	36
1029	38
1029	39
1029	43
1029	45
1029	46
1029	47
1029	48
1029	50
1029	53
1029	59
1029	60
1029	61
1029	62
1029	64
1029	65
1029	66
1029	69
1029	70
1029	71
1029	94
1030	1
1030	3
1030	4
1030	5
1030	6
1030	8
1030	11
1030	12
1030	13
1030	14
1030	15
1030	22
1030	26
1030	27
1030	28
1030	30
1030	34
1030	35
1030	36
1030	37
1030	38
1030	39
1030	41
1030	43
1030	45
1030	46
1030	48
1030	52
1030	59
1030	60
1030	61
1030	64
1030	67
1030	68
1030	69
1030	70
1030	71
1030	80
1030	84
1030	86
1030	94
1031	1
1031	3
1031	6
1031	7
1031	8
1031	11
1031	13
1031	14
1031	15
1031	21
1031	22
1031	25
1031	27
1031	28
1031	33
1031	35
1031	36
1031	38
1031	39
1031	41
1031	45
1031	48
1031	50
1031	51
1031	52
1031	53
1031	56
1031	59
1031	61
1031	62
1031	64
1031	65
1031	66
1031	68
1031	69
1031	70
1031	71
1031	72
1031	75
1031	77
1031	78
1031	80
1031	94
1032	5
1032	11
1032	14
1032	22
1032	48
1032	52
1032	59
1032	62
1032	65
1032	69
1032	74
1032	75
1033	1
1033	2
1033	6
1033	8
1033	11
1033	13
1033	14
1033	15
1033	16
1033	17
1033	18
1033	20
1033	22
1033	27
1033	34
1033	36
1033	37
1033	38
1033	39
1033	41
1033	45
1033	46
1033	47
1033	52
1033	56
1033	59
1033	61
1033	64
1033	65
1033	66
1033	67
1033	69
1033	71
1033	77
1033	94
1034	1
1034	3
1034	5
1034	6
1034	7
1034	8
1034	14
1034	15
1034	22
1034	31
1034	32
1034	35
1034	38
1034	44
1034	47
1034	48
1034	52
1034	54
1034	58
1034	59
1034	61
1034	65
1034	68
1034	69
1034	70
1034	71
1034	77
1035	5
1035	6
1035	10
1035	11
1035	12
1035	15
1035	22
1035	27
1035	30
1035	31
1035	34
1035	35
1035	38
1035	39
1035	46
1035	48
1035	49
1035	51
1035	59
1035	61
1035	62
1035	64
1035	70
1035	71
1035	76
1035	78
1035	94
1036	3
1036	5
1036	8
1036	9
1036	11
1036	12
1036	13
1036	14
1036	15
1036	22
1036	25
1036	28
1036	35
1036	38
1036	40
1036	43
1036	44
1036	46
1036	49
1036	50
1036	52
1036	56
1036	59
1036	60
1036	62
1036	64
1036	65
1036	66
1036	67
1036	69
1036	70
1036	71
1036	74
1036	75
1036	78
1036	79
1036	92
1036	94
1037	3
1037	6
1037	7
1037	8
1037	11
1037	13
1037	14
1037	15
1037	22
1037	25
1037	26
1037	27
1037	28
1037	30
1037	31
1037	34
1037	35
1037	36
1037	38
1037	39
1037	40
1037	41
1037	43
1037	44
1037	45
1037	46
1037	48
1037	49
1037	50
1037	53
1037	59
1037	61
1037	62
1037	64
1037	65
1037	68
1037	69
1037	70
1037	71
1037	72
1037	73
1037	75
1037	76
1037	78
1037	79
1038	2
1038	3
1038	13
1038	15
1038	22
1038	26
1038	38
1038	39
1038	45
1038	46
1038	48
1038	61
1038	66
1038	71
1039	1
1039	2
1039	3
1039	4
1039	5
1039	6
1039	8
1039	9
1039	11
1039	12
1039	13
1039	14
1039	15
1039	22
1039	25
1039	27
1039	28
1039	29
1039	31
1039	32
1039	34
1039	35
1039	36
1039	39
1039	40
1039	41
1039	44
1039	46
1039	47
1039	48
1039	49
1039	50
1039	52
1039	53
1039	54
1039	59
1039	60
1039	62
1039	64
1039	65
1039	66
1039	70
1039	71
1039	72
1039	73
1039	74
1039	75
1039	76
1039	77
1039	78
1039	92
1039	93
1039	94
1039	95
1040	3
1040	6
1040	8
1040	13
1040	14
1040	15
1040	22
1040	25
1040	28
1040	30
1040	31
1040	32
1040	35
1040	37
1040	38
1040	40
1040	41
1040	43
1040	44
1040	59
1040	65
1040	66
1040	67
1040	68
1040	69
1040	73
1040	79
1041	3
1041	4
1041	8
1041	9
1041	11
1041	13
1041	14
1041	15
1041	22
1041	25
1041	26
1041	27
1041	28
1041	29
1041	31
1041	35
1041	36
1041	37
1041	44
1041	45
1041	46
1041	48
1041	59
1041	60
1041	61
1041	64
1041	67
1041	68
1041	69
1041	70
1041	71
1041	73
1041	76
1041	79
1041	94
1042	1
1042	5
1042	6
1042	7
1042	9
1042	13
1042	14
1042	15
1042	22
1042	27
1042	35
1042	36
1042	37
1042	40
1042	46
1042	47
1042	52
1042	59
1042	62
1042	73
1042	76
1042	93
1043	3
1043	5
1043	8
1043	14
1043	15
1043	16
1043	17
1043	18
1043	20
1043	21
1043	22
1043	25
1043	27
1043	34
1043	35
1043	38
1043	39
1043	45
1043	46
1043	48
1043	50
1043	52
1043	53
1043	61
1043	70
1043	71
1043	93
1044	1
1044	3
1044	4
1044	6
1044	13
1044	22
1044	27
1044	34
1044	35
1044	37
1044	39
1044	42
1044	46
1044	48
1044	50
1044	53
1044	55
1044	67
1044	71
1045	3
1045	14
1045	16
1045	17
1045	18
1045	20
1045	22
1045	35
1045	44
1045	48
1045	61
1045	62
1045	66
1045	72
1045	73
1045	94
1046	3
1046	6
1046	7
1046	11
1046	15
1046	22
1046	26
1046	27
1046	31
1046	32
1046	34
1046	35
1046	36
1046	41
1046	43
1046	50
1046	55
1046	59
1046	62
1046	65
1046	71
1046	73
1046	76
1047	1
1047	2
1047	3
1047	4
1047	5
1047	6
1047	8
1047	11
1047	13
1047	14
1047	15
1047	16
1047	17
1047	20
1047	21
1047	22
1047	26
1047	27
1047	28
1047	30
1047	34
1047	35
1047	36
1047	37
1047	38
1047	39
1047	40
1047	41
1047	43
1047	44
1047	45
1047	46
1047	47
1047	48
1047	49
1047	50
1047	52
1047	53
1047	55
1047	59
1047	60
1047	61
1047	62
1047	64
1047	65
1047	67
1047	69
1047	70
1047	71
1047	72
1047	73
1047	74
1047	76
1047	78
1047	92
1047	94
1048	1
1048	2
1048	3
1048	5
1048	8
1048	11
1048	12
1048	14
1048	15
1048	22
1048	28
1048	30
1048	31
1048	32
1048	34
1048	35
1048	38
1048	39
1048	41
1048	43
1048	44
1048	46
1048	47
1048	51
1048	52
1048	56
1048	58
1048	59
1048	60
1048	61
1048	62
1048	64
1048	67
1048	70
1048	72
1048	73
1048	76
1048	78
1048	92
1048	94
1048	95
1049	2
1049	5
1049	6
1049	11
1049	13
1049	14
1049	15
1049	22
1049	28
1049	34
1049	35
1049	38
1049	41
1049	43
1049	44
1049	45
1049	46
1049	47
1049	48
1049	50
1049	53
1049	56
1049	60
1049	61
1049	65
1049	66
1049	68
1049	69
1049	70
1049	71
1049	73
1049	74
1049	76
1049	79
1049	84
1049	86
1050	1
1050	5
1050	6
1050	13
1050	22
1050	27
1050	28
1050	35
1050	46
1050	48
1050	50
1050	52
1050	59
1050	61
1050	64
1050	66
1050	70
1050	71
1050	92
1050	93
1051	3
1051	5
1051	11
1051	12
1051	14
1051	22
1051	26
1051	28
1051	31
1051	32
1051	34
1051	35
1051	37
1051	40
1051	41
1051	44
1051	46
1051	48
1051	59
1051	60
1051	61
1051	64
1051	65
1051	67
1051	68
1051	69
1051	70
1051	71
1051	79
1051	94
1052	1
1052	3
1052	6
1052	8
1052	11
1052	13
1052	14
1052	15
1052	22
1052	25
1052	26
1052	27
1052	30
1052	34
1052	35
1052	36
1052	37
1052	38
1052	39
1052	40
1052	41
1052	42
1052	44
1052	45
1052	46
1052	47
1052	48
1052	49
1052	50
1052	52
1052	59
1052	60
1052	61
1052	62
1052	65
1052	66
1052	67
1052	69
1052	70
1052	71
1052	72
1052	73
1052	78
1052	84
1052	91
1052	94
1053	3
1053	5
1053	6
1053	7
1053	8
1053	11
1053	12
1053	13
1053	14
1053	15
1053	22
1053	27
1053	28
1053	33
1053	36
1053	37
1053	40
1053	46
1053	48
1053	51
1053	52
1053	59
1053	61
1053	66
1053	71
1053	92
1053	94
1053	95
1054	2
1054	13
1054	14
1054	22
1054	26
1054	28
1054	35
1054	45
1054	48
1054	55
1054	61
1054	62
1054	68
1054	69
1054	71
1054	78
1054	79
1055	8
1055	15
1055	22
1055	25
1055	39
1055	40
1055	41
1055	61
1055	64
1055	67
1055	68
1056	1
1056	2
1056	3
1056	4
1056	5
1056	6
1056	8
1056	11
1056	13
1056	14
1056	15
1056	22
1056	25
1056	27
1056	31
1056	32
1056	34
1056	35
1056	37
1056	38
1056	39
1056	40
1056	43
1056	46
1056	47
1056	48
1056	50
1056	52
1056	53
1056	55
1056	59
1056	60
1056	61
1056	62
1056	64
1056	66
1056	67
1056	69
1056	70
1056	71
1056	72
1056	78
1056	80
1056	93
1056	94
1057	1
1057	11
1057	14
1057	22
1057	28
1057	31
1057	32
1057	35
1057	37
1057	38
1057	46
1057	50
1057	53
1057	64
1057	68
1057	69
1057	79
1058	3
1058	6
1058	7
1058	8
1058	9
1058	11
1058	13
1058	14
1058	15
1058	22
1058	25
1058	33
1058	34
1058	35
1058	36
1058	38
1058	40
1058	42
1058	43
1058	44
1058	46
1058	47
1058	48
1058	50
1058	51
1058	52
1058	53
1058	54
1058	55
1058	58
1058	59
1058	61
1058	62
1058	64
1058	65
1058	66
1058	67
1058	68
1058	70
1058	73
1058	78
1058	79
1059	1
1059	2
1059	3
1059	5
1059	6
1059	8
1059	9
1059	11
1059	12
1059	13
1059	14
1059	15
1059	21
1059	22
1059	25
1059	26
1059	27
1059	31
1059	32
1059	33
1059	34
1059	35
1059	36
1059	37
1059	38
1059	39
1059	41
1059	43
1059	45
1059	46
1059	47
1059	48
1059	49
1059	50
1059	52
1059	53
1059	55
1059	56
1059	59
1059	60
1059	61
1059	62
1059	64
1059	65
1059	66
1059	67
1059	68
1059	70
1059	71
1059	72
1059	73
1059	74
1059	75
1059	76
1059	78
1059	80
1059	91
1059	94
1059	95
1060	2
1060	3
1060	5
1060	8
1060	12
1060	14
1060	15
1060	20
1060	21
1060	22
1060	26
1060	28
1060	29
1060	30
1060	31
1060	32
1060	35
1060	36
1060	37
1060	39
1060	40
1060	42
1060	43
1060	45
1060	46
1060	48
1060	50
1060	52
1060	53
1060	54
1060	59
1060	60
1060	61
1060	62
1060	64
1060	66
1060	67
1060	68
1060	70
1060	71
1060	79
1060	92
1061	1
1061	2
1061	3
1061	4
1061	5
1061	6
1061	7
1061	8
1061	9
1061	11
1061	12
1061	13
1061	14
1061	15
1061	16
1061	17
1061	18
1061	20
1061	21
1061	22
1061	25
1061	26
1061	27
1061	28
1061	29
1061	30
1061	31
1061	33
1061	34
1061	35
1061	36
1061	37
1061	38
1061	39
1061	40
1061	41
1061	43
1061	44
1061	45
1061	46
1061	47
1061	48
1061	50
1061	51
1061	52
1061	53
1061	55
1061	56
1061	58
1061	59
1061	60
1061	61
1061	62
1061	64
1061	65
1061	66
1061	67
1061	68
1061	69
1061	70
1061	71
1061	72
1061	73
1061	74
1061	76
1061	78
1061	79
1061	84
1061	86
1061	92
1061	94
1062	1
1062	3
1062	6
1062	7
1062	14
1062	22
1062	26
1062	27
1062	30
1062	35
1062	38
1062	45
1062	59
1062	61
1062	64
1062	67
1062	77
1062	94
1063	3
1063	6
1063	13
1063	14
1063	22
1063	25
1063	28
1063	32
1063	34
1063	35
1063	37
1063	39
1063	40
1063	41
1063	44
1063	46
1063	47
1063	48
1063	53
1063	54
1063	55
1063	59
1063	61
1063	62
1063	64
1063	68
1063	71
1063	73
1063	76
1063	78
1063	79
1063	95
1064	1
1064	3
1064	5
1064	6
1064	7
1064	8
1064	9
1064	13
1064	14
1064	15
1064	22
1064	25
1064	30
1064	34
1064	35
1064	36
1064	39
1064	40
1064	41
1064	43
1064	44
1064	45
1064	46
1064	47
1064	50
1064	55
1064	59
1064	60
1064	64
1064	66
1064	67
1064	68
1064	69
1064	70
1064	73
1064	78
1064	100
1065	1
1065	2
1065	3
1065	13
1065	14
1065	22
1065	26
1065	45
1065	48
1065	61
1065	71
1065	94
1066	3
1066	6
1066	11
1066	12
1066	13
1066	15
1066	22
1066	31
1066	34
1066	35
1066	37
1066	39
1066	43
1066	48
1066	52
1066	56
1066	60
1066	61
1066	62
1066	64
1066	67
1066	70
1066	72
1066	76
1066	94
1067	1
1067	2
1067	3
1067	8
1067	11
1067	12
1067	13
1067	14
1067	15
1067	22
1067	25
1067	30
1067	35
1067	47
1067	52
1067	59
1067	60
1067	62
1067	64
1067	66
1067	69
1067	72
1067	74
1068	1
1068	3
1068	5
1068	6
1068	8
1068	9
1068	11
1068	12
1068	13
1068	14
1068	15
1068	22
1068	25
1068	26
1068	28
1068	31
1068	34
1068	35
1068	36
1068	37
1068	44
1068	45
1068	46
1068	48
1068	49
1068	50
1068	52
1068	53
1068	55
1068	56
1068	59
1068	60
1068	64
1068	65
1068	66
1068	67
1068	68
1068	69
1068	70
1068	71
1068	72
1068	73
1068	76
1068	78
1068	79
1068	93
1068	94
1069	6
1069	13
1069	14
1069	16
1069	17
1069	18
1069	20
1069	21
1069	22
1069	27
1069	35
1069	41
1069	44
1069	48
1069	55
1069	56
1069	59
1069	61
1069	62
1069	67
1069	71
1069	73
1069	76
1069	79
1070	3
1070	5
1070	6
1070	7
1070	8
1070	11
1070	12
1070	14
1070	15
1070	22
1070	25
1070	26
1070	27
1070	28
1070	31
1070	32
1070	34
1070	35
1070	36
1070	38
1070	39
1070	40
1070	42
1070	43
1070	45
1070	47
1070	48
1070	50
1070	52
1070	53
1070	55
1070	56
1070	58
1070	59
1070	60
1070	61
1070	62
1070	64
1070	66
1070	67
1070	68
1070	69
1070	70
1070	71
1070	73
1070	74
1070	77
1070	78
1070	86
1070	91
1070	95
1071	1
1071	3
1071	4
1071	5
1071	6
1071	8
1071	11
1071	13
1071	14
1071	15
1071	22
1071	26
1071	27
1071	31
1071	32
1071	34
1071	35
1071	36
1071	37
1071	38
1071	39
1071	40
1071	41
1071	42
1071	43
1071	44
1071	46
1071	48
1071	49
1071	50
1071	52
1071	53
1071	59
1071	60
1071	61
1071	62
1071	64
1071	65
1071	68
1071	69
1071	70
1071	71
1071	73
1071	78
1071	79
1071	91
1072	1
1072	3
1072	4
1072	5
1072	6
1072	8
1072	11
1072	12
1072	13
1072	14
1072	15
1072	22
1072	25
1072	27
1072	28
1072	31
1072	34
1072	35
1072	38
1072	46
1072	47
1072	49
1072	50
1072	52
1072	53
1072	54
1072	59
1072	60
1072	61
1072	62
1072	65
1072	67
1072	69
1072	72
1072	73
1072	74
1072	76
1072	77
1072	86
1072	93
1072	94
1073	3
1073	6
1073	8
1073	9
1073	14
1073	15
1073	22
1073	30
1073	35
1073	37
1073	38
1073	40
1073	41
1073	42
1073	43
1073	45
1073	46
1073	48
1073	52
1073	55
1073	59
1073	61
1073	65
1073	66
1073	70
1073	72
1073	77
1073	78
1073	94
1074	3
1074	22
1074	28
1074	34
1074	39
1074	46
1074	56
1074	58
1074	59
1074	67
1074	70
1075	1
1075	3
1075	4
1075	5
1075	6
1075	9
1075	11
1075	13
1075	14
1075	15
1075	22
1075	25
1075	27
1075	34
1075	35
1075	38
1075	41
1075	46
1075	48
1075	52
1075	56
1075	59
1075	61
1075	62
1075	65
1075	66
1075	67
1075	70
1075	71
1075	72
1075	73
1075	74
1075	76
1075	78
1075	92
1075	94
1075	95
1076	1
1076	3
1076	5
1076	6
1076	7
1076	8
1076	9
1076	10
1076	11
1076	12
1076	13
1076	14
1076	15
1076	22
1076	25
1076	26
1076	27
1076	28
1076	29
1076	30
1076	31
1076	32
1076	33
1076	34
1076	35
1076	36
1076	37
1076	38
1076	39
1076	40
1076	41
1076	43
1076	44
1076	45
1076	46
1076	47
1076	48
1076	49
1076	50
1076	52
1076	53
1076	55
1076	56
1076	58
1076	59
1076	60
1076	61
1076	62
1076	64
1076	65
1076	66
1076	67
1076	68
1076	69
1076	70
1076	71
1076	72
1076	73
1076	76
1076	77
1076	78
1076	79
1076	84
1076	91
1076	92
1076	94
1076	95
1077	1
1077	2
1077	3
1077	5
1077	6
1077	8
1077	9
1077	11
1077	12
1077	14
1077	15
1077	22
1077	25
1077	26
1077	27
1077	28
1077	30
1077	32
1077	34
1077	35
1077	36
1077	39
1077	40
1077	41
1077	42
1077	43
1077	44
1077	45
1077	46
1077	47
1077	48
1077	49
1077	50
1077	52
1077	53
1077	54
1077	55
1077	59
1077	60
1077	61
1077	62
1077	65
1077	66
1077	67
1077	68
1077	69
1077	70
1077	71
1077	73
1077	74
1077	76
1077	77
1077	78
1077	94
1078	5
1078	8
1078	11
1078	14
1078	15
1078	22
1078	28
1078	52
1078	56
1078	58
1078	64
1078	70
1079	1
1079	2
1079	3
1079	5
1079	6
1079	8
1079	9
1079	11
1079	12
1079	13
1079	14
1079	15
1079	16
1079	17
1079	18
1079	20
1079	22
1079	25
1079	27
1079	28
1079	30
1079	31
1079	34
1079	35
1079	36
1079	39
1079	40
1079	41
1079	42
1079	44
1079	45
1079	46
1079	47
1079	48
1079	50
1079	51
1079	52
1079	53
1079	54
1079	55
1079	59
1079	62
1079	64
1079	65
1079	66
1079	67
1079	69
1079	70
1079	71
1079	72
1079	73
1079	75
1079	76
1079	77
1079	79
1079	86
1079	89
1079	92
1079	94
1080	2
1080	4
1080	5
1080	12
1080	13
1080	14
1080	15
1080	22
1080	27
1080	34
1080	35
1080	41
1080	43
1080	45
1080	59
1080	60
1080	62
1080	66
1080	68
1080	71
1080	73
1080	76
1080	78
1080	94
1081	3
1081	5
1081	6
1081	7
1081	8
1081	11
1081	15
1081	22
1081	28
1081	31
1081	32
1081	33
1081	34
1081	35
1081	46
1081	47
1081	51
1081	52
1081	56
1081	62
1081	70
1081	73
1081	94
1082	3
1082	4
1082	5
1082	22
1082	25
1082	28
1082	31
1082	32
1082	37
1082	68
1082	69
1082	78
1082	79
1082	86
1083	2
1083	3
1083	4
1083	5
1083	6
1083	13
1083	14
1083	15
1083	22
1083	25
1083	26
1083	28
1083	29
1083	34
1083	35
1083	36
1083	40
1083	41
1083	45
1083	48
1083	50
1083	52
1083	53
1083	55
1083	56
1083	59
1083	60
1083	62
1083	64
1083	66
1083	69
1083	71
1083	94
1084	1
1084	3
1084	7
1084	11
1084	14
1084	15
1084	26
1084	31
1084	35
1084	36
1084	40
1084	41
1084	42
1084	45
1084	48
1084	55
1084	59
1084	61
1084	64
1084	66
1084	70
1084	72
1084	77
1084	78
1084	84
1084	92
1085	1
1085	5
1085	6
1085	11
1085	12
1085	14
1085	15
1085	16
1085	17
1085	20
1085	21
1085	22
1085	27
1085	28
1085	29
1085	35
1085	37
1085	38
1085	40
1085	41
1085	42
1085	47
1085	49
1085	52
1085	55
1085	59
1085	61
1085	64
1085	65
1085	67
1085	68
1085	69
1085	70
1085	71
1085	72
1085	91
1085	94
1086	3
1086	5
1086	11
1086	14
1086	22
1086	34
1086	47
1086	48
1086	49
1086	52
1086	61
1086	71
1087	1
1087	3
1087	5
1087	6
1087	8
1087	11
1087	13
1087	14
1087	15
1087	22
1087	30
1087	31
1087	35
1087	37
1087	41
1087	51
1087	52
1087	59
1087	61
1087	62
1087	66
1087	70
1087	72
1087	94
1088	1
1088	6
1088	9
1088	11
1088	13
1088	22
1088	25
1088	26
1088	27
1088	35
1088	36
1088	37
1088	39
1088	44
1088	45
1088	46
1088	48
1088	52
1088	55
1088	59
1088	60
1088	61
1088	62
1088	70
1088	71
1088	72
1088	73
1088	76
1089	2
1089	3
1089	5
1089	6
1089	7
1089	8
1089	9
1089	11
1089	13
1089	14
1089	15
1089	21
1089	22
1089	25
1089	26
1089	27
1089	28
1089	29
1089	30
1089	31
1089	32
1089	34
1089	35
1089	36
1089	39
1089	41
1089	45
1089	46
1089	47
1089	48
1089	56
1089	58
1089	59
1089	60
1089	61
1089	62
1089	65
1089	66
1089	67
1089	68
1089	69
1089	70
1089	71
1089	73
1089	75
1089	77
1089	78
1089	86
1089	92
1089	94
1089	99
1090	3
1090	6
1090	8
1090	11
1090	15
1090	16
1090	18
1090	20
1090	21
1090	22
1090	28
1090	34
1090	39
1090	41
1090	44
1090	46
1090	47
1090	50
1090	53
1090	55
1090	56
1090	58
1090	59
1090	60
1090	61
1090	70
1090	73
1090	84
1091	3
1091	5
1091	8
1091	11
1091	13
1091	14
1091	15
1091	22
1091	26
1091	27
1091	31
1091	35
1091	36
1091	38
1091	41
1091	46
1091	47
1091	52
1091	53
1091	55
1091	59
1091	62
1091	68
1091	70
1091	71
1091	72
1091	86
1091	93
1092	12
1092	22
1092	28
1092	39
1092	43
1092	46
1092	59
1092	65
1092	71
1093	3
1093	4
1093	5
1093	6
1093	7
1093	8
1093	9
1093	11
1093	12
1093	13
1093	14
1093	15
1093	21
1093	22
1093	26
1093	27
1093	28
1093	30
1093	31
1093	32
1093	33
1093	34
1093	35
1093	38
1093	39
1093	40
1093	41
1093	43
1093	44
1093	45
1093	46
1093	47
1093	48
1093	49
1093	50
1093	52
1093	53
1093	54
1093	59
1093	60
1093	61
1093	62
1093	64
1093	65
1093	66
1093	67
1093	68
1093	69
1093	70
1093	71
1093	72
1093	73
1093	75
1093	78
1093	86
1093	91
1093	92
1094	1
1094	3
1094	5
1094	6
1094	8
1094	10
1094	11
1094	13
1094	14
1094	15
1094	16
1094	17
1094	18
1094	20
1094	21
1094	22
1094	25
1094	26
1094	27
1094	28
1094	31
1094	32
1094	34
1094	35
1094	36
1094	37
1094	38
1094	39
1094	40
1094	42
1094	43
1094	44
1094	45
1094	46
1094	47
1094	48
1094	49
1094	50
1094	52
1094	53
1094	55
1094	59
1094	60
1094	61
1094	62
1094	64
1094	66
1094	67
1094	69
1094	70
1094	72
1094	73
1094	75
1094	76
1094	91
1094	92
1095	2
1095	6
1095	7
1095	11
1095	13
1095	14
1095	15
1095	22
1095	27
1095	28
1095	34
1095	35
1095	50
1095	53
1095	56
1095	58
1095	59
1095	61
1095	62
1095	71
1095	93
1096	3
1096	5
1096	6
1096	8
1096	11
1096	12
1096	13
1096	15
1096	22
1096	26
1096	27
1096	30
1096	31
1096	32
1096	34
1096	35
1096	38
1096	39
1096	46
1096	59
1096	60
1096	64
1096	65
1096	67
1096	68
1096	70
1096	71
1097	1
1097	3
1097	5
1097	6
1097	8
1097	11
1097	12
1097	13
1097	14
1097	15
1097	22
1097	25
1097	26
1097	27
1097	30
1097	31
1097	33
1097	34
1097	35
1097	36
1097	38
1097	39
1097	43
1097	44
1097	45
1097	46
1097	47
1097	48
1097	49
1097	50
1097	51
1097	52
1097	53
1097	55
1097	59
1097	60
1097	61
1097	62
1097	65
1097	67
1097	69
1097	70
1097	71
1097	72
1097	73
1097	74
1097	75
1097	78
1097	91
1097	93
1097	94
1098	8
1098	10
1098	11
1098	12
1098	13
1098	14
1098	15
1098	22
1098	34
1098	35
1098	39
1098	44
1098	46
1098	48
1098	50
1098	54
1098	55
1098	59
1098	60
1098	62
1098	64
1098	66
1098	67
1098	70
1098	78
1098	91
1098	94
1099	1
1099	5
1099	6
1099	13
1099	14
1099	15
1099	22
1099	26
1099	27
1099	31
1099	35
1099	37
1099	39
1099	41
1099	45
1099	48
1099	50
1099	51
1099	59
1099	62
1099	66
1099	68
1099	70
1099	71
1099	73
1099	76
1099	94
1099	100
1100	2
1100	15
1100	22
1100	30
1100	33
1100	35
1100	41
1100	51
1100	60
1100	73
1100	86
1101	1
1101	2
1101	3
1101	5
1101	6
1101	8
1101	11
1101	12
1101	13
1101	14
1101	15
1101	16
1101	17
1101	18
1101	20
1101	21
1101	22
1101	25
1101	26
1101	27
1101	28
1101	29
1101	30
1101	31
1101	34
1101	35
1101	36
1101	38
1101	39
1101	40
1101	41
1101	44
1101	45
1101	46
1101	47
1101	48
1101	49
1101	50
1101	51
1101	52
1101	53
1101	55
1101	59
1101	60
1101	61
1101	62
1101	64
1101	65
1101	66
1101	67
1101	68
1101	70
1101	71
1101	72
1101	73
1101	75
1101	76
1101	78
1101	80
1101	84
1101	92
1101	94
1101	95
1102	3
1102	4
1102	6
1102	8
1102	11
1102	14
1102	15
1102	22
1102	26
1102	28
1102	35
1102	36
1102	40
1102	41
1102	42
1102	48
1102	50
1102	52
1102	55
1102	59
1102	62
1102	66
1102	67
1102	68
1102	69
1102	71
1102	72
1102	73
1102	79
1102	93
1103	1
1103	2
1103	3
1103	5
1103	6
1103	7
1103	8
1103	11
1103	13
1103	14
1103	15
1103	21
1103	22
1103	25
1103	26
1103	27
1103	28
1103	30
1103	31
1103	32
1103	33
1103	34
1103	35
1103	36
1103	37
1103	38
1103	39
1103	40
1103	41
1103	43
1103	44
1103	46
1103	47
1103	48
1103	49
1103	50
1103	52
1103	53
1103	56
1103	59
1103	60
1103	61
1103	62
1103	64
1103	65
1103	66
1103	67
1103	68
1103	69
1103	70
1103	73
1103	76
1103	77
1103	78
1103	79
1103	86
1103	94
1104	1
1104	13
1104	15
1104	22
1104	25
1104	44
1104	46
1104	48
1104	59
1105	3
1105	14
1105	15
1105	22
1105	30
1105	34
1105	41
1105	47
1105	70
1105	94
1106	3
1106	8
1106	11
1106	14
1106	16
1106	17
1106	18
1106	20
1106	21
1106	22
1106	28
1106	31
1106	32
1106	35
1106	46
1106	47
1106	48
1106	50
1106	59
1106	60
1106	61
1106	62
1106	72
1106	73
1106	76
1106	78
1106	84
1106	86
1106	94
1106	95
1107	3
1107	5
1107	6
1107	8
1107	11
1107	12
1107	14
1107	15
1107	22
1107	25
1107	26
1107	34
1107	35
1107	38
1107	41
1107	43
1107	44
1107	46
1107	47
1107	48
1107	50
1107	52
1107	53
1107	59
1107	60
1107	61
1107	62
1107	64
1107	65
1107	66
1107	67
1107	69
1107	70
1107	73
1107	80
1107	84
1107	93
1108	1
1108	3
1108	4
1108	5
1108	6
1108	7
1108	8
1108	11
1108	12
1108	13
1108	14
1108	15
1108	16
1108	17
1108	18
1108	20
1108	21
1108	22
1108	25
1108	26
1108	33
1108	34
1108	35
1108	38
1108	39
1108	41
1108	44
1108	46
1108	47
1108	48
1108	52
1108	55
1108	59
1108	61
1108	62
1108	64
1108	65
1108	67
1108	68
1108	70
1108	71
1108	73
1108	77
1108	93
1108	94
1109	1
1109	3
1109	5
1109	6
1109	8
1109	11
1109	13
1109	15
1109	22
1109	27
1109	30
1109	40
1109	46
1109	48
1109	50
1109	59
1109	60
1109	61
1109	64
1109	69
1109	71
1109	73
1109	80
1109	86
1109	93
1110	1
1110	2
1110	3
1110	8
1110	11
1110	13
1110	14
1110	15
1110	22
1110	26
1110	34
1110	35
1110	38
1110	45
1110	48
1110	53
1110	56
1110	59
1110	61
1110	66
1110	71
1110	94
1111	6
1111	8
1111	11
1111	13
1111	15
1111	22
1111	33
1111	38
1111	41
1111	52
1111	59
1111	61
1111	66
1111	69
1111	70
1111	72
1111	78
1112	1
1112	2
1112	7
1112	12
1112	13
1112	14
1112	15
1112	22
1112	26
1112	28
1112	31
1112	32
1112	35
1112	37
1112	38
1112	41
1112	44
1112	45
1112	48
1112	49
1112	52
1112	53
1112	55
1112	59
1112	61
1112	66
1112	68
1112	69
1112	70
1112	71
1112	77
1112	79
1112	94
1113	1
1113	3
1113	5
1113	6
1113	7
1113	8
1113	11
1113	13
1113	14
1113	15
1113	22
1113	25
1113	27
1113	30
1113	34
1113	35
1113	36
1113	38
1113	43
1113	45
1113	46
1113	47
1113	48
1113	50
1113	52
1113	53
1113	59
1113	61
1113	62
1113	64
1113	65
1113	66
1113	67
1113	69
1113	70
1113	71
1113	73
1113	74
1114	2
1114	6
1114	8
1114	9
1114	11
1114	13
1114	22
1114	26
1114	27
1114	31
1114	32
1114	34
1114	35
1114	36
1114	38
1114	40
1114	41
1114	42
1114	47
1114	48
1114	49
1114	52
1114	59
1114	61
1114	62
1114	66
1114	71
1114	79
1115	1
1115	3
1115	7
1115	8
1115	12
1115	14
1115	15
1115	22
1115	25
1115	26
1115	28
1115	31
1115	32
1115	34
1115	35
1115	37
1115	38
1115	39
1115	41
1115	43
1115	44
1115	46
1115	50
1115	52
1115	53
1115	55
1115	59
1115	64
1115	66
1115	68
1115	69
1115	70
1115	73
1115	77
1115	79
1115	94
1116	1
1116	3
1116	5
1116	6
1116	8
1116	14
1116	15
1116	22
1116	25
1116	26
1116	28
1116	31
1116	32
1116	34
1116	35
1116	36
1116	37
1116	38
1116	39
1116	40
1116	43
1116	44
1116	46
1116	47
1116	50
1116	51
1116	56
1116	59
1116	64
1116	65
1116	67
1116	68
1116	69
1116	73
1116	76
1116	79
1116	92
1117	1
1117	3
1117	5
1117	6
1117	8
1117	11
1117	13
1117	14
1117	15
1117	22
1117	25
1117	26
1117	27
1117	28
1117	30
1117	34
1117	35
1117	36
1117	38
1117	41
1117	43
1117	46
1117	48
1117	49
1117	50
1117	52
1117	53
1117	55
1117	59
1117	60
1117	62
1117	64
1117	66
1117	68
1117	70
1117	71
1117	73
1117	74
1117	76
1117	93
1117	94
1118	1
1118	2
1118	3
1118	6
1118	8
1118	13
1118	14
1118	15
1118	21
1118	22
1118	26
1118	27
1118	28
1118	30
1118	40
1118	42
1118	43
1118	47
1118	48
1118	59
1118	60
1118	61
1118	62
1118	64
1118	65
1118	66
1118	67
1118	71
1118	73
1119	6
1119	7
1119	8
1119	9
1119	11
1119	12
1119	13
1119	14
1119	15
1119	16
1119	17
1119	18
1119	20
1119	21
1119	22
1119	25
1119	27
1119	28
1119	29
1119	30
1119	31
1119	32
1119	34
1119	36
1119	38
1119	41
1119	45
1119	46
1119	47
1119	48
1119	49
1119	50
1119	51
1119	52
1119	53
1119	54
1119	55
1119	56
1119	58
1119	59
1119	60
1119	61
1119	62
1119	65
1119	67
1119	70
1119	71
1119	78
1120	1
1120	2
1120	6
1120	7
1120	12
1120	13
1120	22
1120	27
1120	28
1120	32
1120	33
1120	35
1120	37
1120	44
1120	45
1120	48
1120	55
1120	59
1120	61
1120	62
1120	68
1120	69
1120	71
1120	73
1120	79
1121	1
1121	2
1121	3
1121	5
1121	8
1121	11
1121	13
1121	14
1121	15
1121	22
1121	26
1121	27
1121	28
1121	30
1121	31
1121	32
1121	35
1121	37
1121	39
1121	40
1121	41
1121	45
1121	46
1121	48
1121	59
1121	60
1121	61
1121	62
1121	68
1121	71
1121	74
1121	79
1122	1
1122	2
1122	3
1122	6
1122	7
1122	11
1122	13
1122	14
1122	15
1122	22
1122	26
1122	28
1122	34
1122	35
1122	41
1122	45
1122	46
1122	48
1122	52
1122	59
1122	60
1122	61
1122	66
1122	70
1122	71
1122	94
1123	6
1123	7
1123	8
1123	11
1123	13
1123	14
1123	15
1123	26
1123	33
1123	34
1123	37
1123	38
1123	46
1123	48
1123	50
1123	51
1123	59
1123	60
1123	65
1123	95
1124	1
1124	2
1124	3
1124	5
1124	6
1124	11
1124	13
1124	14
1124	15
1124	22
1124	26
1124	34
1124	35
1124	37
1124	45
1124	46
1124	51
1124	53
1124	59
1124	70
1124	72
1125	6
1125	14
1125	22
1125	35
1125	38
1125	39
1125	44
1125	48
1125	53
1125	59
1125	60
1125	62
1125	65
1125	73
1126	3
1126	4
1126	5
1126	6
1126	11
1126	14
1126	22
1126	25
1126	28
1126	32
1126	35
1126	37
1126	38
1126	41
1126	48
1126	52
1126	59
1126	62
1126	68
1126	70
1126	72
1126	74
1126	77
1126	78
1126	79
1127	1
1127	2
1127	3
1127	5
1127	6
1127	8
1127	9
1127	11
1127	12
1127	13
1127	14
1127	15
1127	22
1127	25
1127	26
1127	28
1127	29
1127	30
1127	31
1127	34
1127	35
1127	36
1127	37
1127	38
1127	39
1127	40
1127	42
1127	44
1127	45
1127	46
1127	47
1127	48
1127	49
1127	50
1127	52
1127	53
1127	54
1127	55
1127	56
1127	58
1127	59
1127	60
1127	61
1127	62
1127	64
1127	65
1127	66
1127	67
1127	68
1127	69
1127	70
1127	71
1127	72
1127	73
1127	74
1127	75
1127	76
1127	77
1127	78
1127	79
1127	84
1127	86
1127	92
1127	93
1128	1
1128	2
1128	4
1128	5
1128	6
1128	7
1128	8
1128	9
1128	11
1128	12
1128	14
1128	15
1128	22
1128	25
1128	26
1128	28
1128	31
1128	32
1128	34
1128	35
1128	36
1128	38
1128	39
1128	40
1128	44
1128	45
1128	46
1128	47
1128	48
1128	50
1128	52
1128	53
1128	55
1128	59
1128	60
1128	61
1128	62
1128	64
1128	65
1128	67
1128	69
1128	70
1128	71
1128	72
1128	73
1128	75
1128	76
1128	78
1128	79
1128	84
1128	86
1128	94
1128	101
1129	1
1129	3
1129	4
1129	5
1129	6
1129	8
1129	9
1129	11
1129	13
1129	14
1129	15
1129	22
1129	25
1129	26
1129	27
1129	28
1129	31
1129	32
1129	34
1129	35
1129	36
1129	38
1129	39
1129	40
1129	41
1129	43
1129	44
1129	45
1129	46
1129	47
1129	48
1129	52
1129	53
1129	55
1129	59
1129	60
1129	61
1129	62
1129	64
1129	65
1129	66
1129	67
1129	68
1129	69
1129	70
1129	71
1129	73
1129	75
1129	76
1129	78
1129	79
1129	86
1129	94
1130	1
1130	2
1130	3
1130	4
1130	5
1130	6
1130	8
1130	11
1130	12
1130	13
1130	14
1130	15
1130	16
1130	17
1130	18
1130	20
1130	21
1130	22
1130	25
1130	26
1130	27
1130	28
1130	34
1130	35
1130	36
1130	38
1130	39
1130	40
1130	41
1130	44
1130	46
1130	47
1130	48
1130	49
1130	50
1130	52
1130	53
1130	55
1130	59
1130	60
1130	61
1130	62
1130	64
1130	65
1130	66
1130	67
1130	69
1130	70
1130	71
1130	72
1130	73
1130	74
1130	77
1130	78
1130	80
1130	86
1130	88
1130	89
1130	92
1130	94
1130	95
1131	1
1131	3
1131	4
1131	5
1131	6
1131	7
1131	8
1131	11
1131	13
1131	14
1131	15
1131	22
1131	25
1131	26
1131	27
1131	31
1131	32
1131	34
1131	35
1131	36
1131	38
1131	40
1131	41
1131	44
1131	45
1131	46
1131	48
1131	50
1131	52
1131	53
1131	54
1131	56
1131	59
1131	60
1131	61
1131	62
1131	64
1131	65
1131	67
1131	68
1131	69
1131	70
1131	73
1131	76
1131	78
1131	80
1131	84
1131	86
1131	92
1131	94
1132	3
1132	6
1132	8
1132	13
1132	14
1132	15
1132	26
1132	34
1132	35
1132	38
1132	39
1132	40
1132	46
1132	48
1132	59
1132	61
1132	62
1132	65
1132	66
1132	68
1132	70
1132	73
1132	78
1133	5
1133	6
1133	11
1133	22
1133	26
1133	27
1133	30
1133	31
1133	33
1133	35
1133	36
1133	38
1133	39
1133	41
1133	42
1133	44
1133	46
1133	47
1133	48
1133	50
1133	52
1133	56
1133	58
1133	59
1133	71
1133	73
1134	1
1134	2
1134	3
1134	5
1134	6
1134	7
1134	8
1134	9
1134	11
1134	13
1134	14
1134	15
1134	22
1134	25
1134	26
1134	30
1134	34
1134	35
1134	36
1134	37
1134	38
1134	39
1134	40
1134	41
1134	42
1134	45
1134	46
1134	47
1134	49
1134	50
1134	51
1134	52
1134	53
1134	59
1134	60
1134	61
1134	62
1134	64
1134	65
1134	66
1134	69
1134	70
1134	71
1134	73
1134	86
1134	94
1135	5
1135	11
1135	14
1135	15
1135	22
1135	25
1135	34
1135	35
1135	36
1135	46
1135	59
1135	61
1135	69
1135	70
1135	79
1136	1
1136	3
1136	4
1136	5
1136	6
1136	7
1136	8
1136	9
1136	11
1136	12
1136	13
1136	14
1136	15
1136	22
1136	25
1136	26
1136	27
1136	28
1136	30
1136	31
1136	32
1136	34
1136	35
1136	37
1136	38
1136	39
1136	40
1136	41
1136	42
1136	43
1136	44
1136	45
1136	46
1136	48
1136	49
1136	50
1136	52
1136	53
1136	54
1136	55
1136	57
1136	58
1136	59
1136	60
1136	61
1136	62
1136	64
1136	65
1136	66
1136	67
1136	68
1136	69
1136	71
1136	72
1136	73
1136	76
1136	77
1136	78
1136	79
1136	86
1136	93
1136	94
1136	95
1136	102
1137	2
1137	3
1137	6
1137	8
1137	10
1137	11
1137	13
1137	14
1137	15
1137	22
1137	26
1137	27
1137	28
1137	29
1137	31
1137	32
1137	34
1137	35
1137	37
1137	38
1137	39
1137	40
1137	42
1137	43
1137	46
1137	47
1137	48
1137	50
1137	51
1137	52
1137	53
1137	59
1137	60
1137	61
1137	65
1137	66
1137	70
1137	71
1137	78
1137	94
1138	1
1138	2
1138	3
1138	5
1138	6
1138	8
1138	9
1138	11
1138	12
1138	13
1138	14
1138	15
1138	22
1138	26
1138	27
1138	28
1138	30
1138	32
1138	34
1138	35
1138	37
1138	39
1138	40
1138	43
1138	44
1138	45
1138	46
1138	48
1138	49
1138	50
1138	52
1138	55
1138	59
1138	60
1138	61
1138	62
1138	64
1138	65
1138	66
1138	67
1138	68
1138	69
1138	70
1138	73
1138	76
1138	78
1138	79
1138	91
1138	93
1138	94
1139	15
1139	25
1139	28
1139	33
1139	34
1139	36
1139	38
1139	43
1139	46
1139	48
1139	59
1139	64
1139	65
1139	78
1140	13
1140	22
1140	27
1140	40
1140	42
1140	65
1141	1
1141	2
1141	3
1141	5
1141	8
1141	11
1141	13
1141	14
1141	15
1141	16
1141	17
1141	18
1141	20
1141	21
1141	27
1141	38
1141	39
1141	41
1141	44
1141	45
1141	46
1141	47
1141	48
1141	49
1141	52
1141	55
1141	59
1141	60
1141	62
1141	64
1141	66
1141	67
1141	68
1141	70
1141	71
1141	72
1141	73
1141	74
1141	78
1141	79
1141	92
1142	2
1142	6
1142	7
1142	15
1142	34
1142	35
1142	38
1142	39
1142	46
1142	47
1142	52
1142	59
1142	62
1142	66
1142	69
1142	76
1143	3
1143	4
1143	5
1143	6
1143	8
1143	11
1143	13
1143	14
1143	15
1143	22
1143	25
1143	27
1143	28
1143	35
1143	36
1143	38
1143	43
1143	44
1143	46
1143	49
1143	50
1143	52
1143	59
1143	60
1143	61
1143	64
1143	65
1143	66
1143	71
1143	72
1143	74
1143	80
1144	2
1144	3
1144	5
1144	6
1144	8
1144	12
1144	13
1144	14
1144	15
1144	22
1144	26
1144	27
1144	30
1144	32
1144	35
1144	38
1144	47
1144	48
1144	50
1144	51
1144	55
1144	59
1144	61
1144	62
1144	64
1144	71
1144	72
1144	73
1144	74
1144	80
1144	86
1145	1
1145	2
1145	6
1145	11
1145	22
1145	27
1145	34
1145	39
1145	40
1145	46
1145	48
1145	52
1145	59
1145	60
1145	61
1145	66
1145	67
1145	69
1145	71
1146	1
1146	2
1146	3
1146	11
1146	13
1146	14
1146	15
1146	22
1146	25
1146	26
1146	28
1146	34
1146	35
1146	38
1146	45
1146	48
1146	53
1146	61
1146	68
1146	69
1146	71
1146	79
1147	15
1147	22
1147	25
1147	28
1147	34
1147	37
1147	52
1147	59
1147	64
1147	67
1147	68
1147	69
1147	79
1148	1
1148	2
1148	3
1148	5
1148	6
1148	8
1148	9
1148	11
1148	12
1148	13
1148	14
1148	15
1148	22
1148	26
1148	27
1148	28
1148	29
1148	30
1148	31
1148	32
1148	33
1148	34
1148	35
1148	36
1148	37
1148	38
1148	39
1148	41
1148	43
1148	45
1148	46
1148	47
1148	48
1148	50
1148	52
1148	53
1148	55
1148	59
1148	60
1148	62
1148	64
1148	65
1148	66
1148	67
1148	68
1148	69
1148	70
1148	72
1148	73
1148	74
1148	75
1148	77
1148	78
1148	86
1148	93
1148	94
1148	95
1149	1
1149	6
1149	8
1149	11
1149	13
1149	15
1149	22
1149	27
1149	35
1149	54
1149	55
1149	59
1149	60
1149	66
1149	69
1149	71
1150	8
1150	11
1150	12
1150	13
1150	14
1150	15
1150	22
1150	26
1150	28
1150	31
1150	34
1150	35
1150	36
1150	37
1150	41
1150	45
1150	48
1150	50
1150	53
1150	59
1150	61
1150	68
1150	69
1150	70
1150	71
1150	79
1150	93
1151	1
1151	2
1151	3
1151	4
1151	5
1151	6
1151	8
1151	9
1151	11
1151	12
1151	13
1151	14
1151	15
1151	16
1151	17
1151	18
1151	20
1151	21
1151	22
1151	25
1151	26
1151	28
1151	29
1151	31
1151	33
1151	34
1151	35
1151	36
1151	38
1151	39
1151	40
1151	41
1151	43
1151	44
1151	45
1151	46
1151	47
1151	48
1151	49
1151	50
1151	52
1151	53
1151	55
1151	56
1151	59
1151	60
1151	61
1151	62
1151	64
1151	65
1151	66
1151	67
1151	68
1151	69
1151	70
1151	71
1151	72
1151	73
1151	74
1151	75
1151	76
1151	77
1151	78
1151	79
1151	84
1151	88
1151	89
1151	92
1151	94
1151	95
1152	3
1152	5
1152	6
1152	8
1152	11
1152	13
1152	14
1152	15
1152	22
1152	25
1152	26
1152	27
1152	28
1152	34
1152	35
1152	36
1152	37
1152	38
1152	39
1152	41
1152	42
1152	43
1152	44
1152	46
1152	47
1152	48
1152	49
1152	50
1152	52
1152	53
1152	55
1152	59
1152	61
1152	62
1152	64
1152	65
1152	66
1152	67
1152	68
1152	69
1152	71
1152	72
1152	73
1152	74
1152	76
1152	78
1152	86
1152	94
1153	1
1153	3
1153	5
1153	6
1153	7
1153	11
1153	13
1153	15
1153	22
1153	27
1153	34
1153	35
1153	39
1153	40
1153	43
1153	44
1153	45
1153	46
1153	47
1153	50
1153	53
1153	59
1153	64
1153	65
1153	66
1153	67
1153	68
1153	70
1153	71
1153	73
1153	78
1153	86
1153	91
1153	100
1154	1
1154	2
1154	3
1154	5
1154	6
1154	8
1154	9
1154	11
1154	13
1154	14
1154	15
1154	22
1154	25
1154	26
1154	27
1154	28
1154	30
1154	31
1154	32
1154	34
1154	35
1154	36
1154	37
1154	40
1154	41
1154	45
1154	48
1154	49
1154	52
1154	53
1154	54
1154	55
1154	56
1154	59
1154	61
1154	62
1154	64
1154	66
1154	67
1154	68
1154	69
1154	70
1154	71
1154	73
1154	74
1154	79
1154	91
1154	92
1154	94
1155	5
1155	6
1155	8
1155	11
1155	12
1155	13
1155	15
1155	22
1155	26
1155	27
1155	35
1155	36
1155	37
1155	38
1155	39
1155	41
1155	43
1155	45
1155	46
1155	52
1155	64
1155	66
1155	67
1155	69
1155	70
1155	71
1155	73
1155	78
1155	86
1155	91
1155	94
1156	1
1156	3
1156	5
1156	6
1156	7
1156	8
1156	9
1156	11
1156	12
1156	13
1156	14
1156	15
1156	16
1156	17
1156	18
1156	20
1156	22
1156	25
1156	26
1156	27
1156	28
1156	30
1156	32
1156	34
1156	35
1156	36
1156	38
1156	39
1156	40
1156	41
1156	42
1156	44
1156	45
1156	46
1156	47
1156	48
1156	49
1156	50
1156	52
1156	53
1156	54
1156	55
1156	56
1156	58
1156	59
1156	60
1156	61
1156	62
1156	64
1156	65
1156	66
1156	67
1156	69
1156	70
1156	71
1156	72
1156	73
1156	74
1156	76
1156	77
1156	78
1156	79
1156	92
1156	94
1156	95
1157	1
1157	3
1157	5
1157	6
1157	7
1157	11
1157	13
1157	14
1157	15
1157	22
1157	26
1157	34
1157	35
1157	40
1157	41
1157	43
1157	44
1157	45
1157	46
1157	48
1157	49
1157	52
1157	53
1157	59
1157	61
1157	62
1157	65
1157	68
1157	69
1157	70
1157	72
1157	73
1157	74
1157	76
1157	78
1157	84
1157	86
1157	95
1158	2
1158	3
1158	5
1158	6
1158	8
1158	9
1158	10
1158	11
1158	13
1158	14
1158	15
1158	22
1158	27
1158	31
1158	33
1158	34
1158	35
1158	38
1158	40
1158	41
1158	43
1158	45
1158	46
1158	47
1158	48
1158	50
1158	52
1158	53
1158	56
1158	58
1158	59
1158	60
1158	64
1158	65
1158	66
1158	67
1158	68
1158	69
1158	70
1158	72
1158	73
1158	74
1158	76
1158	86
1158	91
1158	92
1158	94
1159	1
1159	2
1159	8
1159	11
1159	12
1159	13
1159	14
1159	22
1159	25
1159	26
1159	28
1159	29
1159	30
1159	35
1159	39
1159	45
1159	46
1159	48
1159	49
1159	52
1159	61
1159	62
1159	64
1159	66
1159	67
1159	70
1159	71
1159	94
1160	1
1160	3
1160	4
1160	5
1160	6
1160	8
1160	9
1160	11
1160	12
1160	13
1160	14
1160	15
1160	21
1160	22
1160	25
1160	28
1160	31
1160	34
1160	35
1160	36
1160	37
1160	39
1160	40
1160	41
1160	42
1160	45
1160	46
1160	47
1160	48
1160	49
1160	50
1160	52
1160	53
1160	54
1160	59
1160	60
1160	61
1160	62
1160	65
1160	66
1160	69
1160	70
1160	71
1160	73
1160	75
1160	77
1160	78
1160	86
1160	92
1160	94
1161	3
1161	4
1161	6
1161	7
1161	8
1161	11
1161	13
1161	15
1161	22
1161	26
1161	35
1161	38
1161	46
1161	48
1161	50
1161	53
1161	59
1161	60
1161	61
1161	62
1161	65
1161	66
1161	70
1161	71
1161	72
1161	75
1161	76
1161	94
1162	1
1162	2
1162	3
1162	5
1162	6
1162	7
1162	8
1162	11
1162	12
1162	13
1162	14
1162	15
1162	16
1162	17
1162	18
1162	20
1162	21
1162	22
1162	25
1162	26
1162	28
1162	29
1162	30
1162	31
1162	32
1162	34
1162	35
1162	36
1162	37
1162	38
1162	39
1162	40
1162	41
1162	43
1162	44
1162	45
1162	46
1162	47
1162	48
1162	49
1162	50
1162	51
1162	52
1162	53
1162	54
1162	55
1162	56
1162	59
1162	60
1162	62
1162	64
1162	65
1162	66
1162	67
1162	68
1162	69
1162	70
1162	71
1162	72
1162	73
1162	74
1162	78
1162	79
1162	91
1162	92
1162	94
1162	95
1163	3
1163	4
1163	5
1163	6
1163	7
1163	8
1163	9
1163	11
1163	12
1163	14
1163	15
1163	22
1163	26
1163	33
1163	34
1163	35
1163	36
1163	39
1163	40
1163	41
1163	43
1163	46
1163	47
1163	48
1163	50
1163	51
1163	52
1163	54
1163	55
1163	59
1163	61
1163	64
1163	67
1163	70
1163	71
1163	72
1163	73
1163	75
1163	77
1163	78
1164	2
1164	6
1164	8
1164	9
1164	11
1164	13
1164	15
1164	22
1164	27
1164	28
1164	30
1164	31
1164	32
1164	34
1164	35
1164	38
1164	39
1164	40
1164	41
1164	44
1164	46
1164	48
1164	50
1164	52
1164	53
1164	55
1164	58
1164	59
1164	61
1164	66
1164	69
1164	71
1164	72
1164	78
1164	79
1164	93
1165	3
1165	11
1165	14
1165	22
1165	36
1165	38
1165	43
1165	44
1165	50
1165	52
1165	58
1166	5
1166	6
1166	8
1166	11
1166	12
1166	13
1166	14
1166	15
1166	22
1166	27
1166	30
1166	34
1166	35
1166	36
1166	38
1166	39
1166	41
1166	44
1166	45
1166	46
1166	47
1166	48
1166	52
1166	53
1166	55
1166	59
1166	60
1166	61
1166	62
1166	64
1166	65
1166	66
1166	68
1166	69
1166	70
1166	71
1166	75
1166	78
1166	94
1167	5
1167	6
1167	7
1167	12
1167	13
1167	14
1167	22
1167	27
1167	31
1167	32
1167	34
1167	35
1167	36
1167	38
1167	48
1167	49
1167	51
1167	52
1167	53
1167	59
1167	61
1167	65
1167	68
1167	71
1168	1
1168	3
1168	5
1168	6
1168	7
1168	8
1168	9
1168	11
1168	12
1168	13
1168	14
1168	15
1168	22
1168	25
1168	26
1168	27
1168	28
1168	30
1168	31
1168	34
1168	35
1168	36
1168	39
1168	40
1168	41
1168	42
1168	43
1168	45
1168	46
1168	47
1168	48
1168	49
1168	50
1168	52
1168	53
1168	54
1168	55
1168	56
1168	58
1168	59
1168	60
1168	61
1168	62
1168	64
1168	65
1168	66
1168	67
1168	68
1168	69
1168	70
1168	71
1168	72
1168	73
1168	74
1168	76
1168	79
1168	86
1168	91
1168	92
1168	93
1168	94
1169	1
1169	2
1169	3
1169	5
1169	6
1169	7
1169	8
1169	11
1169	12
1169	13
1169	14
1169	15
1169	22
1169	25
1169	26
1169	27
1169	28
1169	29
1169	30
1169	31
1169	32
1169	34
1169	35
1169	38
1169	39
1169	40
1169	41
1169	44
1169	46
1169	47
1169	48
1169	50
1169	52
1169	53
1169	56
1169	59
1169	60
1169	61
1169	62
1169	64
1169	65
1169	66
1169	67
1169	68
1169	70
1169	71
1169	72
1169	73
1169	77
1169	78
1169	86
1169	94
1169	95
1170	1
1170	3
1170	6
1170	13
1170	14
1170	15
1170	22
1170	27
1170	41
1170	45
1170	52
1170	61
1170	62
1170	64
1170	68
1170	69
1170	71
1170	72
1170	78
1170	84
1170	94
1171	2
1171	3
1171	4
1171	5
1171	6
1171	8
1171	11
1171	12
1171	13
1171	14
1171	15
1171	16
1171	17
1171	18
1171	20
1171	21
1171	22
1171	27
1171	30
1171	33
1171	34
1171	35
1171	36
1171	37
1171	40
1171	42
1171	43
1171	44
1171	46
1171	47
1171	48
1171	50
1171	51
1171	54
1171	55
1171	59
1171	60
1171	61
1171	62
1171	64
1171	66
1171	67
1171	68
1171	69
1171	70
1171	71
1171	73
1171	76
1171	78
1171	80
1171	92
1172	22
1172	27
1172	59
1172	60
1173	2
1173	3
1173	4
1173	5
1173	6
1173	8
1173	10
1173	11
1173	14
1173	15
1173	22
1173	26
1173	30
1173	31
1173	34
1173	35
1173	40
1173	43
1173	49
1173	51
1173	59
1173	61
1173	62
1173	66
1173	68
1173	73
1173	74
1173	76
1173	86
1173	94
1174	1
1174	2
1174	3
1174	4
1174	5
1174	6
1174	8
1174	9
1174	10
1174	11
1174	12
1174	13
1174	14
1174	15
1174	16
1174	17
1174	18
1174	20
1174	22
1174	25
1174	26
1174	27
1174	28
1174	29
1174	30
1174	34
1174	35
1174	38
1174	39
1174	40
1174	41
1174	44
1174	45
1174	46
1174	47
1174	48
1174	49
1174	50
1174	51
1174	52
1174	53
1174	54
1174	56
1174	58
1174	59
1174	60
1174	61
1174	62
1174	64
1174	65
1174	66
1174	67
1174	69
1174	70
1174	71
1174	72
1174	73
1174	75
1174	78
1174	92
1174	93
1174	94
1175	1
1175	3
1175	4
1175	6
1175	7
1175	8
1175	11
1175	12
1175	13
1175	14
1175	15
1175	22
1175	25
1175	26
1175	30
1175	31
1175	33
1175	34
1175	35
1175	36
1175	37
1175	38
1175	43
1175	46
1175	48
1175	49
1175	50
1175	52
1175	59
1175	61
1175	62
1175	64
1175	65
1175	66
1175	67
1175	68
1175	70
1175	72
1175	76
1175	77
1175	78
1175	92
1176	6
1176	13
1176	14
1176	22
1176	26
1176	28
1176	35
1176	45
1176	50
1176	66
1176	68
1176	79
1177	1
1177	2
1177	3
1177	5
1177	6
1177	8
1177	9
1177	11
1177	12
1177	13
1177	14
1177	15
1177	22
1177	25
1177	26
1177	27
1177	28
1177	29
1177	30
1177	33
1177	34
1177	35
1177	37
1177	38
1177	39
1177	40
1177	41
1177	43
1177	44
1177	45
1177	46
1177	47
1177	48
1177	49
1177	50
1177	52
1177	53
1177	58
1177	59
1177	60
1177	62
1177	64
1177	65
1177	66
1177	67
1177	68
1177	69
1177	70
1177	71
1177	73
1177	75
1177	76
1177	78
1177	79
1177	91
1177	92
1177	94
1177	95
1178	6
1178	11
1178	13
1178	15
1178	22
1178	27
1178	28
1178	29
1178	34
1178	41
1178	44
1178	46
1178	47
1178	48
1178	56
1178	58
1178	61
1178	65
1178	69
1178	71
1178	73
1179	1
1179	3
1179	6
1179	8
1179	10
1179	11
1179	13
1179	14
1179	15
1179	21
1179	22
1179	27
1179	31
1179	33
1179	34
1179	35
1179	36
1179	38
1179	39
1179	41
1179	44
1179	46
1179	47
1179	49
1179	50
1179	52
1179	53
1179	59
1179	60
1179	67
1179	69
1179	70
1179	72
1179	76
1180	1
1180	2
1180	3
1180	4
1180	5
1180	6
1180	8
1180	11
1180	12
1180	13
1180	14
1180	15
1180	22
1180	25
1180	26
1180	27
1180	28
1180	30
1180	34
1180	35
1180	36
1180	37
1180	38
1180	39
1180	41
1180	43
1180	45
1180	46
1180	47
1180	48
1180	50
1180	51
1180	52
1180	56
1180	59
1180	60
1180	61
1180	62
1180	64
1180	65
1180	66
1180	67
1180	68
1180	69
1180	70
1180	71
1180	72
1180	73
1180	76
1180	78
1180	91
1180	94
1181	1
1181	2
1181	3
1181	5
1181	6
1181	7
1181	8
1181	9
1181	11
1181	12
1181	13
1181	14
1181	15
1181	22
1181	28
1181	33
1181	34
1181	35
1181	36
1181	38
1181	39
1181	40
1181	42
1181	45
1181	46
1181	48
1181	52
1181	53
1181	59
1181	60
1181	61
1181	65
1181	66
1181	69
1181	70
1181	71
1181	72
1181	78
1181	94
1182	1
1182	2
1182	3
1182	5
1182	6
1182	7
1182	8
1182	11
1182	12
1182	13
1182	14
1182	15
1182	22
1182	25
1182	26
1182	27
1182	28
1182	29
1182	32
1182	34
1182	35
1182	38
1182	39
1182	40
1182	42
1182	45
1182	46
1182	47
1182	48
1182	49
1182	50
1182	51
1182	52
1182	53
1182	56
1182	59
1182	60
1182	61
1182	62
1182	64
1182	66
1182	67
1182	68
1182	69
1182	70
1182	71
1182	72
1182	73
1182	74
1182	76
1182	77
1182	78
1182	94
1183	1
1183	3
1183	5
1183	22
1183	28
1183	34
1183	35
1183	39
1183	48
1183	59
1183	64
1183	67
1183	68
1183	69
1184	1
1184	3
1184	5
1184	6
1184	11
1184	13
1184	15
1184	22
1184	25
1184	26
1184	27
1184	28
1184	31
1184	32
1184	34
1184	35
1184	36
1184	37
1184	38
1184	39
1184	41
1184	44
1184	46
1184	48
1184	50
1184	59
1184	60
1184	61
1184	62
1184	64
1184	66
1184	67
1184	68
1184	69
1184	70
1184	71
1184	72
1184	73
1184	76
1184	79
1184	84
1184	86
1184	92
1185	2
1185	3
1185	5
1185	6
1185	8
1185	9
1185	13
1185	14
1185	22
1185	27
1185	34
1185	35
1185	38
1185	39
1185	46
1185	48
1185	59
1185	61
1185	65
1185	73
1186	1
1186	3
1186	5
1186	6
1186	8
1186	9
1186	11
1186	13
1186	14
1186	15
1186	22
1186	25
1186	26
1186	28
1186	32
1186	34
1186	35
1186	37
1186	41
1186	44
1186	46
1186	47
1186	48
1186	50
1186	52
1186	53
1186	56
1186	59
1186	61
1186	62
1186	64
1186	65
1186	66
1186	67
1186	68
1186	69
1186	70
1186	73
1186	77
1186	79
1186	80
1186	95
1187	1
1187	3
1187	4
1187	5
1187	6
1187	7
1187	8
1187	9
1187	11
1187	13
1187	14
1187	15
1187	22
1187	25
1187	26
1187	27
1187	28
1187	31
1187	32
1187	34
1187	35
1187	37
1187	38
1187	39
1187	40
1187	43
1187	44
1187	45
1187	46
1187	48
1187	50
1187	52
1187	53
1187	55
1187	59
1187	61
1187	62
1187	64
1187	65
1187	66
1187	68
1187	69
1187	70
1187	71
1187	72
1187	73
1187	74
1187	76
1187	79
1187	92
1187	94
1188	1
1188	3
1188	4
1188	5
1188	6
1188	8
1188	11
1188	13
1188	14
1188	15
1188	22
1188	25
1188	26
1188	27
1188	30
1188	31
1188	32
1188	34
1188	35
1188	36
1188	37
1188	38
1188	39
1188	41
1188	44
1188	46
1188	47
1188	50
1188	51
1188	52
1188	53
1188	59
1188	60
1188	62
1188	64
1188	65
1188	66
1188	67
1188	70
1188	73
1188	74
1188	76
1188	78
1188	79
1188	95
1189	1
1189	2
1189	3
1189	5
1189	6
1189	7
1189	8
1189	9
1189	11
1189	12
1189	13
1189	14
1189	15
1189	22
1189	25
1189	26
1189	27
1189	28
1189	32
1189	34
1189	35
1189	36
1189	38
1189	39
1189	40
1189	41
1189	44
1189	45
1189	46
1189	47
1189	48
1189	49
1189	50
1189	52
1189	55
1189	59
1189	60
1189	61
1189	62
1189	64
1189	66
1189	67
1189	68
1189	69
1189	70
1189	71
1189	72
1189	73
1189	77
1189	78
1189	79
1189	84
1189	91
1189	94
1190	1
1190	2
1190	3
1190	4
1190	5
1190	6
1190	9
1190	11
1190	12
1190	13
1190	14
1190	15
1190	22
1190	25
1190	26
1190	28
1190	29
1190	34
1190	35
1190	36
1190	38
1190	39
1190	41
1190	43
1190	45
1190	46
1190	47
1190	48
1190	50
1190	51
1190	52
1190	53
1190	56
1190	58
1190	59
1190	60
1190	61
1190	62
1190	64
1190	65
1190	67
1190	70
1190	71
1190	78
1190	84
1191	11
1191	13
1191	15
1191	22
1191	25
1191	27
1191	35
1191	49
1191	59
1191	61
1191	62
1191	69
1191	71
1192	1
1192	3
1192	6
1192	11
1192	13
1192	15
1192	22
1192	28
1192	34
1192	35
1192	38
1192	39
1192	40
1192	45
1192	47
1192	48
1192	52
1192	54
1192	55
1192	56
1192	58
1192	59
1192	60
1192	62
1192	65
1192	69
1192	70
1192	71
1192	73
1192	78
1192	100
1193	1
1193	3
1193	8
1193	15
1193	22
1193	26
1193	30
1193	34
1193	35
1193	36
1193	38
1193	41
1193	48
1193	50
1193	52
1193	53
1193	56
1193	59
1193	65
1193	71
1194	1
1194	2
1194	3
1194	4
1194	5
1194	6
1194	8
1194	11
1194	13
1194	14
1194	15
1194	28
1194	29
1194	35
1194	38
1194	41
1194	43
1194	44
1194	46
1194	51
1194	52
1194	59
1194	61
1194	62
1194	64
1194	65
1194	66
1194	67
1194	70
1194	73
1194	78
1194	93
1194	94
1195	1
1195	2
1195	3
1195	4
1195	6
1195	7
1195	8
1195	11
1195	12
1195	13
1195	14
1195	15
1195	22
1195	25
1195	27
1195	28
1195	30
1195	34
1195	35
1195	37
1195	38
1195	39
1195	41
1195	42
1195	43
1195	44
1195	45
1195	46
1195	47
1195	48
1195	49
1195	50
1195	51
1195	52
1195	53
1195	54
1195	55
1195	59
1195	60
1195	61
1195	62
1195	64
1195	65
1195	66
1195	67
1195	68
1195	69
1195	71
1195	76
1195	78
1195	79
1195	92
1195	94
1196	1
1196	3
1196	7
1196	8
1196	14
1196	22
1196	34
1196	35
1196	38
1196	39
1196	46
1196	53
1196	59
1196	64
1196	71
1196	75
1196	77
1196	78
1196	93
1196	94
1197	3
1197	13
1197	14
1197	15
1197	22
1197	25
1197	27
1197	37
1197	39
1197	41
1197	44
1197	46
1197	48
1197	59
1197	66
1197	70
1197	71
1197	73
1197	94
1198	1
1198	3
1198	5
1198	6
1198	11
1198	13
1198	14
1198	15
1198	16
1198	17
1198	20
1198	21
1198	22
1198	25
1198	26
1198	31
1198	34
1198	35
1198	36
1198	38
1198	39
1198	41
1198	44
1198	45
1198	46
1198	47
1198	48
1198	50
1198	52
1198	53
1198	59
1198	60
1198	62
1198	65
1198	66
1198	67
1198	69
1198	73
1198	74
1198	78
1198	94
1199	1
1199	2
1199	5
1199	11
1199	13
1199	15
1199	22
1199	28
1199	32
1199	34
1199	35
1199	37
1199	39
1199	41
1199	45
1199	48
1199	50
1199	53
1199	68
1199	76
1199	79
1200	1
1200	2
1200	5
1200	6
1200	7
1200	11
1200	12
1200	13
1200	14
1200	15
1200	22
1200	25
1200	27
1200	33
1200	34
1200	35
1200	38
1200	39
1200	41
1200	43
1200	46
1200	47
1200	48
1200	50
1200	52
1200	53
1200	54
1200	55
1200	59
1200	61
1200	62
1200	64
1200	69
1200	71
1200	72
1200	73
1200	74
1200	78
1200	79
1200	86
1200	100
1201	3
1201	5
1201	14
1201	22
1201	65
1201	94
1202	3
1202	14
1202	22
1202	94
1203	3
1203	4
1203	14
1203	15
1203	22
1203	26
1203	34
1203	35
1203	41
1203	46
1203	47
1203	55
1203	94
1204	3
1204	5
1204	6
1204	7
1204	8
1204	11
1204	12
1204	13
1204	15
1204	22
1204	28
1204	31
1204	32
1204	34
1204	37
1204	39
1204	44
1204	46
1204	48
1204	59
1204	61
1204	65
1204	68
1204	69
1204	70
1204	73
1204	74
1204	76
1204	79
1205	2
1205	13
1205	22
1205	26
1205	28
1205	45
1205	48
1205	60
1205	61
1205	62
1205	66
1205	71
1206	1
1206	3
1206	4
1206	5
1206	6
1206	8
1206	9
1206	10
1206	11
1206	12
1206	13
1206	14
1206	15
1206	22
1206	25
1206	26
1206	27
1206	28
1206	29
1206	30
1206	31
1206	34
1206	35
1206	36
1206	37
1206	38
1206	39
1206	40
1206	41
1206	43
1206	44
1206	45
1206	46
1206	47
1206	48
1206	49
1206	50
1206	52
1206	53
1206	55
1206	59
1206	60
1206	61
1206	62
1206	64
1206	65
1206	66
1206	67
1206	68
1206	69
1206	70
1206	71
1206	73
1206	78
1206	86
1206	91
1206	94
1207	1
1207	5
1207	11
1207	22
1207	30
1207	38
1207	46
1207	59
1207	60
1207	65
1208	5
1208	44
1208	50
1208	53
1208	59
1208	62
1208	73
1209	6
1209	13
1209	22
1209	71
1210	1
1210	3
1210	5
1210	8
1210	11
1210	13
1210	14
1210	15
1210	22
1210	25
1210	34
1210	35
1210	36
1210	39
1210	40
1210	43
1210	44
1210	45
1210	48
1210	50
1210	52
1210	59
1210	61
1210	62
1210	64
1210	65
1210	66
1210	67
1210	68
1210	69
1210	70
1210	73
1210	76
1210	78
1210	79
1210	80
1211	1
1211	2
1211	4
1211	5
1211	6
1211	11
1211	14
1211	22
1211	26
1211	27
1211	31
1211	32
1211	35
1211	38
1211	40
1211	44
1211	52
1211	61
1211	64
1211	65
1211	66
1211	68
1211	91
1212	5
1212	6
1212	12
1212	13
1212	14
1212	22
1212	27
1212	34
1212	45
1212	46
1212	47
1212	48
1212	59
1212	61
1212	70
1212	71
1212	74
1212	78
1213	1
1213	3
1213	5
1213	6
1213	13
1213	14
1213	15
1213	22
1213	27
1213	28
1213	29
1213	34
1213	35
1213	38
1213	44
1213	45
1213	47
1213	48
1213	53
1213	56
1213	59
1213	60
1213	61
1213	62
1213	65
1213	71
1213	73
1213	78
1214	1
1214	3
1214	8
1214	11
1214	14
1214	15
1214	22
1214	25
1214	26
1214	34
1214	35
1214	36
1214	39
1214	40
1214	41
1214	44
1214	45
1214	46
1214	50
1214	53
1214	55
1214	59
1214	61
1214	66
1214	67
1214	69
1214	72
1215	2
1215	3
1215	4
1215	11
1215	12
1215	13
1215	14
1215	15
1215	22
1215	25
1215	26
1215	28
1215	31
1215	32
1215	34
1215	35
1215	37
1215	39
1215	45
1215	46
1215	48
1215	52
1215	59
1215	61
1215	62
1215	65
1215	66
1215	67
1215	68
1215	71
1215	79
1216	14
1216	22
1216	38
1216	59
1216	66
1216	71
1217	1
1217	2
1217	3
1217	6
1217	7
1217	8
1217	9
1217	11
1217	13
1217	14
1217	15
1217	22
1217	26
1217	27
1217	28
1217	29
1217	30
1217	31
1217	32
1217	34
1217	35
1217	36
1217	37
1217	38
1217	39
1217	40
1217	41
1217	43
1217	45
1217	46
1217	47
1217	48
1217	50
1217	52
1217	54
1217	55
1217	59
1217	60
1217	61
1217	62
1217	64
1217	66
1217	67
1217	68
1217	70
1217	71
1217	72
1217	77
1217	78
1217	80
1217	93
1218	1
1218	3
1218	4
1218	5
1218	6
1218	8
1218	12
1218	13
1218	14
1218	15
1218	22
1218	26
1218	27
1218	28
1218	30
1218	31
1218	32
1218	34
1218	35
1218	36
1218	37
1218	39
1218	41
1218	47
1218	48
1218	49
1218	50
1218	51
1218	53
1218	59
1218	61
1218	69
1218	70
1218	71
1218	72
1218	73
1218	78
1218	91
1219	1
1219	2
1219	3
1219	6
1219	8
1219	11
1219	13
1219	14
1219	15
1219	16
1219	17
1219	18
1219	20
1219	21
1219	22
1219	26
1219	30
1219	34
1219	35
1219	36
1219	38
1219	39
1219	40
1219	41
1219	44
1219	46
1219	47
1219	48
1219	49
1219	50
1219	51
1219	52
1219	53
1219	59
1219	60
1219	61
1219	62
1219	64
1219	65
1219	67
1219	69
1219	70
1219	71
1219	73
1219	76
1219	78
1219	94
1220	1
1220	2
1220	3
1220	5
1220	6
1220	8
1220	9
1220	11
1220	12
1220	13
1220	14
1220	15
1220	21
1220	22
1220	25
1220	26
1220	27
1220	28
1220	29
1220	30
1220	31
1220	32
1220	34
1220	35
1220	36
1220	38
1220	39
1220	40
1220	41
1220	42
1220	44
1220	45
1220	46
1220	47
1220	48
1220	49
1220	50
1220	52
1220	53
1220	55
1220	58
1220	59
1220	60
1220	61
1220	62
1220	64
1220	65
1220	66
1220	67
1220	68
1220	69
1220	70
1220	71
1220	72
1220	73
1220	75
1220	76
1220	78
1220	79
1220	80
1220	93
1220	94
1221	1
1221	3
1221	5
1221	6
1221	7
1221	8
1221	9
1221	10
1221	11
1221	12
1221	13
1221	14
1221	15
1221	16
1221	17
1221	18
1221	20
1221	21
1221	22
1221	25
1221	26
1221	27
1221	28
1221	29
1221	30
1221	34
1221	35
1221	36
1221	38
1221	40
1221	41
1221	43
1221	45
1221	46
1221	47
1221	48
1221	50
1221	51
1221	52
1221	53
1221	55
1221	59
1221	60
1221	61
1221	62
1221	64
1221	65
1221	66
1221	67
1221	68
1221	69
1221	70
1221	72
1221	73
1221	76
1221	78
1221	79
1221	93
1221	94
1222	1
1222	3
1222	5
1222	6
1222	8
1222	11
1222	12
1222	13
1222	14
1222	15
1222	16
1222	17
1222	18
1222	20
1222	22
1222	25
1222	26
1222	27
1222	28
1222	29
1222	34
1222	35
1222	36
1222	38
1222	39
1222	41
1222	43
1222	44
1222	45
1222	46
1222	47
1222	48
1222	50
1222	52
1222	53
1222	55
1222	59
1222	60
1222	61
1222	62
1222	64
1222	65
1222	66
1222	67
1222	68
1222	71
1222	72
1222	73
1222	74
1222	76
1222	78
1222	92
1223	1
1223	8
1223	14
1223	15
1223	22
1223	26
1223	27
1223	31
1223	32
1223	38
1223	40
1223	46
1223	62
1223	78
1224	1
1224	3
1224	5
1224	6
1224	8
1224	9
1224	11
1224	12
1224	13
1224	14
1224	15
1224	21
1224	22
1224	27
1224	28
1224	30
1224	33
1224	34
1224	35
1224	37
1224	38
1224	39
1224	41
1224	44
1224	45
1224	46
1224	47
1224	48
1224	50
1224	52
1224	53
1224	55
1224	59
1224	60
1224	61
1224	62
1224	64
1224	66
1224	67
1224	68
1224	69
1224	70
1224	71
1224	72
1224	73
1224	74
1224	75
1224	76
1224	78
1224	86
1224	92
1224	93
1224	94
1225	1
1225	11
1225	13
1225	15
1225	22
1225	26
1225	28
1225	35
1225	39
1225	45
1225	46
1225	48
1225	61
1225	66
1225	71
1226	1
1226	3
1226	5
1226	8
1226	11
1226	12
1226	13
1226	14
1226	15
1226	21
1226	22
1226	26
1226	28
1226	32
1226	33
1226	34
1226	35
1226	36
1226	37
1226	38
1226	39
1226	41
1226	44
1226	45
1226	46
1226	48
1226	50
1226	52
1226	53
1226	55
1226	56
1226	58
1226	59
1226	60
1226	61
1226	62
1226	64
1226	66
1226	67
1226	68
1226	69
1226	70
1226	71
1226	72
1226	73
1226	78
1226	79
1226	80
1226	86
1226	94
1226	95
1227	3
1227	5
1227	6
1227	7
1227	8
1227	11
1227	12
1227	14
1227	15
1227	22
1227	25
1227	26
1227	28
1227	30
1227	34
1227	35
1227	36
1227	46
1227	47
1227	48
1227	50
1227	51
1227	58
1227	59
1227	61
1227	62
1227	64
1227	65
1227	66
1227	70
1227	72
1227	76
1227	78
1227	79
1227	94
1228	1
1228	3
1228	5
1228	6
1228	10
1228	11
1228	13
1228	14
1228	15
1228	22
1228	25
1228	26
1228	27
1228	28
1228	31
1228	32
1228	34
1228	35
1228	36
1228	38
1228	39
1228	41
1228	43
1228	46
1228	47
1228	48
1228	49
1228	50
1228	52
1228	53
1228	54
1228	55
1228	56
1228	58
1228	59
1228	60
1228	61
1228	62
1228	64
1228	65
1228	67
1228	70
1228	71
1228	72
1228	73
1228	74
1228	76
1228	78
1228	94
1229	1
1229	2
1229	3
1229	5
1229	6
1229	7
1229	8
1229	9
1229	11
1229	12
1229	13
1229	14
1229	15
1229	16
1229	17
1229	18
1229	20
1229	21
1229	22
1229	26
1229	28
1229	31
1229	32
1229	34
1229	35
1229	37
1229	38
1229	39
1229	40
1229	43
1229	44
1229	46
1229	47
1229	48
1229	50
1229	53
1229	56
1229	58
1229	59
1229	60
1229	61
1229	62
1229	64
1229	65
1229	66
1229	67
1229	69
1229	70
1229	71
1229	72
1229	73
1229	74
1229	75
1229	76
1229	77
1229	78
1229	79
1229	86
1230	1
1230	5
1230	6
1230	7
1230	8
1230	9
1230	11
1230	12
1230	14
1230	15
1230	16
1230	17
1230	18
1230	20
1230	21
1230	22
1230	26
1230	27
1230	28
1230	29
1230	31
1230	32
1230	34
1230	35
1230	36
1230	38
1230	39
1230	40
1230	41
1230	42
1230	43
1230	44
1230	45
1230	46
1230	47
1230	48
1230	50
1230	52
1230	53
1230	55
1230	56
1230	58
1230	59
1230	60
1230	61
1230	62
1230	64
1230	65
1230	67
1230	68
1230	71
1230	72
1230	73
1230	74
1230	76
1230	78
1230	86
1230	92
1230	94
1231	1
1231	3
1231	4
1231	5
1231	6
1231	8
1231	11
1231	12
1231	14
1231	15
1231	22
1231	25
1231	28
1231	29
1231	30
1231	34
1231	35
1231	36
1231	38
1231	39
1231	40
1231	42
1231	43
1231	45
1231	46
1231	47
1231	48
1231	52
1231	53
1231	55
1231	59
1231	60
1231	61
1231	62
1231	64
1231	65
1231	66
1231	69
1231	70
1231	72
1231	73
1231	76
1231	78
1231	84
1231	93
1231	94
1232	1
1232	5
1232	9
1232	11
1232	13
1232	14
1232	15
1232	22
1232	27
1232	33
1232	34
1232	35
1232	37
1232	39
1232	41
1232	46
1232	47
1232	48
1232	59
1232	61
1232	64
1232	65
1232	70
1232	71
1232	73
1232	79
1233	1
1233	2
1233	3
1233	4
1233	6
1233	8
1233	11
1233	12
1233	14
1233	15
1233	22
1233	25
1233	26
1233	27
1233	28
1233	39
1233	48
1233	49
1233	51
1233	52
1233	56
1233	59
1233	60
1233	61
1233	62
1233	64
1233	68
1233	70
1233	71
1233	73
1233	94
1234	1
1234	2
1234	5
1234	6
1234	7
1234	8
1234	9
1234	11
1234	14
1234	15
1234	22
1234	27
1234	28
1234	32
1234	35
1234	38
1234	41
1234	46
1234	47
1234	48
1234	49
1234	51
1234	52
1234	56
1234	58
1234	59
1234	60
1234	62
1234	64
1234	65
1234	70
1234	71
1234	73
1234	76
1235	1
1235	2
1235	3
1235	5
1235	6
1235	7
1235	8
1235	9
1235	11
1235	13
1235	15
1235	16
1235	20
1235	21
1235	22
1235	25
1235	26
1235	27
1235	28
1235	30
1235	31
1235	32
1235	34
1235	35
1235	36
1235	38
1235	39
1235	41
1235	46
1235	47
1235	48
1235	50
1235	52
1235	53
1235	54
1235	59
1235	60
1235	61
1235	62
1235	64
1235	65
1235	66
1235	67
1235	69
1235	70
1235	71
1235	72
1235	73
1235	74
1235	75
1235	76
1235	77
1235	78
1235	86
1235	92
1235	94
1235	95
1236	1
1236	3
1236	5
1236	6
1236	7
1236	8
1236	9
1236	11
1236	12
1236	13
1236	14
1236	15
1236	22
1236	28
1236	30
1236	31
1236	32
1236	33
1236	34
1236	35
1236	38
1236	39
1236	40
1236	41
1236	44
1236	45
1236	46
1236	48
1236	50
1236	52
1236	53
1236	55
1236	58
1236	59
1236	61
1236	64
1236	65
1236	66
1236	67
1236	69
1236	71
1236	78
1236	84
1236	94
1237	3
1237	6
1237	12
1237	15
1237	22
1237	26
1237	35
1237	36
1237	41
1237	45
1237	46
1237	48
1237	50
1237	53
1237	55
1237	60
1237	61
1237	65
1237	66
1237	69
1237	72
1237	78
1238	3
1238	5
1238	6
1238	8
1238	9
1238	11
1238	13
1238	14
1238	15
1238	22
1238	25
1238	34
1238	35
1238	37
1238	39
1238	41
1238	49
1238	59
1238	64
1238	65
1238	66
1238	70
1238	71
1238	76
1238	78
1239	1
1239	2
1239	3
1239	5
1239	6
1239	8
1239	9
1239	12
1239	13
1239	14
1239	15
1239	22
1239	27
1239	28
1239	31
1239	32
1239	33
1239	34
1239	35
1239	36
1239	37
1239	38
1239	39
1239	40
1239	41
1239	43
1239	44
1239	45
1239	46
1239	48
1239	49
1239	50
1239	52
1239	53
1239	55
1239	56
1239	59
1239	60
1239	61
1239	62
1239	64
1239	65
1239	66
1239	67
1239	68
1239	69
1239	70
1239	71
1239	72
1239	73
1239	76
1239	79
1239	86
1239	93
1239	95
1240	8
1240	11
1240	15
1240	21
1240	22
1240	27
1240	34
1240	35
1240	40
1240	43
1240	44
1240	46
1240	47
1240	49
1240	52
1240	53
1240	59
1240	60
1240	61
1240	62
1240	64
1240	66
1240	67
1240	68
1240	69
1240	71
1240	73
1240	76
1240	79
1240	93
1240	94
1241	1
1241	2
1241	3
1241	4
1241	5
1241	6
1241	7
1241	8
1241	9
1241	11
1241	12
1241	13
1241	14
1241	15
1241	16
1241	17
1241	18
1241	20
1241	21
1241	22
1241	25
1241	26
1241	27
1241	28
1241	30
1241	31
1241	32
1241	33
1241	34
1241	35
1241	36
1241	37
1241	38
1241	39
1241	43
1241	44
1241	45
1241	46
1241	47
1241	48
1241	50
1241	51
1241	52
1241	53
1241	56
1241	59
1241	60
1241	61
1241	62
1241	64
1241	65
1241	66
1241	67
1241	68
1241	69
1241	70
1241	71
1241	72
1241	73
1241	76
1241	77
1241	79
1241	84
1241	91
1241	94
1242	1
1242	3
1242	4
1242	5
1242	9
1242	11
1242	14
1242	15
1242	22
1242	25
1242	28
1242	31
1242	32
1242	34
1242	35
1242	37
1242	38
1242	41
1242	43
1242	44
1242	45
1242	46
1242	48
1242	52
1242	55
1242	56
1242	59
1242	60
1242	61
1242	62
1242	64
1242	65
1242	66
1242	67
1242	68
1242	69
1242	73
1242	77
1242	78
1242	79
1243	3
1243	5
1243	6
1243	8
1243	11
1243	12
1243	13
1243	14
1243	15
1243	26
1243	34
1243	35
1243	36
1243	38
1243	44
1243	46
1243	47
1243	52
1243	54
1243	55
1243	59
1243	62
1243	66
1243	67
1243	68
1243	73
1243	78
1243	79
1243	86
1244	3
1244	4
1244	5
1244	6
1244	8
1244	11
1244	13
1244	15
1244	22
1244	30
1244	34
1244	35
1244	38
1244	39
1244	40
1244	43
1244	45
1244	46
1244	48
1244	51
1244	52
1244	53
1244	55
1244	61
1244	62
1244	71
1244	78
1244	79
1245	1
1245	3
1245	5
1245	6
1245	7
1245	11
1245	12
1245	13
1245	15
1245	22
1245	31
1245	34
1245	37
1245	38
1245	43
1245	45
1245	46
1245	47
1245	52
1245	59
1245	60
1245	65
1245	66
1245	72
1245	79
1246	2
1246	11
1246	14
1246	15
1246	22
1246	27
1246	28
1246	30
1246	31
1246	32
1246	35
1246	47
1246	51
1246	56
1246	59
1246	62
1246	69
1246	70
1246	72
1246	77
1246	94
1247	1
1247	2
1247	3
1247	6
1247	8
1247	9
1247	11
1247	12
1247	13
1247	14
1247	15
1247	22
1247	25
1247	26
1247	28
1247	30
1247	31
1247	32
1247	33
1247	34
1247	35
1247	36
1247	37
1247	40
1247	42
1247	44
1247	45
1247	46
1247	48
1247	50
1247	52
1247	53
1247	56
1247	58
1247	59
1247	60
1247	61
1247	62
1247	64
1247	65
1247	66
1247	67
1247	68
1247	69
1247	70
1247	71
1247	76
1247	79
1247	84
1247	92
1247	93
1248	8
1248	12
1248	14
1248	15
1248	22
1248	25
1248	34
1248	35
1248	39
1248	46
1248	47
1248	48
1248	49
1248	50
1248	52
1248	53
1248	59
1248	61
1248	62
1248	69
1248	70
1248	71
1248	72
1248	73
1248	76
1248	94
1249	1
1249	3
1249	5
1249	6
1249	7
1249	8
1249	13
1249	14
1249	15
1249	21
1249	22
1249	25
1249	27
1249	28
1249	30
1249	31
1249	34
1249	35
1249	37
1249	38
1249	39
1249	40
1249	41
1249	42
1249	46
1249	47
1249	48
1249	50
1249	52
1249	55
1249	59
1249	60
1249	61
1249	62
1249	65
1249	66
1249	67
1249	69
1249	70
1249	72
1249	73
1249	78
1249	92
1249	94
1250	1
1250	2
1250	3
1250	5
1250	6
1250	8
1250	9
1250	11
1250	12
1250	13
1250	14
1250	15
1250	22
1250	25
1250	26
1250	27
1250	31
1250	32
1250	34
1250	35
1250	36
1250	38
1250	39
1250	41
1250	45
1250	46
1250	47
1250	48
1250	50
1250	52
1250	53
1250	59
1250	60
1250	61
1250	62
1250	64
1250	65
1250	66
1250	67
1250	69
1250	70
1250	71
1250	72
1250	73
1250	78
1250	84
1250	92
1250	94
1251	1
1251	5
1251	11
1251	12
1251	14
1251	27
1251	28
1251	35
1251	38
1251	46
1251	47
1251	48
1251	52
1251	53
1251	59
1251	61
1251	65
1251	66
1251	68
1251	70
1251	75
1251	92
1252	3
1252	4
1252	5
1252	6
1252	7
1252	8
1252	12
1252	13
1252	14
1252	15
1252	25
1252	26
1252	28
1252	31
1252	35
1252	38
1252	39
1252	45
1252	46
1252	47
1252	49
1252	50
1252	52
1252	53
1252	59
1252	62
1252	65
1252	66
1252	67
1252	68
1252	70
1252	73
1253	2
1253	3
1253	4
1253	5
1253	6
1253	7
1253	8
1253	11
1253	12
1253	13
1253	14
1253	15
1253	22
1253	25
1253	26
1253	27
1253	28
1253	29
1253	30
1253	31
1253	33
1253	34
1253	35
1253	36
1253	37
1253	38
1253	39
1253	40
1253	41
1253	42
1253	44
1253	45
1253	46
1253	47
1253	48
1253	49
1253	50
1253	52
1253	53
1253	54
1253	55
1253	56
1253	58
1253	59
1253	60
1253	61
1253	62
1253	64
1253	65
1253	69
1253	70
1253	71
1253	72
1253	73
1253	74
1253	76
1253	77
1253	78
1253	79
1253	80
1253	91
1253	93
1253	94
1253	95
1254	3
1254	11
1254	14
1254	22
1254	26
1254	36
1254	45
1254	53
1254	59
1254	60
1254	71
1254	78
1254	94
1255	2
1255	9
1255	11
1255	14
1255	15
1255	22
1255	28
1255	31
1255	35
1255	37
1255	38
1255	41
1255	46
1255	59
1255	62
1255	68
1255	69
1255	79
1255	91
1255	92
1256	1
1256	2
1256	3
1256	4
1256	5
1256	6
1256	7
1256	8
1256	11
1256	12
1256	13
1256	14
1256	15
1256	16
1256	17
1256	18
1256	20
1256	21
1256	22
1256	25
1256	26
1256	28
1256	29
1256	30
1256	31
1256	32
1256	34
1256	35
1256	36
1256	38
1256	39
1256	41
1256	43
1256	45
1256	46
1256	47
1256	48
1256	49
1256	50
1256	52
1256	53
1256	54
1256	55
1256	59
1256	60
1256	61
1256	62
1256	64
1256	65
1256	66
1256	67
1256	68
1256	69
1256	70
1256	72
1256	73
1256	75
1256	76
1256	78
1256	79
1256	84
1256	92
1256	93
1256	94
1257	1
1257	3
1257	5
1257	6
1257	8
1257	13
1257	14
1257	22
1257	26
1257	27
1257	31
1257	37
1257	46
1257	48
1257	49
1257	50
1257	52
1257	56
1257	59
1257	64
1257	67
1257	68
1257	69
1257	71
1257	72
1257	92
1258	5
1258	8
1258	11
1258	12
1258	13
1258	22
1258	27
1258	34
1258	35
1258	36
1258	37
1258	39
1258	43
1258	46
1258	48
1258	50
1258	52
1258	59
1258	61
1258	64
1258	66
1258	67
1258	68
1258	70
1258	71
1258	73
1258	74
1258	76
1258	78
1258	79
1258	86
1259	1
1259	2
1259	3
1259	6
1259	7
1259	8
1259	13
1259	14
1259	15
1259	22
1259	27
1259	31
1259	34
1259	35
1259	38
1259	41
1259	43
1259	46
1259	48
1259	53
1259	54
1259	55
1259	59
1259	60
1259	61
1259	64
1259	65
1259	67
1259	68
1259	69
1259	70
1259	71
1259	73
1259	77
1259	78
1259	84
1259	86
1259	93
1259	94
1260	5
1260	6
1260	8
1260	9
1260	10
1260	11
1260	12
1260	13
1260	14
1260	15
1260	22
1260	31
1260	33
1260	34
1260	35
1260	38
1260	43
1260	47
1260	50
1260	52
1260	59
1260	61
1260	64
1260	65
1260	67
1260	70
1260	73
1260	80
1260	92
1261	2
1261	3
1261	4
1261	5
1261	6
1261	7
1261	8
1261	9
1261	11
1261	12
1261	13
1261	14
1261	15
1261	22
1261	27
1261	31
1261	32
1261	33
1261	34
1261	35
1261	38
1261	39
1261	40
1261	41
1261	42
1261	43
1261	45
1261	46
1261	47
1261	48
1261	52
1261	54
1261	59
1261	61
1261	62
1261	64
1261	66
1261	67
1261	69
1261	70
1261	71
1261	73
1261	74
1261	78
1261	94
1262	3
1262	6
1262	8
1262	11
1262	13
1262	14
1262	15
1262	22
1262	25
1262	26
1262	34
1262	35
1262	36
1262	38
1262	39
1262	41
1262	43
1262	45
1262	46
1262	47
1262	48
1262	52
1262	53
1262	55
1262	59
1262	61
1262	62
1262	65
1262	66
1262	67
1262	70
1262	71
1262	72
1262	74
1262	76
1262	78
1262	94
1262	95
1263	1
1263	2
1263	6
1263	11
1263	22
1263	26
1263	27
1263	35
1263	36
1263	38
1263	46
1263	59
1263	64
1263	65
1263	67
1263	69
1263	71
1264	6
1264	7
1264	8
1264	11
1264	13
1264	22
1264	27
1264	34
1264	38
1264	39
1264	42
1264	43
1264	46
1264	48
1264	56
1264	59
1264	60
1264	61
1264	66
1264	69
1264	71
1264	75
1265	3
1265	5
1265	6
1265	8
1265	9
1265	11
1265	13
1265	14
1265	15
1265	22
1265	31
1265	32
1265	34
1265	35
1265	36
1265	46
1265	51
1265	60
1265	64
1265	65
1265	67
1265	69
1265	70
1265	78
1266	1
1266	2
1266	3
1266	5
1266	6
1266	7
1266	8
1266	10
1266	11
1266	12
1266	13
1266	14
1266	15
1266	16
1266	17
1266	18
1266	20
1266	21
1266	22
1266	25
1266	26
1266	28
1266	29
1266	30
1266	31
1266	33
1266	34
1266	35
1266	36
1266	44
1266	45
1266	46
1266	47
1266	48
1266	50
1266	51
1266	52
1266	53
1266	59
1266	60
1266	61
1266	62
1266	64
1266	65
1266	67
1266	69
1266	70
1266	71
1266	78
1266	80
1267	3
1267	4
1267	5
1267	6
1267	8
1267	9
1267	11
1267	13
1267	14
1267	15
1267	16
1267	17
1267	20
1267	21
1267	22
1267	25
1267	27
1267	31
1267	32
1267	34
1267	35
1267	36
1267	37
1267	38
1267	39
1267	40
1267	41
1267	43
1267	44
1267	45
1267	46
1267	47
1267	48
1267	50
1267	52
1267	53
1267	55
1267	59
1267	60
1267	61
1267	62
1267	64
1267	66
1267	67
1267	68
1267	69
1267	70
1267	73
1267	74
1267	78
1267	79
1267	80
1267	92
1267	94
1268	1
1268	3
1268	5
1268	6
1268	8
1268	11
1268	12
1268	13
1268	14
1268	15
1268	22
1268	25
1268	28
1268	29
1268	30
1268	34
1268	35
1268	37
1268	38
1268	39
1268	40
1268	42
1268	44
1268	45
1268	46
1268	48
1268	49
1268	50
1268	51
1268	53
1268	55
1268	58
1268	59
1268	60
1268	61
1268	62
1268	64
1268	65
1268	66
1268	67
1268	68
1268	69
1268	70
1268	71
1268	73
1268	78
1268	80
1268	86
1268	92
1268	93
1268	94
1268	95
1269	3
1269	4
1269	5
1269	6
1269	8
1269	11
1269	13
1269	14
1269	15
1269	22
1269	25
1269	26
1269	27
1269	31
1269	32
1269	34
1269	35
1269	38
1269	44
1269	46
1269	47
1269	48
1269	50
1269	53
1269	54
1269	59
1269	61
1269	62
1269	64
1269	65
1269	67
1269	68
1269	69
1269	70
1269	71
1269	73
1269	78
1269	79
1269	86
1269	94
1270	3
1270	6
1270	9
1270	14
1270	15
1270	22
1270	34
1270	38
1270	44
1270	47
1270	48
1270	50
1270	51
1270	53
1270	55
1270	61
1270	64
1270	71
1270	73
1270	76
1271	3
1271	4
1271	5
1271	6
1271	10
1271	11
1271	13
1271	14
1271	15
1271	22
1271	25
1271	26
1271	27
1271	28
1271	29
1271	30
1271	31
1271	32
1271	34
1271	35
1271	36
1271	38
1271	43
1271	44
1271	45
1271	46
1271	47
1271	48
1271	49
1271	50
1271	51
1271	52
1271	53
1271	54
1271	55
1271	58
1271	59
1271	60
1271	61
1271	64
1271	65
1271	66
1271	67
1271	69
1271	70
1271	71
1271	72
1271	73
1271	78
1271	86
1271	94
1272	5
1272	16
1272	17
1272	18
1272	20
1272	21
1272	25
1272	34
1272	35
1272	47
1272	60
1272	64
1272	65
1272	69
1272	78
1273	8
1273	22
1273	35
1273	52
1273	71
1274	1
1274	3
1274	4
1274	5
1274	6
1274	7
1274	8
1274	9
1274	10
1274	11
1274	12
1274	13
1274	14
1274	15
1274	22
1274	25
1274	26
1274	28
1274	33
1274	34
1274	35
1274	36
1274	37
1274	38
1274	40
1274	41
1274	45
1274	46
1274	47
1274	48
1274	49
1274	50
1274	51
1274	52
1274	53
1274	54
1274	56
1274	58
1274	59
1274	61
1274	62
1274	65
1274	66
1274	67
1274	68
1274	69
1274	71
1274	72
1274	73
1274	76
1274	78
1274	92
1274	94
1275	1
1275	3
1275	4
1275	5
1275	6
1275	7
1275	8
1275	9
1275	11
1275	13
1275	14
1275	15
1275	16
1275	17
1275	18
1275	20
1275	21
1275	22
1275	25
1275	26
1275	27
1275	31
1275	32
1275	34
1275	35
1275	36
1275	37
1275	38
1275	39
1275	40
1275	41
1275	43
1275	44
1275	46
1275	48
1275	50
1275	52
1275	53
1275	56
1275	59
1275	62
1275	64
1275	66
1275	67
1275	69
1275	70
1275	71
1275	72
1275	73
1275	86
1275	94
1276	3
1276	5
1276	15
1276	22
1276	27
1276	28
1276	34
1276	35
1276	39
1276	46
1276	55
1276	59
1276	61
1276	64
1276	67
1276	71
1276	73
1277	5
1277	6
1277	11
1277	13
1277	14
1277	15
1277	22
1277	27
1277	34
1277	35
1277	36
1277	39
1277	40
1277	41
1277	44
1277	46
1277	47
1277	48
1277	49
1277	52
1277	56
1277	58
1277	61
1277	62
1277	64
1277	66
1277	67
1277	70
1277	71
1277	72
1277	73
1277	74
1277	94
1278	3
1278	8
1278	11
1278	14
1278	15
1278	22
1278	34
1278	35
1278	40
1278	42
1278	44
1278	46
1278	52
1278	58
1278	60
1278	62
1278	65
1278	70
1278	72
1279	1
1279	3
1279	5
1279	8
1279	13
1279	14
1279	15
1279	22
1279	25
1279	26
1279	27
1279	28
1279	35
1279	36
1279	39
1279	40
1279	46
1279	48
1279	52
1279	53
1279	55
1279	59
1279	60
1279	62
1279	64
1279	65
1279	67
1279	68
1279	71
1279	73
1279	76
1279	78
1279	92
1280	1
1280	2
1280	3
1280	5
1280	6
1280	8
1280	9
1280	11
1280	12
1280	13
1280	14
1280	15
1280	16
1280	17
1280	18
1280	20
1280	21
1280	22
1280	25
1280	26
1280	27
1280	28
1280	31
1280	32
1280	34
1280	35
1280	36
1280	37
1280	38
1280	39
1280	40
1280	41
1280	43
1280	44
1280	45
1280	46
1280	47
1280	48
1280	49
1280	50
1280	52
1280	53
1280	58
1280	59
1280	60
1280	61
1280	62
1280	65
1280	66
1280	67
1280	68
1280	69
1280	70
1280	71
1280	72
1280	73
1280	75
1280	78
1280	95
1281	1
1281	5
1281	6
1281	8
1281	11
1281	12
1281	16
1281	17
1281	20
1281	21
1281	22
1281	25
1281	27
1281	31
1281	34
1281	35
1281	38
1281	39
1281	40
1281	46
1281	47
1281	48
1281	50
1281	52
1281	53
1281	59
1281	60
1281	61
1281	62
1281	64
1281	65
1281	67
1281	68
1281	71
1281	72
1281	74
1282	1
1282	2
1282	3
1282	4
1282	5
1282	6
1282	7
1282	8
1282	9
1282	11
1282	13
1282	14
1282	15
1282	22
1282	26
1282	28
1282	31
1282	32
1282	34
1282	35
1282	36
1282	37
1282	38
1282	39
1282	41
1282	45
1282	46
1282	47
1282	48
1282	49
1282	52
1282	55
1282	58
1282	59
1282	60
1282	62
1282	64
1282	65
1282	66
1282	67
1282	68
1282	69
1282	70
1282	71
1282	73
1282	76
1282	78
1282	79
1282	94
1283	2
1283	5
1283	6
1283	11
1283	12
1283	13
1283	14
1283	15
1283	22
1283	25
1283	27
1283	28
1283	29
1283	34
1283	35
1283	37
1283	38
1283	39
1283	41
1283	45
1283	46
1283	48
1283	50
1283	51
1283	53
1283	55
1283	56
1283	59
1283	60
1283	61
1283	65
1283	69
1283	70
1283	71
1283	72
1283	73
1283	78
1283	79
1283	94
1283	95
1284	1
1284	3
1284	5
1284	6
1284	8
1284	11
1284	12
1284	13
1284	14
1284	15
1284	22
1284	25
1284	26
1284	28
1284	30
1284	31
1284	34
1284	35
1284	36
1284	39
1284	40
1284	41
1284	44
1284	45
1284	46
1284	47
1284	48
1284	50
1284	52
1284	53
1284	55
1284	56
1284	58
1284	59
1284	60
1284	62
1284	65
1284	66
1284	67
1284	68
1284	69
1284	70
1284	71
1284	73
1284	76
1284	77
1284	78
1284	94
1285	3
1285	6
1285	10
1285	12
1285	13
1285	15
1285	22
1285	26
1285	27
1285	31
1285	34
1285	35
1285	36
1285	38
1285	39
1285	40
1285	46
1285	48
1285	50
1285	53
1285	56
1285	59
1285	61
1285	62
1285	64
1285	70
1285	71
1285	73
1285	91
1286	2
1286	3
1286	6
1286	7
1286	8
1286	9
1286	11
1286	14
1286	15
1286	22
1286	26
1286	30
1286	33
1286	34
1286	35
1286	36
1286	38
1286	44
1286	46
1286	47
1286	48
1286	52
1286	55
1286	59
1286	60
1286	61
1286	64
1286	65
1286	66
1286	69
1286	71
1286	94
1287	1
1287	2
1287	3
1287	4
1287	5
1287	6
1287	8
1287	11
1287	12
1287	14
1287	15
1287	22
1287	25
1287	26
1287	27
1287	28
1287	30
1287	32
1287	34
1287	35
1287	36
1287	37
1287	38
1287	39
1287	41
1287	45
1287	46
1287	47
1287	48
1287	50
1287	51
1287	52
1287	53
1287	56
1287	58
1287	59
1287	60
1287	61
1287	62
1287	65
1287	67
1287	68
1287	69
1287	70
1287	71
1287	73
1287	75
1287	78
1287	79
1287	91
1287	94
1288	1
1288	3
1288	5
1288	6
1288	8
1288	11
1288	13
1288	14
1288	15
1288	22
1288	26
1288	27
1288	33
1288	34
1288	35
1288	36
1288	38
1288	39
1288	43
1288	44
1288	47
1288	50
1288	52
1288	53
1288	54
1288	59
1288	60
1288	62
1288	64
1288	65
1288	66
1288	70
1288	71
1288	72
1288	73
1288	94
1289	1
1289	3
1289	5
1289	6
1289	8
1289	9
1289	11
1289	12
1289	14
1289	15
1289	21
1289	22
1289	25
1289	26
1289	27
1289	28
1289	34
1289	35
1289	36
1289	39
1289	41
1289	42
1289	46
1289	47
1289	48
1289	55
1289	56
1289	58
1289	59
1289	60
1289	67
1289	69
1289	70
1289	71
1289	74
1289	75
1289	78
1290	1
1290	5
1290	6
1290	12
1290	15
1290	22
1290	25
1290	27
1290	28
1290	29
1290	34
1290	38
1290	40
1290	45
1290	47
1290	49
1290	52
1290	59
1290	62
1290	64
1290	66
1290	67
1290	71
1290	78
1291	1
1291	2
1291	5
1291	11
1291	22
1291	26
1291	28
1291	31
1291	32
1291	35
1291	37
1291	45
1291	46
1291	68
1291	69
1291	71
1291	79
1292	1
1292	2
1292	3
1292	5
1292	6
1292	7
1292	8
1292	10
1292	11
1292	12
1292	13
1292	14
1292	15
1292	16
1292	17
1292	18
1292	20
1292	21
1292	22
1292	25
1292	28
1292	30
1292	31
1292	32
1292	34
1292	35
1292	39
1292	44
1292	45
1292	46
1292	48
1292	50
1292	51
1292	52
1292	53
1292	54
1292	59
1292	60
1292	61
1292	62
1292	64
1292	65
1292	66
1292	67
1292	68
1292	69
1292	70
1292	71
1292	72
1292	73
1292	76
1292	77
1292	78
1292	79
1292	80
1292	86
1292	92
1292	94
1293	1
1293	2
1293	3
1293	5
1293	6
1293	8
1293	9
1293	11
1293	13
1293	14
1293	15
1293	22
1293	26
1293	27
1293	28
1293	31
1293	32
1293	34
1293	35
1293	36
1293	37
1293	38
1293	39
1293	40
1293	41
1293	43
1293	44
1293	45
1293	46
1293	47
1293	48
1293	52
1293	56
1293	59
1293	60
1293	61
1293	64
1293	65
1293	66
1293	67
1293	69
1293	70
1293	71
1293	72
1293	73
1293	74
1293	76
1293	94
1294	1
1294	2
1294	3
1294	5
1294	11
1294	13
1294	22
1294	27
1294	28
1294	29
1294	31
1294	34
1294	35
1294	37
1294	39
1294	40
1294	42
1294	45
1294	46
1294	47
1294	48
1294	50
1294	52
1294	53
1294	59
1294	62
1294	64
1294	65
1294	66
1294	69
1294	70
1294	71
1294	73
1294	78
1294	86
1294	94
1295	1
1295	3
1295	5
1295	6
1295	8
1295	11
1295	13
1295	14
1295	15
1295	22
1295	25
1295	26
1295	27
1295	28
1295	31
1295	34
1295	35
1295	36
1295	38
1295	39
1295	41
1295	45
1295	46
1295	47
1295	48
1295	50
1295	51
1295	53
1295	55
1295	56
1295	59
1295	60
1295	61
1295	64
1295	65
1295	66
1295	67
1295	69
1295	70
1295	71
1295	72
1295	73
1295	76
1295	78
1295	80
1295	86
1295	91
1295	94
1296	3
1296	5
1296	34
1296	46
1296	52
1296	59
1296	60
1296	62
1296	68
1296	70
1296	78
1296	95
1297	3
1297	4
1297	8
1297	14
1297	15
1297	22
1297	35
1297	38
1297	41
1297	45
1297	48
1297	53
1297	55
1297	59
1297	60
1297	61
1297	71
1297	94
1298	8
1298	11
1298	22
1298	48
1298	50
1298	64
1298	71
1299	6
1299	13
1299	22
1299	27
1299	31
1299	37
1299	38
1299	46
1299	48
1299	49
1299	65
1300	3
1300	22
1300	26
1300	28
1300	45
1300	46
1300	68
1300	71
1300	79
1301	5
1301	6
1301	8
1301	11
1301	12
1301	13
1301	14
1301	15
1301	22
1301	25
1301	26
1301	27
1301	30
1301	33
1301	34
1301	35
1301	36
1301	38
1301	39
1301	41
1301	45
1301	47
1301	48
1301	49
1301	50
1301	52
1301	55
1301	59
1301	61
1301	62
1301	64
1301	66
1301	67
1301	68
1301	69
1301	70
1301	71
1301	73
1301	76
1301	78
1301	79
1301	86
1302	1
1302	2
1302	3
1302	4
1302	5
1302	6
1302	8
1302	11
1302	12
1302	13
1302	14
1302	15
1302	22
1302	26
1302	27
1302	28
1302	29
1302	31
1302	32
1302	34
1302	35
1302	36
1302	37
1302	38
1302	45
1302	46
1302	47
1302	48
1302	50
1302	52
1302	53
1302	54
1302	55
1302	56
1302	58
1302	59
1302	60
1302	62
1302	64
1302	66
1302	67
1302	68
1302	69
1302	70
1302	71
1302	72
1302	73
1302	76
1303	1
1303	5
1303	6
1303	8
1303	11
1303	12
1303	13
1303	14
1303	22
1303	34
1303	35
1303	40
1303	44
1303	47
1303	48
1303	49
1303	50
1303	52
1303	53
1303	55
1303	59
1303	60
1303	62
1303	64
1303	65
1303	66
1303	67
1303	68
1303	69
1303	70
1303	71
1303	73
1303	80
1303	91
1304	1
1304	2
1304	3
1304	5
1304	6
1304	7
1304	8
1304	9
1304	11
1304	12
1304	13
1304	14
1304	15
1304	16
1304	17
1304	20
1304	21
1304	22
1304	25
1304	26
1304	27
1304	28
1304	29
1304	30
1304	31
1304	32
1304	34
1304	35
1304	36
1304	37
1304	38
1304	39
1304	41
1304	43
1304	44
1304	45
1304	46
1304	47
1304	48
1304	49
1304	50
1304	51
1304	52
1304	53
1304	55
1304	56
1304	58
1304	59
1304	60
1304	61
1304	62
1304	64
1304	65
1304	66
1304	67
1304	68
1304	69
1304	70
1304	71
1304	72
1304	73
1304	74
1304	76
1304	77
1304	78
1304	79
1304	80
1304	93
1304	94
1305	5
1305	6
1305	13
1305	15
1305	22
1305	27
1305	35
1305	41
1305	59
1305	66
1305	71
1305	100
1306	1
1306	5
1306	6
1306	7
1306	8
1306	9
1306	11
1306	12
1306	13
1306	14
1306	15
1306	22
1306	25
1306	26
1306	27
1306	28
1306	29
1306	31
1306	32
1306	34
1306	35
1306	36
1306	38
1306	39
1306	40
1306	43
1306	44
1306	45
1306	46
1306	47
1306	48
1306	50
1306	51
1306	52
1306	53
1306	56
1306	59
1306	60
1306	61
1306	62
1306	64
1306	66
1306	67
1306	68
1306	70
1306	71
1306	76
1306	78
1306	93
1306	94
1307	3
1307	5
1307	6
1307	10
1307	11
1307	13
1307	14
1307	22
1307	27
1307	31
1307	34
1307	35
1307	46
1307	48
1307	52
1307	59
1307	61
1307	69
1307	71
1307	92
1307	100
1308	3
1308	6
1308	7
1308	8
1308	11
1308	12
1308	13
1308	14
1308	15
1308	22
1308	26
1308	28
1308	29
1308	33
1308	35
1308	36
1308	38
1308	40
1308	45
1308	48
1308	56
1308	59
1308	60
1308	61
1308	64
1308	65
1308	66
1308	68
1308	69
1308	71
1308	75
1308	76
1308	77
1308	78
1308	79
1308	84
1308	94
1309	1
1309	3
1309	4
1309	5
1309	6
1309	7
1309	8
1309	9
1309	11
1309	12
1309	13
1309	14
1309	15
1309	22
1309	25
1309	26
1309	27
1309	28
1309	30
1309	31
1309	33
1309	34
1309	35
1309	36
1309	37
1309	38
1309	39
1309	40
1309	41
1309	43
1309	44
1309	45
1309	46
1309	47
1309	48
1309	49
1309	50
1309	52
1309	53
1309	54
1309	55
1309	56
1309	57
1309	59
1309	61
1309	62
1309	64
1309	65
1309	66
1309	67
1309	68
1309	69
1309	70
1309	71
1309	72
1309	73
1309	75
1309	78
1309	79
1309	86
1309	91
1309	94
1310	1
1310	5
1310	6
1310	8
1310	11
1310	12
1310	13
1310	14
1310	15
1310	22
1310	25
1310	27
1310	28
1310	31
1310	34
1310	35
1310	36
1310	38
1310	43
1310	45
1310	46
1310	47
1310	48
1310	50
1310	52
1310	53
1310	54
1310	55
1310	56
1310	58
1310	59
1310	61
1310	62
1310	64
1310	65
1310	66
1310	67
1310	68
1310	70
1310	71
1310	73
1310	74
1310	78
1310	91
1311	3
1311	4
1311	6
1311	8
1311	11
1311	13
1311	14
1311	15
1311	22
1311	27
1311	28
1311	34
1311	38
1311	39
1311	46
1311	48
1311	50
1311	52
1311	53
1311	55
1311	61
1311	62
1311	64
1311	71
1312	3
1312	14
1312	15
1312	22
1312	34
1312	41
1312	94
1313	1
1313	3
1313	5
1313	6
1313	8
1313	11
1313	12
1313	13
1313	14
1313	15
1313	22
1313	25
1313	26
1313	28
1313	31
1313	32
1313	34
1313	35
1313	41
1313	44
1313	45
1313	46
1313	48
1313	50
1313	53
1313	56
1313	59
1313	60
1313	61
1313	62
1313	64
1313	65
1313	66
1313	67
1313	68
1313	69
1313	70
1313	71
1313	72
1313	73
1313	75
1313	76
1313	77
1313	79
1313	92
1313	94
1313	95
1314	3
1314	5
1314	6
1314	8
1314	11
1314	12
1314	13
1314	14
1314	15
1314	22
1314	25
1314	27
1314	30
1314	31
1314	34
1314	35
1314	36
1314	38
1314	39
1314	40
1314	41
1314	43
1314	45
1314	46
1314	47
1314	48
1314	49
1314	50
1314	52
1314	53
1314	55
1314	59
1314	60
1314	61
1314	62
1314	65
1314	66
1314	69
1314	70
1314	71
1314	78
1314	94
1315	2
1315	3
1315	6
1315	13
1315	14
1315	15
1315	16
1315	17
1315	18
1315	20
1315	22
1315	26
1315	28
1315	29
1315	30
1315	34
1315	35
1315	41
1315	44
1315	45
1315	46
1315	48
1315	50
1315	55
1315	59
1315	60
1315	62
1315	65
1315	68
1315	69
1315	71
1315	72
1315	73
1315	86
1315	94
1316	1
1316	3
1316	6
1316	11
1316	15
1316	22
1316	35
1316	46
1316	47
1316	48
1316	50
1316	59
1316	61
1316	70
1316	71
1317	3
1317	4
1317	5
1317	6
1317	13
1317	14
1317	15
1317	22
1317	27
1317	34
1317	35
1317	39
1317	40
1317	41
1317	46
1317	47
1317	48
1317	50
1317	52
1317	59
1317	61
1317	65
1317	69
1317	70
1317	71
1317	78
1317	100
1318	1
1318	2
1318	3
1318	4
1318	5
1318	6
1318	7
1318	8
1318	9
1318	11
1318	12
1318	13
1318	14
1318	15
1318	21
1318	22
1318	25
1318	26
1318	27
1318	28
1318	29
1318	31
1318	34
1318	35
1318	36
1318	37
1318	38
1318	39
1318	42
1318	43
1318	44
1318	45
1318	46
1318	47
1318	48
1318	50
1318	51
1318	52
1318	53
1318	54
1318	55
1318	56
1318	59
1318	60
1318	61
1318	62
1318	64
1318	65
1318	66
1318	67
1318	68
1318	69
1318	70
1318	72
1318	73
1318	74
1318	75
1318	76
1318	77
1318	78
1318	86
1318	91
1318	94
1318	95
1319	2
1319	3
1319	6
1319	9
1319	11
1319	13
1319	14
1319	15
1319	22
1319	26
1319	31
1319	32
1319	34
1319	35
1319	39
1319	40
1319	45
1319	46
1319	49
1319	53
1319	59
1319	60
1319	61
1319	62
1319	66
1319	71
1319	78
1319	84
1319	94
1320	1
1320	2
1320	3
1320	5
1320	7
1320	8
1320	9
1320	11
1320	12
1320	14
1320	15
1320	22
1320	26
1320	27
1320	28
1320	31
1320	33
1320	34
1320	35
1320	36
1320	37
1320	38
1320	39
1320	40
1320	41
1320	43
1320	45
1320	46
1320	47
1320	48
1320	49
1320	50
1320	51
1320	52
1320	53
1320	55
1320	56
1320	59
1320	60
1320	61
1320	62
1320	64
1320	65
1320	67
1320	69
1320	70
1320	72
1320	73
1320	78
1320	79
1320	86
1320	91
1320	95
1321	3
1321	4
1321	5
1321	6
1321	8
1321	9
1321	11
1321	13
1321	14
1321	15
1321	22
1321	26
1321	27
1321	28
1321	34
1321	35
1321	39
1321	45
1321	46
1321	48
1321	50
1321	52
1321	59
1321	61
1321	64
1321	65
1321	67
1321	70
1321	71
1321	72
1321	79
1321	94
1322	1
1322	3
1322	5
1322	6
1322	7
1322	8
1322	11
1322	12
1322	13
1322	14
1322	15
1322	22
1322	25
1322	27
1322	31
1322	32
1322	35
1322	36
1322	38
1322	39
1322	40
1322	41
1322	42
1322	43
1322	44
1322	45
1322	46
1322	48
1322	49
1322	50
1322	51
1322	52
1322	53
1322	54
1322	55
1322	59
1322	60
1322	61
1322	62
1322	64
1322	65
1322	66
1322	67
1322	68
1322	69
1322	70
1322	71
1322	72
1322	73
1322	74
1322	75
1322	76
1322	78
1322	79
1322	84
1322	92
1322	94
1322	95
1323	1
1323	3
1323	4
1323	5
1323	6
1323	8
1323	10
1323	11
1323	14
1323	15
1323	22
1323	26
1323	31
1323	34
1323	35
1323	36
1323	38
1323	41
1323	44
1323	46
1323	47
1323	51
1323	52
1323	53
1323	56
1323	59
1323	60
1323	61
1323	62
1323	65
1323	66
1323	67
1323	69
1323	70
1323	71
1323	72
1323	73
1323	78
1323	86
1323	94
1324	1
1324	3
1324	7
1324	14
1324	22
1324	35
1324	46
1324	52
1324	59
1324	70
1324	77
1325	3
1325	5
1325	11
1325	13
1325	14
1325	15
1325	21
1325	22
1325	26
1325	27
1325	28
1325	31
1325	32
1325	35
1325	36
1325	40
1325	42
1325	45
1325	46
1325	47
1325	48
1325	56
1325	58
1325	59
1325	61
1325	64
1325	65
1325	67
1325	68
1325	71
1325	72
1325	84
1325	92
1325	94
1325	95
1326	1
1326	5
1326	6
1326	9
1326	11
1326	13
1326	15
1326	22
1326	27
1326	34
1326	35
1326	39
1326	46
1326	59
1326	62
1326	67
1326	71
1326	72
1326	73
1326	78
1326	92
1326	93
1326	94
1327	3
1327	5
1327	6
1327	7
1327	8
1327	13
1327	14
1327	15
1327	22
1327	27
1327	28
1327	30
1327	34
1327	35
1327	38
1327	39
1327	40
1327	43
1327	46
1327	48
1327	49
1327	52
1327	53
1327	56
1327	58
1327	59
1327	60
1327	61
1327	62
1327	65
1327	66
1327	69
1327	70
1327	71
1327	73
1327	77
1327	86
1327	93
1328	8
1328	12
1328	28
1328	34
1328	35
1328	36
1328	40
1328	44
1328	48
1328	50
1328	53
1328	59
1328	64
1328	71
1328	78
1328	79
1329	3
1329	6
1329	13
1329	14
1329	22
1329	27
1329	33
1329	38
1329	39
1329	44
1329	46
1329	48
1329	52
1329	53
1329	55
1329	61
1329	65
1329	70
1329	71
1329	73
1329	79
1330	13
1330	14
1330	15
1330	22
1330	25
1330	27
1330	34
1330	35
1330	36
1330	38
1330	39
1330	40
1330	43
1330	46
1330	48
1330	52
1330	53
1330	59
1330	60
1330	61
1330	62
1330	65
1330	69
1330	70
1330	71
1330	77
1330	78
1330	94
1331	1
1331	2
1331	3
1331	5
1331	6
1331	9
1331	11
1331	13
1331	14
1331	15
1331	22
1331	26
1331	27
1331	28
1331	30
1331	35
1331	36
1331	39
1331	40
1331	44
1331	45
1331	46
1331	47
1331	48
1331	52
1331	53
1331	59
1331	60
1331	61
1331	62
1331	64
1331	66
1331	68
1331	69
1331	70
1331	71
1331	73
1331	78
1331	79
1332	22
1332	28
1332	68
1332	69
1332	73
1332	79
1333	1
1333	2
1333	3
1333	5
1333	6
1333	8
1333	9
1333	13
1333	14
1333	22
1333	26
1333	27
1333	31
1333	34
1333	35
1333	36
1333	37
1333	38
1333	39
1333	48
1333	51
1333	52
1333	59
1333	61
1333	62
1333	64
1333	65
1333	67
1333	68
1333	69
1333	70
1333	73
1333	100
1334	1
1334	3
1334	5
1334	6
1334	7
1334	8
1334	11
1334	12
1334	13
1334	14
1334	15
1334	22
1334	25
1334	27
1334	28
1334	34
1334	35
1334	36
1334	37
1334	38
1334	39
1334	40
1334	44
1334	45
1334	46
1334	47
1334	48
1334	49
1334	50
1334	51
1334	52
1334	53
1334	55
1334	58
1334	59
1334	60
1334	61
1334	62
1334	64
1334	65
1334	66
1334	67
1334	68
1334	69
1334	71
1334	73
1334	74
1334	75
1334	78
1334	86
1334	93
1334	94
1334	100
1335	2
1335	3
1335	5
1335	9
1335	13
1335	31
1335	34
1335	35
1335	38
1335	48
1335	52
1335	53
1335	59
1335	61
1335	62
1335	64
1335	65
1335	67
1335	69
1335	76
1335	94
1336	3
1336	5
1336	6
1336	10
1336	11
1336	12
1336	13
1336	14
1336	15
1336	22
1336	25
1336	27
1336	30
1336	31
1336	32
1336	34
1336	35
1336	36
1336	37
1336	39
1336	44
1336	46
1336	48
1336	49
1336	52
1336	53
1336	55
1336	57
1336	58
1336	59
1336	60
1336	66
1336	67
1336	68
1336	69
1336	70
1336	71
1336	73
1336	74
1336	78
1336	94
1336	95
1337	1
1337	3
1337	5
1337	6
1337	8
1337	11
1337	14
1337	15
1337	22
1337	26
1337	27
1337	28
1337	31
1337	32
1337	34
1337	35
1337	36
1337	37
1337	38
1337	39
1337	40
1337	41
1337	44
1337	45
1337	46
1337	47
1337	48
1337	52
1337	59
1337	60
1337	61
1337	62
1337	65
1337	66
1337	67
1337	68
1337	69
1337	70
1337	71
1337	73
1337	76
1337	78
1337	79
1337	91
1338	1
1338	2
1338	3
1338	4
1338	5
1338	6
1338	7
1338	8
1338	9
1338	11
1338	12
1338	13
1338	14
1338	15
1338	21
1338	22
1338	25
1338	26
1338	27
1338	28
1338	29
1338	30
1338	31
1338	32
1338	34
1338	35
1338	36
1338	37
1338	38
1338	39
1338	41
1338	43
1338	44
1338	45
1338	46
1338	47
1338	48
1338	50
1338	51
1338	52
1338	53
1338	55
1338	56
1338	58
1338	59
1338	60
1338	61
1338	62
1338	64
1338	65
1338	66
1338	67
1338	68
1338	69
1338	70
1338	71
1338	72
1338	73
1338	75
1338	76
1338	78
1338	79
1338	86
1338	92
1338	94
1338	95
1339	1
1339	2
1339	3
1339	4
1339	6
1339	8
1339	11
1339	13
1339	14
1339	15
1339	22
1339	25
1339	26
1339	27
1339	28
1339	29
1339	30
1339	31
1339	34
1339	35
1339	36
1339	38
1339	39
1339	45
1339	46
1339	47
1339	50
1339	51
1339	53
1339	56
1339	58
1339	59
1339	60
1339	61
1339	62
1339	64
1339	67
1339	68
1339	69
1339	70
1339	71
1339	78
1339	91
1339	92
1339	94
1340	1
1340	5
1340	6
1340	8
1340	9
1340	11
1340	13
1340	14
1340	15
1340	21
1340	22
1340	25
1340	27
1340	28
1340	30
1340	34
1340	35
1340	36
1340	38
1340	39
1340	40
1340	41
1340	42
1340	45
1340	46
1340	47
1340	48
1340	49
1340	51
1340	52
1340	53
1340	54
1340	55
1340	59
1340	62
1340	65
1340	66
1340	67
1340	68
1340	69
1340	70
1340	72
1340	73
1340	75
1340	76
1340	77
1340	78
1340	94
1340	95
1341	13
1341	22
1341	27
1341	64
1341	67
1341	71
1342	1
1342	2
1342	3
1342	4
1342	5
1342	6
1342	7
1342	8
1342	9
1342	11
1342	12
1342	13
1342	14
1342	15
1342	16
1342	17
1342	18
1342	20
1342	21
1342	22
1342	25
1342	26
1342	27
1342	28
1342	30
1342	31
1342	32
1342	33
1342	34
1342	35
1342	36
1342	38
1342	39
1342	41
1342	44
1342	45
1342	46
1342	47
1342	49
1342	50
1342	51
1342	52
1342	53
1342	55
1342	56
1342	59
1342	60
1342	61
1342	62
1342	65
1342	66
1342	67
1342	68
1342	69
1342	70
1342	71
1342	72
1342	73
1342	76
1342	77
1342	78
1342	84
1342	86
1342	94
1342	95
1343	1
1343	3
1343	5
1343	6
1343	8
1343	9
1343	10
1343	12
1343	14
1343	15
1343	22
1343	28
1343	29
1343	30
1343	31
1343	32
1343	34
1343	35
1343	37
1343	38
1343	39
1343	41
1343	44
1343	46
1343	47
1343	50
1343	52
1343	54
1343	55
1343	59
1343	60
1343	61
1343	62
1343	64
1343	65
1343	66
1343	67
1343	68
1343	69
1343	70
1343	76
1343	78
1343	79
1343	86
1343	91
1343	92
1343	94
1344	6
1344	12
1344	13
1344	14
1344	15
1344	25
1344	30
1344	52
1344	59
1344	60
1344	65
1344	66
1344	70
1345	1
1345	3
1345	4
1345	6
1345	7
1345	8
1345	10
1345	11
1345	12
1345	13
1345	14
1345	15
1345	16
1345	17
1345	18
1345	20
1345	22
1345	25
1345	26
1345	27
1345	28
1345	29
1345	31
1345	34
1345	35
1345	36
1345	38
1345	39
1345	40
1345	42
1345	43
1345	44
1345	46
1345	47
1345	48
1345	52
1345	53
1345	58
1345	59
1345	61
1345	62
1345	66
1345	67
1345	68
1345	69
1345	71
1345	72
1345	73
1345	78
1345	86
1345	94
1346	1
1346	5
1346	6
1346	7
1346	8
1346	9
1346	11
1346	12
1346	13
1346	14
1346	15
1346	22
1346	35
1346	37
1346	38
1346	40
1346	41
1346	42
1346	43
1346	44
1346	45
1346	46
1346	47
1346	48
1346	49
1346	50
1346	51
1346	52
1346	53
1346	59
1346	60
1346	61
1346	62
1346	64
1346	66
1346	67
1346	68
1346	69
1346	71
1346	73
1346	74
1346	76
1346	77
1346	78
1346	86
1346	92
1346	94
1347	3
1347	4
1347	5
1347	6
1347	8
1347	11
1347	12
1347	13
1347	14
1347	15
1347	22
1347	25
1347	27
1347	30
1347	31
1347	32
1347	34
1347	35
1347	36
1347	37
1347	38
1347	39
1347	40
1347	41
1347	42
1347	43
1347	44
1347	46
1347	47
1347	48
1347	50
1347	51
1347	52
1347	55
1347	59
1347	60
1347	61
1347	62
1347	64
1347	65
1347	66
1347	67
1347	69
1347	70
1347	71
1347	72
1347	73
1347	75
1347	76
1347	78
1347	79
1347	91
1347	92
1347	94
1347	95
1348	3
1348	6
1348	8
1348	13
1348	14
1348	22
1348	25
1348	27
1348	34
1348	35
1348	39
1348	41
1348	52
1348	53
1348	59
1348	64
1348	65
1348	71
1348	72
1348	76
1348	100
1349	2
1349	3
1349	5
1349	11
1349	14
1349	22
1349	26
1349	28
1349	35
1349	45
1349	48
1349	52
1349	59
1349	60
1349	61
1349	69
1349	71
1349	72
1349	73
1349	94
1350	1
1350	3
1350	4
1350	5
1350	6
1350	8
1350	11
1350	13
1350	14
1350	15
1350	22
1350	25
1350	26
1350	30
1350	34
1350	35
1350	36
1350	37
1350	38
1350	39
1350	40
1350	41
1350	44
1350	45
1350	46
1350	48
1350	50
1350	52
1350	53
1350	59
1350	60
1350	62
1350	65
1350	66
1350	68
1350	70
1350	71
1350	73
1350	76
1350	78
1350	79
1350	86
1350	91
1350	94
1351	1
1351	2
1351	3
1351	4
1351	5
1351	6
1351	8
1351	9
1351	11
1351	12
1351	13
1351	14
1351	15
1351	21
1351	22
1351	25
1351	26
1351	27
1351	28
1351	29
1351	30
1351	31
1351	32
1351	34
1351	35
1351	37
1351	38
1351	39
1351	41
1351	43
1351	44
1351	45
1351	46
1351	47
1351	48
1351	50
1351	52
1351	53
1351	55
1351	59
1351	61
1351	64
1351	65
1351	66
1351	67
1351	69
1351	70
1351	71
1351	72
1351	73
1351	74
1351	76
1351	93
1352	1
1352	3
1352	6
1352	11
1352	34
1352	35
1352	36
1352	39
1352	41
1352	47
1352	50
1352	53
1352	55
1352	59
1352	60
1352	62
1352	67
1352	69
1352	70
1352	94
1353	1
1353	3
1353	4
1353	5
1353	6
1353	7
1353	13
1353	14
1353	15
1353	16
1353	17
1353	18
1353	22
1353	27
1353	30
1353	31
1353	33
1353	35
1353	37
1353	39
1353	44
1353	46
1353	48
1353	49
1353	50
1353	52
1353	53
1353	58
1353	59
1353	62
1353	66
1353	71
1353	72
1353	73
1353	74
1353	78
1353	86
1353	94
1354	5
1354	6
1354	13
1354	15
1354	22
1354	26
1354	27
1354	34
1354	35
1354	36
1354	40
1354	41
1354	45
1354	46
1354	47
1354	48
1354	50
1354	52
1354	53
1354	55
1354	59
1354	60
1354	61
1354	66
1354	70
1354	71
1354	78
1354	93
1354	94
1354	100
1355	1
1355	3
1355	5
1355	8
1355	11
1355	12
1355	13
1355	14
1355	15
1355	22
1355	26
1355	27
1355	28
1355	29
1355	30
1355	32
1355	35
1355	37
1355	38
1355	41
1355	45
1355	46
1355	47
1355	48
1355	50
1355	56
1355	59
1355	61
1355	62
1355	64
1355	65
1355	66
1355	67
1355	68
1355	69
1355	70
1355	73
1355	79
1355	84
1356	1
1356	2
1356	3
1356	5
1356	6
1356	8
1356	11
1356	14
1356	15
1356	22
1356	25
1356	28
1356	33
1356	34
1356	36
1356	38
1356	39
1356	44
1356	45
1356	46
1356	47
1356	48
1356	51
1356	52
1356	53
1356	59
1356	60
1356	61
1356	62
1356	64
1356	65
1356	66
1356	67
1356	68
1356	70
1356	71
1356	72
1356	73
1356	74
1356	76
1356	78
1356	86
1356	93
1356	94
1357	1
1357	2
1357	3
1357	4
1357	5
1357	6
1357	7
1357	8
1357	9
1357	11
1357	12
1357	13
1357	14
1357	15
1357	16
1357	17
1357	18
1357	20
1357	22
1357	25
1357	26
1357	27
1357	28
1357	29
1357	30
1357	31
1357	33
1357	34
1357	35
1357	36
1357	37
1357	38
1357	39
1357	40
1357	41
1357	42
1357	43
1357	44
1357	45
1357	46
1357	47
1357	48
1357	49
1357	50
1357	51
1357	52
1357	53
1357	55
1357	56
1357	57
1357	59
1357	60
1357	61
1357	62
1357	64
1357	65
1357	66
1357	67
1357	68
1357	69
1357	70
1357	71
1357	72
1357	73
1357	74
1357	75
1357	76
1357	77
1357	78
1357	79
1357	86
1357	87
1357	88
1357	91
1357	92
1357	94
1357	95
1357	99
1357	101
1358	3
1358	5
1358	6
1358	8
1358	11
1358	12
1358	13
1358	14
1358	15
1358	22
1358	26
1358	27
1358	31
1358	34
1358	35
1358	38
1358	39
1358	45
1358	46
1358	47
1358	48
1358	49
1358	52
1358	53
1358	56
1358	58
1358	59
1358	62
1358	64
1358	66
1358	67
1358	68
1358	69
1358	70
1358	71
1358	72
1358	73
1358	76
1358	79
1358	91
1358	94
1359	1
1359	2
1359	3
1359	5
1359	6
1359	7
1359	8
1359	11
1359	13
1359	14
1359	15
1359	16
1359	17
1359	18
1359	22
1359	25
1359	26
1359	28
1359	30
1359	31
1359	34
1359	35
1359	36
1359	38
1359	39
1359	40
1359	41
1359	43
1359	44
1359	46
1359	47
1359	48
1359	49
1359	50
1359	52
1359	53
1359	54
1359	55
1359	56
1359	57
1359	58
1359	59
1359	60
1359	61
1359	62
1359	64
1359	65
1359	66
1359	67
1359	68
1359	69
1359	70
1359	71
1359	73
1359	74
1359	75
1359	76
1359	77
1359	78
1359	79
1359	84
1359	86
1359	87
1359	92
1359	94
1359	95
1360	1
1360	2
1360	6
1360	7
1360	9
1360	11
1360	13
1360	14
1360	15
1360	22
1360	25
1360	26
1360	30
1360	34
1360	35
1360	36
1360	38
1360	39
1360	40
1360	42
1360	44
1360	46
1360	47
1360	48
1360	49
1360	50
1360	51
1360	52
1360	59
1360	60
1360	62
1360	64
1360	65
1360	66
1360	67
1360	68
1360	69
1360	71
1360	72
1360	75
1360	76
1360	94
1361	3
1361	14
1361	22
1361	38
1361	41
1361	48
1361	55
1361	59
1361	61
1361	62
1361	71
1361	95
1362	5
1362	6
1362	13
1362	22
1362	27
1362	31
1362	32
1362	34
1362	35
1362	41
1362	46
1362	47
1362	48
1362	50
1362	53
1362	61
1362	65
1362	71
1362	74
1363	2
1363	3
1363	5
1363	6
1363	7
1363	8
1363	13
1363	14
1363	15
1363	22
1363	25
1363	28
1363	31
1363	32
1363	34
1363	35
1363	37
1363	38
1363	40
1363	43
1363	44
1363	46
1363	47
1363	48
1363	49
1363	52
1363	59
1363	60
1363	61
1363	64
1363	65
1363	66
1363	67
1363	68
1363	69
1363	70
1363	71
1363	73
1363	75
1363	76
1363	78
1363	79
1363	86
1363	92
1364	1
1364	3
1364	5
1364	6
1364	9
1364	11
1364	13
1364	14
1364	15
1364	22
1364	25
1364	26
1364	27
1364	28
1364	29
1364	30
1364	34
1364	35
1364	38
1364	39
1364	44
1364	45
1364	46
1364	47
1364	48
1364	50
1364	52
1364	53
1364	55
1364	59
1364	61
1364	64
1364	65
1364	67
1364	70
1364	71
1364	72
1364	74
1364	78
1364	79
1364	86
1364	91
1364	94
1364	100
1365	1
1365	3
1365	5
1365	6
1365	7
1365	8
1365	11
1365	12
1365	13
1365	15
1365	22
1365	25
1365	27
1365	28
1365	30
1365	34
1365	35
1365	38
1365	39
1365	41
1365	44
1365	46
1365	47
1365	48
1365	51
1365	52
1365	53
1365	56
1365	58
1365	59
1365	60
1365	61
1365	62
1365	64
1365	65
1365	66
1365	67
1365	71
1365	75
1365	77
1365	92
1366	5
1366	9
1366	22
1366	27
1366	34
1366	35
1366	37
1366	38
1366	39
1366	41
1366	48
1366	50
1366	52
1366	59
1366	62
1366	67
1366	71
1366	73
1366	94
1367	3
1367	8
1367	9
1367	11
1367	12
1367	13
1367	14
1367	15
1367	22
1367	25
1367	26
1367	34
1367	35
1367	36
1367	37
1367	41
1367	46
1367	47
1367	48
1367	53
1367	55
1367	59
1367	62
1367	66
1367	68
1367	70
1367	73
1367	78
1367	79
1367	86
1368	1
1368	3
1368	4
1368	5
1368	6
1368	7
1368	8
1368	11
1368	12
1368	13
1368	14
1368	15
1368	22
1368	25
1368	27
1368	34
1368	35
1368	36
1368	38
1368	40
1368	46
1368	48
1368	52
1368	53
1368	59
1368	60
1368	61
1368	62
1368	65
1368	67
1368	69
1368	71
1368	79
1369	1
1369	2
1369	3
1369	5
1369	6
1369	7
1369	8
1369	11
1369	13
1369	14
1369	15
1369	22
1369	25
1369	26
1369	27
1369	30
1369	31
1369	32
1369	35
1369	36
1369	37
1369	38
1369	39
1369	41
1369	46
1369	48
1369	50
1369	51
1369	52
1369	53
1369	58
1369	59
1369	60
1369	61
1369	62
1369	64
1369	65
1369	67
1369	69
1369	70
1369	71
1369	72
1369	73
1369	78
1369	79
1369	80
1369	91
1369	94
1370	3
1370	4
1370	8
1370	11
1370	59
1370	66
1370	67
1370	69
1370	75
1370	78
1371	3
1371	13
1371	14
1371	22
1371	28
1371	35
1371	45
1371	48
1371	59
1371	62
1371	68
1371	79
1372	1
1372	2
1372	3
1372	4
1372	5
1372	6
1372	7
1372	8
1372	11
1372	12
1372	13
1372	14
1372	15
1372	16
1372	17
1372	18
1372	20
1372	21
1372	22
1372	25
1372	26
1372	27
1372	28
1372	29
1372	30
1372	31
1372	32
1372	34
1372	35
1372	36
1372	38
1372	39
1372	43
1372	45
1372	46
1372	47
1372	48
1372	50
1372	52
1372	53
1372	59
1372	60
1372	61
1372	62
1372	64
1372	65
1372	66
1372	67
1372	68
1372	69
1372	70
1372	71
1372	73
1372	75
1372	78
1372	86
1372	94
1373	5
1373	8
1373	15
1373	22
1373	25
1373	26
1373	27
1373	31
1373	32
1373	34
1373	35
1373	36
1373	37
1373	39
1373	40
1373	46
1373	48
1373	49
1373	52
1373	53
1373	60
1373	61
1373	70
1373	71
1373	73
1374	1
1374	5
1374	6
1374	8
1374	10
1374	11
1374	14
1374	15
1374	16
1374	17
1374	20
1374	21
1374	22
1374	25
1374	31
1374	34
1374	35
1374	36
1374	38
1374	39
1374	40
1374	41
1374	42
1374	43
1374	44
1374	45
1374	46
1374	47
1374	48
1374	52
1374	55
1374	56
1374	59
1374	61
1374	62
1374	66
1374	69
1374	70
1374	71
1374	73
1374	78
1374	79
1374	92
1375	1
1375	3
1375	5
1375	6
1375	7
1375	8
1375	9
1375	11
1375	12
1375	13
1375	14
1375	15
1375	22
1375	28
1375	31
1375	33
1375	34
1375	35
1375	37
1375	38
1375	39
1375	40
1375	45
1375	46
1375	47
1375	48
1375	49
1375	50
1375	52
1375	53
1375	54
1375	55
1375	57
1375	59
1375	60
1375	61
1375	62
1375	64
1375	65
1375	67
1375	69
1375	70
1375	71
1375	72
1375	73
1375	76
1375	77
1375	78
1375	80
1375	86
1375	92
1375	94
1375	95
1375	99
1376	11
1376	22
1376	28
1376	31
1376	34
1376	37
1376	38
1376	39
1376	48
1376	50
1376	53
1376	68
1376	79
1377	3
1377	5
1377	6
1377	8
1377	9
1377	11
1377	13
1377	14
1377	15
1377	22
1377	25
1377	26
1377	27
1377	28
1377	30
1377	34
1377	35
1377	36
1377	37
1377	39
1377	40
1377	41
1377	45
1377	46
1377	48
1377	50
1377	52
1377	53
1377	59
1377	60
1377	61
1377	62
1377	64
1377	65
1377	67
1377	68
1377	70
1377	71
1377	78
1377	80
1377	94
1378	1
1378	4
1378	8
1378	14
1378	15
1378	22
1378	25
1378	26
1378	27
1378	35
1378	46
1378	47
1378	59
1378	62
1378	64
1378	67
1378	71
1378	73
1378	77
1378	91
1378	92
1379	1
1379	3
1379	5
1379	6
1379	8
1379	11
1379	13
1379	14
1379	15
1379	22
1379	26
1379	27
1379	28
1379	30
1379	34
1379	35
1379	36
1379	37
1379	38
1379	40
1379	41
1379	44
1379	45
1379	46
1379	48
1379	52
1379	56
1379	58
1379	59
1379	60
1379	61
1379	62
1379	64
1379	65
1379	66
1379	67
1379	68
1379	69
1379	70
1379	71
1379	72
1379	73
1379	74
1379	78
1379	93
1380	1
1380	2
1380	3
1380	6
1380	8
1380	11
1380	12
1380	13
1380	14
1380	15
1380	22
1380	26
1380	28
1380	32
1380	34
1380	35
1380	37
1380	38
1380	39
1380	45
1380	46
1380	47
1380	48
1380	50
1380	53
1380	56
1380	60
1380	61
1380	64
1380	67
1380	68
1380	69
1380	71
1380	79
1380	80
1381	3
1381	4
1381	5
1381	6
1381	7
1381	8
1381	9
1381	11
1381	13
1381	14
1381	15
1381	22
1381	25
1381	26
1381	27
1381	28
1381	34
1381	35
1381	36
1381	38
1381	39
1381	40
1381	41
1381	44
1381	45
1381	46
1381	48
1381	49
1381	50
1381	52
1381	53
1381	55
1381	58
1381	59
1381	61
1381	62
1381	65
1381	66
1381	67
1381	69
1381	70
1381	71
1381	72
1381	73
1381	75
1381	77
1381	84
1381	86
1381	91
1381	94
1382	3
1382	8
1382	11
1382	13
1382	14
1382	22
1382	25
1382	26
1382	34
1382	39
1382	45
1382	46
1382	48
1382	59
1382	60
1382	64
1382	70
1383	3
1383	4
1383	6
1383	11
1383	13
1383	14
1383	22
1383	27
1383	30
1383	34
1383	35
1383	39
1383	44
1383	46
1383	48
1383	52
1383	58
1383	59
1383	61
1383	62
1383	65
1383	69
1383	71
1383	73
1383	78
1384	3
1384	4
1384	7
1384	8
1384	12
1384	13
1384	14
1384	15
1384	22
1384	27
1384	28
1384	30
1384	31
1384	32
1384	34
1384	35
1384	37
1384	38
1384	40
1384	44
1384	46
1384	47
1384	48
1384	50
1384	53
1384	59
1384	60
1384	61
1384	62
1384	66
1384	67
1384	68
1384	69
1384	70
1384	71
1384	72
1384	73
1384	76
1384	77
1384	79
1384	86
1384	92
1385	1
1385	8
1385	14
1385	15
1385	25
1385	34
1385	36
1385	41
1385	52
1385	53
1385	67
1385	69
1385	70
1386	1
1386	3
1386	5
1386	6
1386	7
1386	8
1386	10
1386	11
1386	12
1386	13
1386	14
1386	15
1386	16
1386	18
1386	20
1386	21
1386	22
1386	25
1386	26
1386	27
1386	28
1386	29
1386	30
1386	31
1386	32
1386	34
1386	35
1386	36
1386	37
1386	38
1386	39
1386	40
1386	41
1386	43
1386	44
1386	45
1386	46
1386	47
1386	48
1386	49
1386	50
1386	52
1386	53
1386	56
1386	59
1386	60
1386	62
1386	64
1386	65
1386	66
1386	67
1386	68
1386	69
1386	70
1386	71
1386	73
1386	74
1386	75
1386	76
1386	77
1386	78
1386	80
1386	86
1386	92
1386	94
1386	95
1387	1
1387	5
1387	8
1387	14
1387	15
1387	22
1387	25
1387	26
1387	31
1387	32
1387	34
1387	35
1387	45
1387	46
1387	47
1387	48
1387	52
1387	53
1387	59
1387	61
1387	62
1387	64
1387	66
1387	67
1387	69
1387	70
1387	72
1387	95
1388	6
1388	8
1388	13
1388	14
1388	15
1388	22
1388	26
1388	28
1388	35
1388	45
1388	48
1388	59
1388	61
1388	68
1388	69
1388	71
1388	73
1388	79
1389	1
1389	6
1389	8
1389	9
1389	11
1389	12
1389	13
1389	14
1389	15
1389	16
1389	17
1389	18
1389	20
1389	21
1389	22
1389	25
1389	26
1389	27
1389	28
1389	31
1389	34
1389	35
1389	36
1389	38
1389	39
1389	41
1389	44
1389	46
1389	47
1389	48
1389	49
1389	50
1389	52
1389	53
1389	59
1389	61
1389	62
1389	64
1389	65
1389	67
1389	69
1389	70
1389	71
1389	78
1389	91
1389	94
1390	1
1390	3
1390	8
1390	9
1390	11
1390	14
1390	15
1390	26
1390	31
1390	32
1390	35
1390	47
1390	48
1390	50
1390	59
1390	62
1390	64
1390	65
1390	67
1390	73
1390	76
1390	95
1391	1
1391	2
1391	3
1391	4
1391	5
1391	6
1391	7
1391	8
1391	11
1391	12
1391	13
1391	14
1391	15
1391	22
1391	25
1391	26
1391	27
1391	28
1391	30
1391	31
1391	33
1391	34
1391	35
1391	36
1391	38
1391	39
1391	40
1391	41
1391	43
1391	44
1391	45
1391	46
1391	47
1391	48
1391	49
1391	50
1391	51
1391	52
1391	53
1391	54
1391	55
1391	58
1391	59
1391	60
1391	61
1391	62
1391	64
1391	65
1391	66
1391	67
1391	68
1391	69
1391	70
1391	71
1391	72
1391	73
1391	74
1391	75
1391	76
1391	78
1391	84
1391	86
1391	91
1391	92
1391	93
1391	94
1392	1
1392	2
1392	3
1392	5
1392	6
1392	8
1392	9
1392	11
1392	14
1392	15
1392	22
1392	31
1392	34
1392	35
1392	36
1392	38
1392	39
1392	40
1392	41
1392	42
1392	43
1392	44
1392	45
1392	46
1392	47
1392	48
1392	49
1392	50
1392	52
1392	53
1392	55
1392	56
1392	59
1392	61
1392	62
1392	64
1392	65
1392	66
1392	67
1392	68
1392	69
1392	70
1392	71
1392	72
1392	73
1392	75
1392	76
1392	78
1392	93
1392	94
1392	95
1393	1
1393	3
1393	4
1393	6
1393	7
1393	12
1393	15
1393	22
1393	25
1393	30
1393	35
1393	37
1393	38
1393	45
1393	46
1393	48
1393	52
1393	53
1393	59
1393	68
1393	69
1393	93
1393	94
1394	1
1394	2
1394	3
1394	13
1394	14
1394	15
1394	22
1394	26
1394	28
1394	35
1394	39
1394	45
1394	48
1394	59
1394	60
1394	61
1394	66
1394	71
1394	94
1395	1
1395	3
1395	5
1395	6
1395	8
1395	11
1395	12
1395	13
1395	14
1395	15
1395	22
1395	25
1395	27
1395	28
1395	29
1395	30
1395	34
1395	35
1395	38
1395	40
1395	41
1395	42
1395	44
1395	46
1395	47
1395	48
1395	49
1395	50
1395	51
1395	52
1395	53
1395	59
1395	60
1395	61
1395	62
1395	65
1395	66
1395	67
1395	70
1395	71
1395	73
1395	76
1395	78
1395	86
1395	94
1396	1
1396	2
1396	3
1396	4
1396	5
1396	8
1396	11
1396	13
1396	14
1396	15
1396	22
1396	25
1396	26
1396	28
1396	35
1396	37
1396	40
1396	41
1396	45
1396	48
1396	50
1396	52
1396	59
1396	61
1396	62
1396	64
1396	66
1396	68
1396	69
1396	71
1396	72
1396	73
1396	76
1396	79
1397	3
1397	4
1397	5
1397	6
1397	10
1397	13
1397	14
1397	15
1397	22
1397	26
1397	28
1397	29
1397	30
1397	31
1397	34
1397	35
1397	36
1397	37
1397	40
1397	41
1397	42
1397	44
1397	46
1397	47
1397	50
1397	53
1397	55
1397	56
1397	59
1397	60
1397	61
1397	62
1397	64
1397	65
1397	67
1397	69
1397	70
1397	71
1397	76
1397	78
1397	79
1397	95
1398	1
1398	3
1398	5
1398	11
1398	12
1398	14
1398	15
1398	22
1398	28
1398	35
1398	40
1398	65
1398	68
1398	94
1399	1
1399	2
1399	3
1399	5
1399	6
1399	7
1399	8
1399	11
1399	12
1399	13
1399	14
1399	15
1399	21
1399	22
1399	25
1399	26
1399	27
1399	28
1399	29
1399	31
1399	32
1399	34
1399	35
1399	36
1399	38
1399	39
1399	41
1399	46
1399	48
1399	50
1399	51
1399	52
1399	53
1399	55
1399	56
1399	58
1399	59
1399	60
1399	61
1399	62
1399	64
1399	65
1399	66
1399	67
1399	68
1399	69
1399	70
1399	71
1399	72
1399	73
1399	74
1399	75
1399	76
1399	77
1399	78
1399	79
1399	84
1399	92
1399	93
1399	94
1399	95
1399	101
1400	3
1400	5
1400	8
1400	11
1400	12
1400	13
1400	14
1400	15
1400	22
1400	27
1400	34
1400	35
1400	37
1400	39
1400	41
1400	44
1400	45
1400	46
1400	48
1400	50
1400	52
1400	53
1400	56
1400	59
1400	60
1400	62
1400	64
1400	66
1400	70
1400	71
1400	76
1400	78
1400	80
1400	94
1401	1
1401	3
1401	5
1401	6
1401	8
1401	9
1401	11
1401	12
1401	14
1401	15
1401	20
1401	21
1401	22
1401	28
1401	31
1401	32
1401	33
1401	34
1401	35
1401	37
1401	38
1401	39
1401	40
1401	41
1401	42
1401	44
1401	45
1401	46
1401	47
1401	48
1401	50
1401	52
1401	53
1401	54
1401	56
1401	58
1401	59
1401	60
1401	61
1401	62
1401	64
1401	67
1401	69
1401	70
1401	71
1401	73
1401	75
1401	76
1401	78
1401	79
1401	94
1402	1
1402	3
1402	5
1402	6
1402	8
1402	10
1402	11
1402	12
1402	13
1402	14
1402	15
1402	22
1402	25
1402	27
1402	28
1402	29
1402	31
1402	34
1402	35
1402	38
1402	39
1402	40
1402	41
1402	43
1402	44
1402	45
1402	46
1402	47
1402	48
1402	49
1402	50
1402	52
1402	54
1402	55
1402	56
1402	59
1402	61
1402	62
1402	65
1402	67
1402	68
1402	70
1402	71
1402	72
1402	76
1402	78
1402	93
1402	94
1403	2
1403	4
1403	8
1403	12
1403	13
1403	14
1403	22
1403	26
1403	35
1403	36
1403	45
1403	48
1403	55
1403	61
1403	68
1403	71
1404	6
1404	11
1404	13
1404	15
1404	22
1404	26
1404	35
1404	36
1404	44
1404	50
1404	59
1404	62
1404	71
1404	73
1405	1
1405	2
1405	3
1405	4
1405	5
1405	6
1405	9
1405	11
1405	12
1405	13
1405	14
1405	15
1405	22
1405	28
1405	35
1405	37
1405	38
1405	41
1405	43
1405	44
1405	45
1405	46
1405	47
1405	48
1405	49
1405	50
1405	51
1405	52
1405	53
1405	55
1405	59
1405	60
1405	61
1405	64
1405	65
1405	66
1405	67
1405	68
1405	70
1405	71
1405	72
1405	73
1405	78
1405	79
1405	91
1406	5
1406	14
1406	22
1406	27
1406	35
1406	62
1406	71
1406	73
1407	2
1407	3
1407	6
1407	9
1407	15
1407	22
1407	30
1407	32
1407	35
1407	38
1407	39
1407	44
1407	51
1407	53
1407	59
1407	62
1407	65
1407	73
1408	5
1408	6
1408	7
1408	11
1408	14
1408	15
1408	22
1408	25
1408	26
1408	27
1408	34
1408	35
1408	36
1408	41
1408	43
1408	44
1408	45
1408	46
1408	52
1408	55
1408	59
1408	61
1408	62
1408	66
1408	69
1408	70
1408	71
1408	73
1408	77
1408	86
1408	94
1409	1
1409	2
1409	3
1409	4
1409	5
1409	6
1409	13
1409	14
1409	15
1409	22
1409	25
1409	26
1409	27
1409	28
1409	30
1409	35
1409	42
1409	43
1409	45
1409	47
1409	48
1409	53
1409	59
1409	61
1409	66
1409	71
1409	94
1410	1
1410	7
1410	8
1410	9
1410	14
1410	22
1410	26
1410	28
1410	32
1410	35
1410	36
1410	37
1410	38
1410	47
1410	55
1410	68
1410	69
1410	77
1410	78
1410	79
1411	1
1411	3
1411	4
1411	5
1411	6
1411	8
1411	11
1411	12
1411	13
1411	14
1411	15
1411	22
1411	25
1411	26
1411	27
1411	30
1411	31
1411	32
1411	34
1411	35
1411	36
1411	37
1411	38
1411	39
1411	40
1411	41
1411	43
1411	44
1411	45
1411	46
1411	47
1411	48
1411	49
1411	50
1411	52
1411	54
1411	55
1411	58
1411	59
1411	60
1411	61
1411	62
1411	64
1411	65
1411	66
1411	67
1411	68
1411	69
1411	70
1411	71
1411	72
1411	73
1411	74
1411	78
1411	79
1411	86
1411	91
1411	92
1411	94
1412	2
1412	6
1412	8
1412	9
1412	10
1412	11
1412	13
1412	14
1412	22
1412	25
1412	26
1412	27
1412	34
1412	35
1412	38
1412	39
1412	41
1412	44
1412	47
1412	48
1412	59
1412	61
1412	62
1412	64
1412	66
1412	67
1412	71
1412	73
1412	78
1412	94
1413	1
1413	3
1413	5
1413	6
1413	7
1413	8
1413	11
1413	13
1413	14
1413	15
1413	22
1413	33
1413	34
1413	35
1413	37
1413	39
1413	40
1413	43
1413	45
1413	46
1413	47
1413	48
1413	49
1413	50
1413	51
1413	52
1413	54
1413	55
1413	59
1413	60
1413	61
1413	66
1413	69
1413	71
1413	73
1413	78
1413	93
1413	94
1414	1
1414	2
1414	3
1414	6
1414	8
1414	11
1414	13
1414	14
1414	15
1414	22
1414	26
1414	28
1414	31
1414	32
1414	35
1414	37
1414	44
1414	45
1414	46
1414	47
1414	48
1414	52
1414	53
1414	55
1414	59
1414	60
1414	65
1414	66
1414	68
1414	69
1414	71
1414	76
1414	79
1415	2
1415	3
1415	4
1415	5
1415	6
1415	9
1415	11
1415	13
1415	14
1415	15
1415	22
1415	25
1415	26
1415	27
1415	30
1415	31
1415	32
1415	34
1415	35
1415	36
1415	37
1415	38
1415	39
1415	40
1415	42
1415	44
1415	45
1415	46
1415	48
1415	51
1415	52
1415	54
1415	55
1415	59
1415	60
1415	61
1415	62
1415	64
1415	65
1415	66
1415	67
1415	71
1415	76
1415	86
1415	94
1416	1
1416	3
1416	5
1416	6
1416	7
1416	8
1416	11
1416	12
1416	13
1416	14
1416	15
1416	22
1416	25
1416	26
1416	27
1416	28
1416	34
1416	35
1416	36
1416	38
1416	40
1416	41
1416	42
1416	45
1416	46
1416	47
1416	48
1416	50
1416	51
1416	52
1416	53
1416	56
1416	58
1416	59
1416	61
1416	62
1416	64
1416	65
1416	66
1416	67
1416	69
1416	70
1416	71
1416	72
1416	76
1416	78
1416	80
1416	94
1416	95
1417	3
1417	4
1417	6
1417	7
1417	14
1417	15
1417	22
1417	26
1417	27
1417	32
1417	34
1417	35
1417	39
1417	40
1417	44
1417	45
1417	46
1417	47
1417	49
1417	50
1417	52
1417	53
1417	59
1417	60
1417	62
1417	64
1417	67
1417	68
1417	70
1417	72
1417	73
1418	5
1418	22
1418	25
1418	27
1418	35
1418	43
1418	47
1418	48
1418	61
1418	71
1419	1
1419	3
1419	4
1419	5
1419	6
1419	8
1419	11
1419	12
1419	13
1419	14
1419	15
1419	22
1419	26
1419	27
1419	34
1419	35
1419	36
1419	38
1419	39
1419	40
1419	42
1419	44
1419	46
1419	48
1419	50
1419	56
1419	58
1419	59
1419	61
1419	62
1419	64
1419	65
1419	66
1419	68
1419	71
1419	73
1419	76
1419	78
1419	79
1419	80
1419	92
1419	94
1420	1
1420	2
1420	3
1420	11
1420	13
1420	15
1420	22
1420	28
1420	30
1420	32
1420	34
1420	35
1420	36
1420	37
1420	38
1420	41
1420	46
1420	47
1420	50
1420	52
1420	53
1420	59
1420	60
1420	61
1420	65
1420	66
1420	67
1420	68
1420	69
1420	70
1420	71
1420	79
1421	1
1421	3
1421	4
1421	5
1421	6
1421	8
1421	9
1421	11
1421	12
1421	13
1421	14
1421	15
1421	16
1421	20
1421	21
1421	22
1421	25
1421	26
1421	28
1421	30
1421	33
1421	34
1421	35
1421	36
1421	37
1421	38
1421	39
1421	41
1421	43
1421	45
1421	46
1421	47
1421	48
1421	50
1421	52
1421	59
1421	60
1421	61
1421	62
1421	64
1421	65
1421	66
1421	67
1421	68
1421	69
1421	70
1421	71
1421	72
1421	73
1421	76
1421	77
1421	78
1421	79
1421	86
1421	91
1421	94
1421	95
1422	2
1422	3
1422	5
1422	6
1422	7
1422	8
1422	12
1422	14
1422	15
1422	22
1422	25
1422	26
1422	28
1422	31
1422	32
1422	34
1422	35
1422	37
1422	38
1422	39
1422	41
1422	43
1422	45
1422	47
1422	50
1422	52
1422	59
1422	60
1422	61
1422	62
1422	64
1422	65
1422	66
1422	67
1422	68
1422	69
1422	70
1422	71
1422	73
1422	79
1422	80
1422	93
1423	1
1423	2
1423	3
1423	4
1423	5
1423	6
1423	7
1423	8
1423	9
1423	11
1423	12
1423	13
1423	14
1423	15
1423	22
1423	25
1423	26
1423	27
1423	28
1423	30
1423	31
1423	32
1423	33
1423	34
1423	35
1423	36
1423	38
1423	39
1423	40
1423	41
1423	42
1423	43
1423	44
1423	45
1423	46
1423	47
1423	48
1423	50
1423	51
1423	52
1423	53
1423	54
1423	55
1423	56
1423	58
1423	59
1423	60
1423	61
1423	62
1423	64
1423	65
1423	66
1423	67
1423	68
1423	69
1423	70
1423	71
1423	72
1423	73
1423	76
1423	77
1423	78
1423	84
1423	91
1423	92
1423	94
1424	1
1424	3
1424	4
1424	5
1424	6
1424	7
1424	8
1424	11
1424	12
1424	13
1424	14
1424	15
1424	22
1424	25
1424	26
1424	27
1424	28
1424	30
1424	31
1424	32
1424	34
1424	35
1424	37
1424	38
1424	39
1424	41
1424	43
1424	46
1424	48
1424	51
1424	52
1424	53
1424	56
1424	59
1424	61
1424	62
1424	64
1424	65
1424	66
1424	67
1424	68
1424	69
1424	70
1424	71
1424	72
1424	77
1424	78
1424	92
1424	93
1425	1
1425	3
1425	6
1425	7
1425	8
1425	11
1425	13
1425	14
1425	15
1425	22
1425	26
1425	27
1425	28
1425	34
1425	35
1425	36
1425	39
1425	40
1425	41
1425	45
1425	47
1425	48
1425	49
1425	55
1425	59
1425	60
1425	61
1425	67
1425	69
1425	70
1425	71
1425	72
1425	77
1425	92
1425	94
1425	95
1426	3
1426	5
1426	6
1426	13
1426	22
1426	27
1426	59
1426	61
1426	71
1426	78
1426	84
1427	1
1427	2
1427	3
1427	5
1427	6
1427	7
1427	8
1427	11
1427	13
1427	14
1427	15
1427	22
1427	25
1427	26
1427	27
1427	30
1427	33
1427	34
1427	35
1427	36
1427	37
1427	38
1427	39
1427	40
1427	41
1427	44
1427	46
1427	48
1427	49
1427	50
1427	51
1427	52
1427	53
1427	59
1427	61
1427	62
1427	64
1427	65
1427	66
1427	67
1427	68
1427	69
1427	70
1427	71
1427	73
1427	75
1427	76
1427	77
1427	78
1427	86
1427	94
1428	1
1428	3
1428	5
1428	6
1428	8
1428	11
1428	12
1428	13
1428	14
1428	15
1428	22
1428	25
1428	31
1428	32
1428	34
1428	35
1428	39
1428	40
1428	41
1428	42
1428	44
1428	46
1428	47
1428	48
1428	50
1428	53
1428	54
1428	59
1428	60
1428	61
1428	64
1428	69
1428	70
1428	73
1428	84
1428	94
1428	95
1429	1
1429	3
1429	5
1429	6
1429	7
1429	8
1429	9
1429	11
1429	12
1429	14
1429	15
1429	22
1429	25
1429	26
1429	27
1429	28
1429	30
1429	34
1429	35
1429	37
1429	38
1429	39
1429	40
1429	41
1429	43
1429	44
1429	46
1429	48
1429	50
1429	51
1429	52
1429	53
1429	59
1429	60
1429	61
1429	62
1429	64
1429	66
1429	67
1429	68
1429	69
1429	70
1429	72
1429	73
1429	77
1429	78
1429	84
1429	91
1429	94
1430	1
1430	15
1430	25
1430	34
1430	35
1430	39
1430	46
1430	47
1430	59
1430	64
1430	66
1430	70
1430	73
1430	86
1431	1
1431	2
1431	3
1431	5
1431	6
1431	7
1431	8
1431	9
1431	11
1431	12
1431	13
1431	14
1431	15
1431	16
1431	17
1431	18
1431	20
1431	21
1431	22
1431	25
1431	26
1431	27
1431	28
1431	30
1431	31
1431	32
1431	33
1431	34
1431	35
1431	36
1431	38
1431	39
1431	40
1431	41
1431	42
1431	43
1431	44
1431	45
1431	46
1431	47
1431	48
1431	49
1431	50
1431	52
1431	53
1431	55
1431	56
1431	58
1431	59
1431	60
1431	61
1431	62
1431	64
1431	65
1431	66
1431	67
1431	68
1431	69
1431	70
1431	71
1431	72
1431	73
1431	74
1431	75
1431	76
1431	77
1431	78
1431	79
1431	80
1431	84
1431	86
1431	92
1431	93
1431	94
1432	1
1432	3
1432	4
1432	8
1432	10
1432	12
1432	13
1432	14
1432	15
1432	22
1432	27
1432	30
1432	31
1432	34
1432	35
1432	36
1432	38
1432	39
1432	41
1432	46
1432	47
1432	48
1432	50
1432	51
1432	52
1432	53
1432	59
1432	60
1432	61
1432	62
1432	64
1432	65
1432	67
1432	68
1432	69
1432	71
1432	73
1432	75
1432	76
1432	78
1432	86
1432	93
1433	2
1433	3
1433	4
1433	5
1433	6
1433	8
1433	10
1433	11
1433	12
1433	13
1433	14
1433	15
1433	22
1433	25
1433	26
1433	27
1433	28
1433	29
1433	30
1433	34
1433	35
1433	36
1433	38
1433	40
1433	41
1433	43
1433	44
1433	45
1433	46
1433	47
1433	48
1433	49
1433	50
1433	51
1433	52
1433	53
1433	56
1433	59
1433	60
1433	61
1433	62
1433	64
1433	65
1433	66
1433	67
1433	68
1433	69
1433	70
1433	71
1433	72
1433	74
1433	78
1433	79
1433	91
1433	94
1434	1
1434	2
1434	3
1434	5
1434	6
1434	7
1434	8
1434	9
1434	11
1434	12
1434	13
1434	14
1434	15
1434	22
1434	25
1434	26
1434	27
1434	31
1434	32
1434	35
1434	36
1434	38
1434	45
1434	46
1434	47
1434	48
1434	50
1434	52
1434	53
1434	55
1434	59
1434	65
1434	67
1434	69
1434	70
1434	71
1434	72
1434	76
1434	77
1434	78
1434	86
1434	92
1434	94
1435	3
1435	5
1435	6
1435	11
1435	13
1435	14
1435	16
1435	17
1435	18
1435	20
1435	22
1435	26
1435	34
1435	44
1435	45
1435	48
1435	52
1435	54
1435	59
1435	61
1435	65
1435	66
1435	68
1435	69
1435	70
1435	71
1435	94
1436	1
1436	3
1436	4
1436	5
1436	6
1436	7
1436	8
1436	11
1436	12
1436	13
1436	14
1436	15
1436	16
1436	17
1436	18
1436	20
1436	21
1436	22
1436	26
1436	27
1436	30
1436	31
1436	32
1436	33
1436	34
1436	35
1436	36
1436	38
1436	39
1436	41
1436	43
1436	46
1436	48
1436	49
1436	50
1436	52
1436	54
1436	59
1436	60
1436	61
1436	62
1436	64
1436	65
1436	67
1436	68
1436	70
1436	71
1436	73
1436	76
1436	77
1436	78
1436	80
1437	1
1437	3
1437	5
1437	6
1437	8
1437	11
1437	12
1437	13
1437	14
1437	15
1437	22
1437	25
1437	26
1437	28
1437	29
1437	30
1437	33
1437	34
1437	35
1437	36
1437	38
1437	39
1437	41
1437	46
1437	47
1437	48
1437	54
1437	55
1437	59
1437	60
1437	64
1437	65
1437	67
1437	70
1437	71
1437	76
1437	78
1437	94
1438	3
1438	8
1438	9
1438	11
1438	13
1438	14
1438	15
1438	22
1438	28
1438	35
1438	36
1438	45
1438	47
1438	48
1438	60
1438	61
1438	66
1438	68
1438	69
1438	71
1438	79
1439	1
1439	2
1439	3
1439	4
1439	6
1439	7
1439	11
1439	13
1439	14
1439	15
1439	22
1439	26
1439	27
1439	28
1439	34
1439	35
1439	36
1439	37
1439	38
1439	39
1439	41
1439	45
1439	46
1439	47
1439	48
1439	49
1439	59
1439	60
1439	61
1439	62
1439	64
1439	66
1439	67
1439	68
1439	70
1439	71
1439	76
1439	77
1439	78
1439	94
1440	1
1440	3
1440	5
1440	6
1440	7
1440	8
1440	9
1440	11
1440	13
1440	14
1440	15
1440	16
1440	17
1440	20
1440	21
1440	22
1440	26
1440	27
1440	31
1440	32
1440	34
1440	35
1440	36
1440	38
1440	39
1440	40
1440	42
1440	44
1440	45
1440	46
1440	47
1440	48
1440	50
1440	52
1440	53
1440	56
1440	59
1440	60
1440	61
1440	62
1440	64
1440	65
1440	66
1440	67
1440	68
1440	71
1440	73
1440	75
1440	78
1440	79
1440	84
1440	92
1440	94
1440	95
1441	1
1441	2
1441	11
1441	14
1441	22
1441	26
1441	28
1441	35
1441	45
1441	48
1441	61
1441	68
1441	69
1441	71
1441	79
1442	5
1442	6
1442	8
1442	11
1442	12
1442	13
1442	14
1442	15
1442	22
1442	25
1442	27
1442	34
1442	35
1442	36
1442	39
1442	40
1442	46
1442	48
1442	52
1442	59
1442	61
1442	62
1442	66
1442	70
1442	71
1442	72
1442	73
1442	78
1443	3
1443	6
1443	7
1443	8
1443	9
1443	11
1443	13
1443	14
1443	15
1443	22
1443	26
1443	27
1443	34
1443	35
1443	37
1443	39
1443	45
1443	46
1443	48
1443	50
1443	52
1443	53
1443	59
1443	60
1443	61
1443	62
1443	64
1443	66
1443	69
1443	71
1443	72
1443	76
1443	77
1443	94
1444	3
1444	6
1444	11
1444	13
1444	14
1444	15
1444	22
1444	30
1444	33
1444	35
1444	40
1444	41
1444	44
1444	46
1444	47
1444	59
1444	61
1444	62
1444	65
1444	67
1444	68
1444	69
1444	71
1444	73
1444	78
1445	3
1445	5
1445	6
1445	11
1445	13
1445	14
1445	15
1445	22
1445	26
1445	27
1445	34
1445	35
1445	38
1445	39
1445	46
1445	47
1445	48
1445	49
1445	50
1445	55
1445	59
1445	60
1445	65
1445	67
1445	69
1445	71
1445	91
1446	3
1446	6
1446	8
1446	12
1446	13
1446	22
1446	27
1446	35
1446	48
1446	59
1446	61
1446	66
1446	70
1446	71
1447	3
1447	5
1447	7
1447	8
1447	13
1447	14
1447	15
1447	22
1447	26
1447	34
1447	35
1447	52
1447	59
1447	61
1447	65
1447	69
1447	73
1447	77
1448	1
1448	3
1448	5
1448	6
1448	7
1448	8
1448	10
1448	11
1448	12
1448	14
1448	15
1448	22
1448	25
1448	26
1448	27
1448	28
1448	30
1448	31
1448	34
1448	35
1448	36
1448	37
1448	39
1448	40
1448	41
1448	44
1448	46
1448	48
1448	49
1448	50
1448	53
1448	54
1448	55
1448	56
1448	58
1448	59
1448	60
1448	61
1448	62
1448	64
1448	65
1448	67
1448	68
1448	69
1448	70
1448	71
1448	72
1448	73
1448	74
1448	75
1448	76
1448	77
1448	78
1448	79
1448	86
1448	89
1448	92
1448	95
1449	1
1449	3
1449	4
1449	5
1449	6
1449	8
1449	9
1449	11
1449	12
1449	14
1449	15
1449	22
1449	25
1449	28
1449	30
1449	31
1449	33
1449	34
1449	35
1449	36
1449	37
1449	38
1449	39
1449	41
1449	43
1449	45
1449	46
1449	47
1449	48
1449	49
1449	50
1449	51
1449	52
1449	53
1449	55
1449	59
1449	60
1449	61
1449	62
1449	64
1449	65
1449	66
1449	67
1449	68
1449	69
1449	70
1449	71
1449	72
1449	73
1449	75
1449	76
1449	77
1449	78
1449	79
1449	91
1449	93
1449	94
1450	6
1450	11
1450	13
1450	22
1450	27
1450	35
1450	39
1450	47
1450	48
1450	59
1450	66
1450	71
1451	1
1451	3
1451	5
1451	12
1451	15
1451	22
1451	25
1451	38
1451	39
1451	46
1451	47
1451	56
1451	59
1451	61
1451	64
1451	69
1451	72
1451	74
1451	78
1452	1
1452	2
1452	3
1452	5
1452	8
1452	11
1452	12
1452	13
1452	14
1452	15
1452	22
1452	26
1452	27
1452	28
1452	30
1452	31
1452	32
1452	34
1452	35
1452	36
1452	37
1452	38
1452	39
1452	40
1452	42
1452	44
1452	45
1452	46
1452	48
1452	50
1452	51
1452	52
1452	53
1452	59
1452	60
1452	61
1452	62
1452	64
1452	66
1452	67
1452	68
1452	69
1452	70
1452	71
1452	76
1452	78
1452	79
1452	80
1452	91
1452	92
1452	95
1453	2
1453	3
1453	6
1453	14
1453	22
1453	26
1453	35
1453	45
1453	48
1453	61
1453	66
1453	71
1453	94
1454	4
1454	5
1454	13
1454	14
1454	15
1454	22
1454	27
1454	28
1454	35
1454	39
1454	46
1454	48
1454	49
1454	52
1454	58
1454	59
1454	61
1454	64
1454	65
1454	66
1454	67
1454	71
1454	79
1454	100
1455	3
1455	6
1455	8
1455	9
1455	13
1455	14
1455	15
1455	22
1455	25
1455	27
1455	48
1455	55
1455	59
1455	60
1455	61
1455	62
1455	65
1455	70
1455	71
1456	1
1456	3
1456	5
1456	6
1456	8
1456	11
1456	13
1456	14
1456	15
1456	22
1456	25
1456	26
1456	27
1456	28
1456	34
1456	35
1456	37
1456	38
1456	41
1456	43
1456	46
1456	49
1456	51
1456	52
1456	55
1456	59
1456	62
1456	64
1456	67
1456	68
1456	69
1456	70
1456	71
1456	95
1457	2
1457	3
1457	6
1457	7
1457	8
1457	13
1457	14
1457	22
1457	26
1457	35
1457	39
1457	44
1457	45
1457	46
1457	48
1457	52
1457	58
1457	64
1457	67
1457	71
1458	8
1458	13
1458	38
1458	43
1458	53
1458	61
1458	62
1458	69
1458	70
1458	73
1458	94
1459	3
1459	4
1459	5
1459	6
1459	8
1459	11
1459	13
1459	14
1459	15
1459	22
1459	25
1459	26
1459	27
1459	28
1459	32
1459	35
1459	38
1459	39
1459	41
1459	44
1459	48
1459	49
1459	52
1459	56
1459	58
1459	59
1459	61
1459	62
1459	65
1459	67
1459	68
1459	71
1459	72
1459	79
1459	94
1459	95
1460	3
1460	6
1460	7
1460	8
1460	12
1460	13
1460	14
1460	15
1460	22
1460	27
1460	28
1460	35
1460	38
1460	39
1460	41
1460	46
1460	47
1460	48
1460	59
1460	60
1460	61
1460	62
1460	65
1460	67
1460	69
1460	70
1460	71
1460	75
1460	91
1460	94
1461	1
1461	3
1461	5
1461	9
1461	11
1461	12
1461	14
1461	15
1461	22
1461	25
1461	28
1461	31
1461	32
1461	34
1461	35
1461	37
1461	38
1461	40
1461	44
1461	48
1461	52
1461	59
1461	60
1461	61
1461	62
1461	64
1461	65
1461	66
1461	67
1461	68
1461	69
1461	70
1461	73
1461	76
1461	79
1462	1
1462	3
1462	5
1462	6
1462	7
1462	8
1462	9
1462	11
1462	12
1462	13
1462	14
1462	15
1462	22
1462	25
1462	26
1462	27
1462	28
1462	30
1462	31
1462	32
1462	34
1462	35
1462	36
1462	37
1462	38
1462	39
1462	40
1462	41
1462	42
1462	43
1462	44
1462	45
1462	46
1462	47
1462	48
1462	49
1462	50
1462	51
1462	52
1462	53
1462	54
1462	55
1462	56
1462	58
1462	59
1462	60
1462	61
1462	62
1462	64
1462	65
1462	66
1462	67
1462	68
1462	69
1462	70
1462	71
1462	72
1462	73
1462	74
1462	75
1462	76
1462	77
1462	78
1462	79
1462	80
1462	91
1462	93
1462	94
1462	95
1463	1
1463	2
1463	3
1463	6
1463	7
1463	8
1463	9
1463	11
1463	12
1463	14
1463	15
1463	22
1463	26
1463	28
1463	31
1463	32
1463	34
1463	35
1463	36
1463	37
1463	38
1463	39
1463	40
1463	41
1463	43
1463	44
1463	46
1463	47
1463	48
1463	50
1463	52
1463	53
1463	58
1463	59
1463	60
1463	62
1463	64
1463	66
1463	67
1463	68
1463	69
1463	70
1463	71
1463	73
1463	79
1463	80
1464	14
1464	15
1464	22
1464	33
1464	35
1464	37
1464	38
1464	40
1464	42
1464	43
1464	50
1464	62
1464	65
1464	78
1464	79
1465	3
1465	5
1465	6
1465	8
1465	11
1465	12
1465	13
1465	15
1465	22
1465	26
1465	27
1465	28
1465	29
1465	30
1465	31
1465	32
1465	33
1465	34
1465	35
1465	37
1465	38
1465	41
1465	46
1465	47
1465	48
1465	51
1465	52
1465	53
1465	59
1465	60
1465	61
1465	62
1465	65
1465	67
1465	68
1465	69
1465	70
1465	71
1465	72
1465	74
1465	78
1465	86
1465	94
1466	5
1466	6
1466	7
1466	12
1466	14
1466	22
1466	30
1466	33
1466	35
1466	36
1466	44
1466	52
1466	54
1466	56
1466	59
1466	64
1466	65
1466	68
1466	71
1467	6
1467	16
1467	17
1467	20
1467	21
1467	28
1467	33
1467	44
1467	48
1467	55
1467	59
1467	62
1467	65
1467	73
1467	86
1468	1
1468	3
1468	5
1468	6
1468	7
1468	8
1468	11
1468	13
1468	14
1468	15
1468	22
1468	26
1468	28
1468	30
1468	31
1468	32
1468	33
1468	34
1468	35
1468	39
1468	40
1468	44
1468	45
1468	46
1468	47
1468	50
1468	53
1468	54
1468	55
1468	56
1468	57
1468	58
1468	59
1468	60
1468	61
1468	62
1468	64
1468	65
1468	66
1468	67
1468	68
1468	69
1468	70
1468	71
1468	72
1468	73
1468	74
1468	75
1468	76
1468	77
1468	78
1468	79
1468	87
1468	88
1468	89
1468	92
1468	94
1468	101
1469	1
1469	2
1469	3
1469	4
1469	5
1469	6
1469	7
1469	8
1469	9
1469	11
1469	12
1469	14
1469	15
1469	16
1469	17
1469	18
1469	20
1469	21
1469	22
1469	26
1469	27
1469	28
1469	29
1469	31
1469	32
1469	34
1469	35
1469	36
1469	37
1469	38
1469	39
1469	40
1469	41
1469	42
1469	43
1469	44
1469	45
1469	46
1469	47
1469	48
1469	50
1469	51
1469	52
1469	53
1469	54
1469	55
1469	59
1469	60
1469	61
1469	62
1469	64
1469	67
1469	68
1469	69
1469	70
1469	72
1469	73
1469	77
1469	78
1469	79
1469	80
1470	3
1470	6
1470	8
1470	11
1470	13
1470	14
1470	15
1470	16
1470	17
1470	18
1470	20
1470	21
1470	22
1470	27
1470	30
1470	34
1470	35
1470	41
1470	46
1470	48
1470	49
1470	50
1470	53
1470	59
1470	60
1470	61
1470	62
1470	64
1470	66
1470	71
1470	76
1470	78
1470	80
1471	1
1471	2
1471	3
1471	5
1471	6
1471	8
1471	9
1471	11
1471	12
1471	13
1471	14
1471	15
1471	22
1471	31
1471	32
1471	34
1471	35
1471	38
1471	41
1471	46
1471	47
1471	48
1471	49
1471	50
1471	52
1471	53
1471	54
1471	55
1471	59
1471	61
1471	62
1471	64
1471	66
1471	68
1471	70
1471	71
1471	73
1471	77
1471	78
1471	93
1471	94
1472	3
1472	6
1472	7
1472	11
1472	14
1472	15
1472	22
1472	25
1472	26
1472	30
1472	35
1472	36
1472	39
1472	47
1472	49
1472	50
1472	64
1472	66
1472	67
1472	68
1472	73
1473	3
1473	6
1473	7
1473	13
1473	14
1473	22
1473	27
1473	34
1473	35
1473	36
1473	41
1473	47
1473	48
1473	53
1473	59
1473	61
1473	62
1473	67
1473	71
1473	72
1473	77
1473	78
1474	1
1474	3
1474	4
1474	6
1474	8
1474	12
1474	14
1474	15
1474	22
1474	35
1474	38
1474	44
1474	46
1474	48
1474	50
1474	59
1474	61
1474	64
1474	65
1474	67
1474	68
1474	69
1474	70
1474	73
1475	3
1475	5
1475	6
1475	7
1475	8
1475	10
1475	12
1475	13
1475	14
1475	15
1475	22
1475	25
1475	27
1475	28
1475	30
1475	33
1475	34
1475	35
1475	37
1475	38
1475	39
1475	41
1475	42
1475	45
1475	48
1475	50
1475	52
1475	59
1475	60
1475	62
1475	64
1475	65
1475	66
1475	67
1475	68
1475	70
1475	71
1475	72
1475	73
1475	75
1475	76
1475	78
1476	1
1476	2
1476	3
1476	5
1476	6
1476	7
1476	8
1476	9
1476	11
1476	12
1476	13
1476	14
1476	15
1476	22
1476	26
1476	27
1476	28
1476	29
1476	30
1476	31
1476	32
1476	34
1476	35
1476	36
1476	37
1476	38
1476	39
1476	41
1476	43
1476	45
1476	46
1476	47
1476	48
1476	50
1476	51
1476	52
1476	53
1476	54
1476	55
1476	58
1476	59
1476	61
1476	62
1476	64
1476	65
1476	66
1476	67
1476	69
1476	70
1476	71
1476	72
1476	73
1476	74
1476	75
1476	76
1476	78
1476	79
1476	80
1476	86
1476	91
1476	92
1476	94
1477	3
1477	5
1477	6
1477	11
1477	13
1477	14
1477	15
1477	22
1477	27
1477	28
1477	29
1477	30
1477	35
1477	38
1477	39
1477	41
1477	44
1477	45
1477	46
1477	48
1477	53
1477	59
1477	62
1477	64
1477	65
1477	67
1477	69
1477	70
1477	71
1477	73
1477	78
1477	86
1477	94
1478	5
1478	6
1478	7
1478	8
1478	11
1478	12
1478	13
1478	14
1478	15
1478	22
1478	27
1478	35
1478	46
1478	48
1478	52
1478	53
1478	59
1478	61
1478	62
1478	66
1478	68
1478	69
1478	71
1478	72
1478	73
1478	76
1478	94
1479	5
1479	6
1479	8
1479	10
1479	11
1479	13
1479	15
1479	22
1479	27
1479	31
1479	34
1479	35
1479	38
1479	41
1479	43
1479	48
1479	53
1479	56
1479	60
1479	65
1479	66
1479	70
1479	71
1479	72
1479	73
1479	79
1479	94
1479	95
1480	1
1480	3
1480	6
1480	8
1480	9
1480	11
1480	13
1480	14
1480	15
1480	22
1480	26
1480	27
1480	31
1480	32
1480	34
1480	35
1480	37
1480	38
1480	39
1480	43
1480	46
1480	47
1480	50
1480	51
1480	52
1480	59
1480	62
1480	64
1480	65
1480	67
1480	69
1480	71
1480	76
1480	78
1480	80
1480	86
1481	5
1481	14
1481	22
1481	46
1481	71
1482	1
1482	3
1482	4
1482	5
1482	6
1482	7
1482	9
1482	11
1482	13
1482	14
1482	15
1482	22
1482	27
1482	28
1482	29
1482	30
1482	33
1482	34
1482	35
1482	36
1482	38
1482	43
1482	44
1482	46
1482	47
1482	48
1482	52
1482	53
1482	56
1482	59
1482	60
1482	61
1482	62
1482	64
1482	65
1482	70
1482	71
1482	73
1482	76
1482	78
1482	86
1482	94
1483	2
1483	3
1483	13
1483	14
1483	15
1483	22
1483	26
1483	35
1483	45
1483	47
1483	48
1483	52
1483	56
1483	59
1483	62
1483	64
1483	65
1483	66
1483	67
1483	71
1483	76
1483	94
1484	1
1484	3
1484	5
1484	6
1484	11
1484	13
1484	14
1484	15
1484	22
1484	25
1484	27
1484	30
1484	33
1484	35
1484	36
1484	39
1484	41
1484	44
1484	45
1484	46
1484	47
1484	48
1484	50
1484	51
1484	52
1484	55
1484	59
1484	60
1484	61
1484	62
1484	65
1484	66
1484	69
1484	70
1484	71
1484	73
1484	78
1484	86
1484	93
1484	94
1485	5
1485	6
1485	13
1485	22
1485	27
1485	31
1485	48
1485	61
1485	68
1485	71
1485	76
1486	3
1486	5
1486	9
1486	11
1486	12
1486	13
1486	15
1486	22
1486	26
1486	30
1486	31
1486	34
1486	35
1486	38
1486	39
1486	44
1486	46
1486	47
1486	50
1486	52
1486	53
1486	54
1486	59
1486	60
1486	61
1486	65
1486	66
1486	67
1486	69
1486	73
1486	76
1486	78
1486	92
1486	94
1487	1
1487	2
1487	3
1487	11
1487	13
1487	14
1487	15
1487	22
1487	26
1487	35
1487	48
1487	61
1487	71
1487	94
1488	3
1488	5
1488	9
1488	14
1488	22
1488	26
1488	35
1488	38
1488	45
1488	47
1488	52
1488	59
1488	62
1488	78
1489	1
1489	3
1489	4
1489	5
1489	6
1489	7
1489	8
1489	11
1489	12
1489	13
1489	14
1489	15
1489	22
1489	25
1489	26
1489	27
1489	28
1489	30
1489	31
1489	33
1489	34
1489	35
1489	36
1489	38
1489	39
1489	40
1489	41
1489	42
1489	43
1489	44
1489	45
1489	46
1489	47
1489	48
1489	49
1489	50
1489	52
1489	53
1489	56
1489	58
1489	59
1489	60
1489	61
1489	62
1489	64
1489	65
1489	66
1489	68
1489	69
1489	70
1489	71
1489	73
1489	74
1489	76
1489	78
1489	92
1489	94
1490	1
1490	2
1490	3
1490	11
1490	13
1490	14
1490	15
1490	22
1490	26
1490	28
1490	30
1490	35
1490	38
1490	39
1490	45
1490	48
1490	59
1490	60
1490	66
1490	68
1490	75
1490	79
1491	1
1491	2
1491	8
1491	11
1491	13
1491	14
1491	15
1491	22
1491	25
1491	26
1491	28
1491	31
1491	32
1491	34
1491	35
1491	36
1491	37
1491	38
1491	39
1491	41
1491	43
1491	45
1491	46
1491	48
1491	50
1491	53
1491	55
1491	59
1491	60
1491	61
1491	64
1491	65
1491	66
1491	67
1491	68
1491	69
1491	70
1491	71
1491	73
1491	78
1491	79
1491	95
1492	6
1492	7
1492	14
1492	22
1492	28
1492	32
1492	37
1492	40
1492	42
1492	52
1492	60
1492	68
1492	69
1492	79
1493	1
1493	3
1493	4
1493	6
1493	7
1493	8
1493	12
1493	14
1493	15
1493	22
1493	26
1493	33
1493	34
1493	35
1493	36
1493	38
1493	39
1493	41
1493	43
1493	44
1493	45
1493	46
1493	47
1493	48
1493	53
1493	59
1493	60
1493	61
1493	62
1493	64
1493	65
1493	66
1493	67
1493	69
1493	71
1493	72
1493	73
1493	76
1493	78
1493	94
1494	1
1494	3
1494	4
1494	5
1494	6
1494	8
1494	11
1494	13
1494	14
1494	15
1494	21
1494	22
1494	25
1494	26
1494	28
1494	31
1494	34
1494	35
1494	38
1494	39
1494	41
1494	43
1494	45
1494	46
1494	48
1494	49
1494	50
1494	51
1494	52
1494	53
1494	54
1494	59
1494	60
1494	61
1494	62
1494	64
1494	65
1494	66
1494	67
1494	69
1494	70
1494	71
1494	72
1494	73
1494	74
1494	76
1494	78
1494	79
1494	84
1494	86
1494	92
1494	94
1495	3
1495	5
1495	8
1495	13
1495	15
1495	22
1495	27
1495	28
1495	34
1495	35
1495	39
1495	41
1495	45
1495	47
1495	59
1495	62
1495	64
1495	66
1495	70
1495	71
1495	73
1495	78
1495	94
1496	6
1496	13
1496	14
1496	15
1496	22
1496	27
1496	48
1496	59
1496	61
1496	62
1496	66
1496	71
1497	3
1497	5
1497	6
1497	7
1497	11
1497	12
1497	15
1497	22
1497	25
1497	34
1497	35
1497	44
1497	45
1497	46
1497	48
1497	50
1497	53
1497	56
1497	59
1497	68
1497	70
1497	72
1497	73
1497	93
1497	94
1498	1
1498	3
1498	5
1498	6
1498	8
1498	9
1498	12
1498	14
1498	15
1498	22
1498	25
1498	26
1498	28
1498	29
1498	33
1498	34
1498	35
1498	37
1498	39
1498	41
1498	43
1498	45
1498	46
1498	48
1498	49
1498	50
1498	52
1498	53
1498	54
1498	55
1498	59
1498	60
1498	61
1498	62
1498	64
1498	65
1498	66
1498	67
1498	68
1498	69
1498	70
1498	72
1498	73
1498	74
1498	76
1498	78
1498	79
1498	86
1498	94
1499	1
1499	5
1499	7
1499	8
1499	11
1499	12
1499	13
1499	14
1499	15
1499	22
1499	25
1499	26
1499	27
1499	28
1499	30
1499	34
1499	35
1499	38
1499	39
1499	40
1499	41
1499	43
1499	44
1499	46
1499	47
1499	48
1499	49
1499	50
1499	52
1499	53
1499	55
1499	56
1499	59
1499	61
1499	62
1499	64
1499	65
1499	66
1499	67
1499	70
1499	71
1499	73
1499	74
1499	78
1499	80
1499	91
1499	92
1500	1
1500	3
1500	4
1500	6
1500	7
1500	8
1500	9
1500	10
1500	11
1500	12
1500	13
1500	14
1500	15
1500	16
1500	17
1500	18
1500	20
1500	21
1500	22
1500	25
1500	27
1500	28
1500	29
1500	30
1500	31
1500	34
1500	35
1500	36
1500	38
1500	39
1500	40
1500	41
1500	42
1500	43
1500	44
1500	45
1500	46
1500	47
1500	48
1500	50
1500	51
1500	53
1500	59
1500	60
1500	61
1500	62
1500	64
1500	65
1500	66
1500	67
1500	68
1500	69
1500	70
1500	71
1500	72
1500	73
1500	74
1500	77
1500	78
1500	79
1500	86
1500	92
1500	94
1501	15
1501	22
1501	31
1501	32
1501	35
1501	41
1501	71
1502	5
1502	15
1502	22
1502	27
1502	35
1502	40
1502	42
1502	59
1502	64
1502	67
1502	71
1502	73
1502	86
1503	1
1503	2
1503	3
1503	4
1503	5
1503	6
1503	7
1503	8
1503	9
1503	11
1503	12
1503	13
1503	14
1503	15
1503	22
1503	25
1503	26
1503	27
1503	28
1503	30
1503	31
1503	32
1503	33
1503	34
1503	35
1503	36
1503	37
1503	38
1503	39
1503	40
1503	41
1503	44
1503	46
1503	47
1503	48
1503	52
1503	53
1503	54
1503	55
1503	57
1503	59
1503	60
1503	61
1503	62
1503	64
1503	65
1503	66
1503	67
1503	68
1503	69
1503	70
1503	71
1503	72
1503	73
1503	74
1503	75
1503	76
1503	77
1503	78
1503	84
1503	86
1503	92
1503	94
1503	101
1504	1
1504	3
1504	5
1504	6
1504	8
1504	15
1504	22
1504	34
1504	35
1504	38
1504	41
1504	46
1504	47
1504	49
1504	52
1504	59
1504	61
1504	62
1504	65
1504	67
1504	68
1504	69
1504	71
1504	73
1504	76
1504	84
1505	1
1505	3
1505	5
1505	6
1505	8
1505	9
1505	11
1505	13
1505	14
1505	15
1505	21
1505	22
1505	25
1505	26
1505	27
1505	28
1505	30
1505	31
1505	32
1505	35
1505	36
1505	38
1505	39
1505	46
1505	47
1505	48
1505	49
1505	50
1505	52
1505	53
1505	59
1505	60
1505	61
1505	62
1505	64
1505	65
1505	66
1505	67
1505	70
1505	71
1505	73
1505	74
1505	75
1505	76
1505	77
1505	78
1505	79
1505	86
1505	92
1505	94
1505	95
1506	2
1506	3
1506	11
1506	13
1506	15
1506	22
1506	26
1506	27
1506	28
1506	30
1506	34
1506	35
1506	36
1506	37
1506	39
1506	41
1506	46
1506	47
1506	48
1506	51
1506	55
1506	56
1506	58
1506	59
1506	60
1506	61
1506	62
1506	65
1506	66
1506	68
1506	69
1506	70
1506	71
1506	73
1506	76
1506	78
1507	1
1507	2
1507	3
1507	4
1507	5
1507	6
1507	8
1507	9
1507	11
1507	12
1507	13
1507	14
1507	15
1507	22
1507	25
1507	26
1507	27
1507	30
1507	31
1507	32
1507	33
1507	34
1507	35
1507	37
1507	38
1507	39
1507	43
1507	44
1507	45
1507	46
1507	47
1507	48
1507	49
1507	50
1507	51
1507	52
1507	53
1507	55
1507	59
1507	60
1507	61
1507	62
1507	64
1507	65
1507	66
1507	67
1507	69
1507	70
1507	71
1507	72
1507	73
1507	74
1507	77
1507	78
1507	80
1507	86
1507	94
1508	3
1508	5
1508	6
1508	7
1508	8
1508	11
1508	12
1508	14
1508	15
1508	22
1508	25
1508	28
1508	30
1508	33
1508	34
1508	35
1508	37
1508	38
1508	39
1508	40
1508	43
1508	44
1508	45
1508	46
1508	47
1508	48
1508	49
1508	50
1508	51
1508	52
1508	53
1508	54
1508	55
1508	59
1508	60
1508	61
1508	62
1508	64
1508	65
1508	66
1508	67
1508	68
1508	69
1508	70
1508	72
1508	73
1508	74
1508	76
1508	77
1508	78
1508	79
1508	86
1508	94
1509	1
1509	3
1509	4
1509	6
1509	8
1509	11
1509	12
1509	14
1509	15
1509	22
1509	28
1509	34
1509	35
1509	37
1509	38
1509	39
1509	40
1509	43
1509	46
1509	47
1509	50
1509	51
1509	53
1509	55
1509	59
1509	60
1509	62
1509	64
1509	66
1509	70
1509	71
1509	73
1509	78
1509	80
1510	1
1510	2
1510	3
1510	5
1510	6
1510	11
1510	13
1510	14
1510	15
1510	22
1510	26
1510	28
1510	30
1510	31
1510	32
1510	33
1510	34
1510	35
1510	37
1510	39
1510	46
1510	52
1510	59
1510	60
1510	62
1510	64
1510	65
1510	66
1510	67
1510	68
1510	69
1510	70
1510	71
1510	73
1510	74
1510	76
1510	79
1510	86
1510	91
1511	2
1511	6
1511	8
1511	11
1511	14
1511	15
1511	26
1511	28
1511	34
1511	35
1511	36
1511	44
1511	47
1511	50
1511	52
1511	53
1511	59
1511	61
1511	62
1511	64
1511	65
1511	66
1511	67
1511	69
1511	73
1511	80
1511	93
1511	94
1512	3
1512	5
1512	8
1512	12
1512	14
1512	15
1512	22
1512	26
1512	34
1512	35
1512	41
1512	45
1512	46
1512	48
1512	52
1512	56
1512	59
1512	60
1512	62
1512	65
1512	66
1512	70
1512	94
1513	5
1513	6
1513	7
1513	8
1513	11
1513	13
1513	15
1513	30
1513	34
1513	35
1513	39
1513	45
1513	46
1513	48
1513	51
1513	52
1513	53
1513	62
1513	64
1513	67
1513	69
1513	70
1513	73
1513	76
1514	1
1514	5
1514	6
1514	8
1514	9
1514	11
1514	13
1514	14
1514	15
1514	22
1514	27
1514	34
1514	35
1514	36
1514	38
1514	39
1514	41
1514	43
1514	45
1514	46
1514	47
1514	48
1514	55
1514	59
1514	60
1514	61
1514	62
1514	65
1514	67
1514	69
1514	70
1514	71
1514	74
1514	94
1514	100
1515	3
1515	4
1515	5
1515	6
1515	7
1515	8
1515	12
1515	13
1515	14
1515	15
1515	22
1515	25
1515	27
1515	28
1515	30
1515	34
1515	35
1515	38
1515	39
1515	41
1515	43
1515	45
1515	46
1515	48
1515	52
1515	59
1515	60
1515	61
1515	62
1515	65
1515	68
1515	69
1515	70
1515	71
1515	72
1515	73
1515	77
1516	1
1516	4
1516	8
1516	13
1516	14
1516	15
1516	22
1516	27
1516	30
1516	35
1516	36
1516	38
1516	39
1516	41
1516	43
1516	46
1516	48
1516	50
1516	51
1516	55
1516	59
1516	61
1516	62
1516	64
1516	66
1516	71
1516	73
1516	79
1517	1
1517	2
1517	5
1517	6
1517	8
1517	12
1517	13
1517	15
1517	22
1517	36
1517	38
1517	39
1517	44
1517	47
1517	48
1517	55
1517	59
1517	60
1517	62
1517	69
1517	73
1517	76
1518	3
1518	14
1518	22
1518	26
1518	35
1518	67
1518	71
1518	94
1519	1
1519	2
1519	3
1519	4
1519	5
1519	6
1519	7
1519	8
1519	9
1519	11
1519	12
1519	13
1519	14
1519	15
1519	21
1519	22
1519	25
1519	26
1519	27
1519	28
1519	30
1519	31
1519	32
1519	34
1519	35
1519	36
1519	37
1519	38
1519	39
1519	40
1519	42
1519	43
1519	44
1519	45
1519	46
1519	47
1519	48
1519	49
1519	50
1519	52
1519	53
1519	54
1519	55
1519	56
1519	58
1519	59
1519	60
1519	61
1519	62
1519	64
1519	65
1519	66
1519	67
1519	68
1519	69
1519	70
1519	71
1519	72
1519	73
1519	75
1519	76
1519	77
1519	78
1519	79
1519	86
1519	94
1520	1
1520	3
1520	5
1520	6
1520	8
1520	10
1520	11
1520	13
1520	14
1520	15
1520	22
1520	27
1520	30
1520	31
1520	34
1520	35
1520	36
1520	38
1520	39
1520	43
1520	44
1520	46
1520	48
1520	50
1520	53
1520	59
1520	62
1520	65
1520	67
1520	69
1520	71
1520	73
1520	74
1520	86
1521	1
1521	3
1521	4
1521	5
1521	6
1521	8
1521	9
1521	10
1521	11
1521	12
1521	13
1521	14
1521	15
1521	21
1521	22
1521	25
1521	26
1521	27
1521	28
1521	30
1521	31
1521	32
1521	33
1521	34
1521	35
1521	37
1521	38
1521	39
1521	40
1521	41
1521	42
1521	43
1521	45
1521	46
1521	47
1521	48
1521	49
1521	50
1521	52
1521	53
1521	54
1521	55
1521	56
1521	59
1521	60
1521	61
1521	62
1521	64
1521	65
1521	66
1521	67
1521	68
1521	69
1521	70
1521	71
1521	72
1521	73
1521	74
1521	76
1521	78
1521	91
1521	93
1521	94
1522	6
1522	7
1522	13
1522	15
1522	22
1522	25
1522	27
1522	34
1522	35
1522	39
1522	46
1522	55
1522	62
1522	71
1522	75
1522	79
1523	1
1523	2
1523	3
1523	4
1523	6
1523	8
1523	11
1523	14
1523	15
1523	22
1523	26
1523	27
1523	28
1523	30
1523	31
1523	35
1523	36
1523	38
1523	39
1523	46
1523	47
1523	50
1523	51
1523	52
1523	53
1523	59
1523	61
1523	62
1523	65
1523	68
1523	71
1523	72
1523	73
1523	76
1523	92
1524	1
1524	3
1524	4
1524	5
1524	6
1524	8
1524	9
1524	11
1524	12
1524	13
1524	14
1524	15
1524	22
1524	25
1524	27
1524	28
1524	34
1524	35
1524	39
1524	40
1524	44
1524	46
1524	48
1524	52
1524	56
1524	58
1524	59
1524	60
1524	61
1524	62
1524	65
1524	68
1524	71
1524	72
1524	73
1524	75
1524	76
1524	78
1524	79
1524	92
1525	3
1525	4
1525	12
1525	15
1525	30
1525	38
1525	40
1525	44
1525	46
1525	59
1525	60
1525	62
1525	64
1525	70
1525	73
1525	78
1526	1
1526	2
1526	3
1526	4
1526	5
1526	6
1526	7
1526	8
1526	9
1526	11
1526	12
1526	13
1526	14
1526	15
1526	16
1526	17
1526	18
1526	20
1526	21
1526	22
1526	25
1526	26
1526	27
1526	28
1526	29
1526	30
1526	31
1526	33
1526	34
1526	35
1526	36
1526	37
1526	38
1526	39
1526	40
1526	41
1526	42
1526	43
1526	44
1526	45
1526	46
1526	47
1526	48
1526	49
1526	50
1526	52
1526	53
1526	54
1526	55
1526	56
1526	58
1526	59
1526	60
1526	61
1526	62
1526	64
1526	65
1526	66
1526	67
1526	68
1526	69
1526	70
1526	71
1526	72
1526	73
1526	75
1526	78
1526	79
1526	84
1526	86
1526	93
1526	94
1526	95
1527	1
1527	2
1527	3
1527	8
1527	11
1527	13
1527	14
1527	15
1527	22
1527	26
1527	28
1527	35
1527	39
1527	45
1527	46
1527	48
1527	50
1527	53
1527	55
1527	56
1527	58
1527	60
1527	61
1527	71
1527	94
1528	1
1528	3
1528	8
1528	11
1528	13
1528	14
1528	15
1528	22
1528	25
1528	27
1528	28
1528	30
1528	35
1528	39
1528	43
1528	46
1528	47
1528	48
1528	49
1528	56
1528	58
1528	59
1528	64
1528	71
1528	78
1529	1
1529	2
1529	3
1529	9
1529	11
1529	13
1529	15
1529	22
1529	26
1529	31
1529	32
1529	34
1529	35
1529	36
1529	38
1529	41
1529	45
1529	46
1529	48
1529	55
1529	59
1529	61
1529	62
1529	70
1529	71
1530	3
1530	5
1530	8
1530	13
1530	14
1530	22
1530	28
1530	45
1530	59
1530	65
1530	71
1531	2
1531	3
1531	4
1531	5
1531	6
1531	8
1531	9
1531	11
1531	14
1531	15
1531	22
1531	30
1531	31
1531	32
1531	34
1531	35
1531	39
1531	40
1531	41
1531	42
1531	43
1531	46
1531	47
1531	48
1531	50
1531	51
1531	52
1531	59
1531	60
1531	61
1531	62
1531	64
1531	65
1531	67
1531	69
1531	71
1531	72
1531	73
1531	74
1531	86
1531	93
1531	95
1532	1
1532	3
1532	5
1532	9
1532	12
1532	13
1532	14
1532	15
1532	22
1532	25
1532	33
1532	35
1532	36
1532	38
1532	41
1532	45
1532	46
1532	47
1532	48
1532	59
1532	60
1532	61
1532	64
1532	70
1532	76
1532	95
1533	2
1533	11
1533	14
1533	22
1533	35
1533	48
1533	59
1533	71
1533	94
1534	1
1534	2
1534	3
1534	5
1534	6
1534	7
1534	8
1534	11
1534	12
1534	14
1534	15
1534	22
1534	25
1534	26
1534	27
1534	28
1534	29
1534	30
1534	31
1534	32
1534	34
1534	35
1534	36
1534	37
1534	38
1534	39
1534	41
1534	43
1534	44
1534	45
1534	46
1534	47
1534	48
1534	50
1534	51
1534	52
1534	56
1534	58
1534	59
1534	60
1534	61
1534	62
1534	64
1534	66
1534	67
1534	68
1534	69
1534	70
1534	71
1534	72
1534	73
1534	74
1534	76
1534	77
1534	78
1534	86
1534	91
1534	94
1535	3
1535	11
1535	13
1535	14
1535	15
1535	25
1535	28
1535	35
1535	37
1535	38
1535	39
1535	44
1535	46
1535	47
1535	48
1535	52
1535	55
1535	59
1535	61
1535	62
1535	64
1535	66
1535	67
1535	69
1535	72
1535	73
1535	75
1535	78
1535	84
1536	1
1536	2
1536	3
1536	5
1536	8
1536	11
1536	14
1536	15
1536	22
1536	26
1536	27
1536	28
1536	30
1536	31
1536	32
1536	35
1536	36
1536	37
1536	38
1536	41
1536	44
1536	45
1536	46
1536	47
1536	48
1536	50
1536	51
1536	52
1536	56
1536	58
1536	59
1536	61
1536	62
1536	64
1536	65
1536	66
1536	67
1536	68
1536	69
1536	70
1536	71
1536	72
1536	73
1536	79
1536	86
1536	94
1537	1
1537	2
1537	3
1537	6
1537	11
1537	14
1537	15
1537	22
1537	25
1537	31
1537	33
1537	34
1537	35
1537	38
1537	43
1537	46
1537	47
1537	48
1537	52
1537	59
1537	65
1537	66
1537	70
1537	72
1537	76
1537	78
1538	1
1538	3
1538	5
1538	6
1538	7
1538	8
1538	11
1538	12
1538	13
1538	14
1538	15
1538	22
1538	27
1538	34
1538	35
1538	38
1538	39
1538	40
1538	43
1538	44
1538	45
1538	46
1538	47
1538	48
1538	49
1538	50
1538	51
1538	53
1538	54
1538	55
1538	59
1538	60
1538	61
1538	62
1538	64
1538	65
1538	67
1538	70
1538	71
1538	73
1538	78
1538	91
1538	93
1539	1
1539	3
1539	4
1539	6
1539	7
1539	8
1539	9
1539	10
1539	11
1539	12
1539	13
1539	14
1539	15
1539	22
1539	25
1539	26
1539	27
1539	28
1539	29
1539	31
1539	34
1539	35
1539	36
1539	37
1539	38
1539	39
1539	41
1539	43
1539	44
1539	45
1539	46
1539	47
1539	48
1539	49
1539	50
1539	51
1539	52
1539	54
1539	55
1539	56
1539	59
1539	60
1539	61
1539	62
1539	65
1539	66
1539	67
1539	68
1539	69
1539	70
1539	71
1539	72
1539	73
1539	76
1539	78
1539	79
1539	91
1539	93
1539	94
1539	95
1540	3
1540	5
1540	8
1540	11
1540	14
1540	15
1540	22
1540	25
1540	34
1540	35
1540	38
1540	43
1540	51
1540	52
1540	59
1540	61
1540	62
1540	67
1540	68
1540	71
1540	84
1540	94
1541	1
1541	2
1541	3
1541	5
1541	8
1541	9
1541	11
1541	12
1541	13
1541	14
1541	15
1541	16
1541	17
1541	20
1541	21
1541	22
1541	25
1541	26
1541	27
1541	28
1541	29
1541	30
1541	31
1541	32
1541	34
1541	35
1541	36
1541	38
1541	39
1541	40
1541	41
1541	43
1541	44
1541	45
1541	46
1541	47
1541	48
1541	49
1541	50
1541	51
1541	52
1541	53
1541	55
1541	56
1541	59
1541	60
1541	61
1541	62
1541	64
1541	65
1541	66
1541	67
1541	68
1541	69
1541	70
1541	71
1541	72
1541	73
1541	76
1541	78
1541	79
1541	80
1541	84
1541	86
1541	91
1541	92
1541	94
1542	14
1542	22
1542	59
1542	94
1543	5
1543	14
1543	15
1543	22
1543	25
1543	31
1543	35
1543	37
1543	48
1543	50
1543	71
1543	73
1544	5
1544	6
1544	12
1544	13
1544	14
1544	15
1544	22
1544	27
1544	45
1544	46
1544	48
1544	55
1544	59
1544	60
1544	62
1544	64
1544	67
1544	68
1544	70
1544	71
1544	75
1544	79
1544	91
1545	1
1545	2
1545	3
1545	5
1545	6
1545	8
1545	11
1545	14
1545	15
1545	22
1545	25
1545	27
1545	28
1545	30
1545	31
1545	34
1545	35
1545	37
1545	39
1545	41
1545	43
1545	45
1545	46
1545	48
1545	51
1545	52
1545	54
1545	56
1545	58
1545	59
1545	60
1545	61
1545	62
1545	64
1545	65
1545	67
1545	70
1545	71
1545	72
1545	73
1545	76
1545	93
1545	94
1545	95
1546	1
1546	3
1546	5
1546	8
1546	10
1546	11
1546	12
1546	13
1546	14
1546	15
1546	22
1546	26
1546	27
1546	31
1546	34
1546	35
1546	36
1546	38
1546	39
1546	43
1546	44
1546	45
1546	46
1546	47
1546	48
1546	49
1546	50
1546	53
1546	54
1546	55
1546	59
1546	60
1546	61
1546	62
1546	64
1546	66
1546	67
1546	70
1546	71
1546	72
1546	73
1546	75
1547	13
1547	22
1547	27
1547	35
1547	52
1547	53
1547	71
1548	1
1548	2
1548	5
1548	6
1548	7
1548	8
1548	9
1548	11
1548	12
1548	13
1548	14
1548	15
1548	16
1548	17
1548	18
1548	20
1548	21
1548	22
1548	26
1548	27
1548	30
1548	31
1548	32
1548	34
1548	35
1548	37
1548	38
1548	39
1548	40
1548	41
1548	42
1548	44
1548	46
1548	47
1548	48
1548	49
1548	50
1548	52
1548	53
1548	54
1548	55
1548	59
1548	60
1548	61
1548	62
1548	64
1548	65
1548	66
1548	67
1548	68
1548	69
1548	70
1548	71
1548	72
1548	73
1548	77
1548	78
1548	86
1548	93
1548	94
1549	1
1549	3
1549	11
1549	14
1549	15
1549	22
1549	26
1549	31
1549	34
1549	35
1549	36
1549	37
1549	38
1549	39
1549	41
1549	46
1549	47
1549	48
1549	49
1549	55
1549	59
1549	60
1549	62
1549	64
1549	67
1549	72
1550	1
1550	3
1550	5
1550	8
1550	9
1550	10
1550	11
1550	12
1550	13
1550	14
1550	15
1550	21
1550	22
1550	26
1550	27
1550	28
1550	31
1550	32
1550	34
1550	35
1550	37
1550	38
1550	39
1550	40
1550	41
1550	43
1550	44
1550	46
1550	47
1550	48
1550	49
1550	51
1550	52
1550	53
1550	54
1550	56
1550	59
1550	60
1550	61
1550	62
1550	65
1550	66
1550	67
1550	69
1550	70
1550	71
1550	73
1550	78
1550	94
1551	3
1551	5
1551	11
1551	14
1551	15
1551	22
1551	28
1551	34
1551	38
1551	41
1551	47
1551	48
1551	53
1551	56
1551	59
1551	64
1551	74
1551	76
1552	2
1552	3
1552	5
1552	6
1552	7
1552	8
1552	12
1552	13
1552	14
1552	15
1552	21
1552	22
1552	25
1552	26
1552	27
1552	30
1552	33
1552	34
1552	35
1552	36
1552	37
1552	38
1552	39
1552	40
1552	41
1552	43
1552	45
1552	46
1552	47
1552	48
1552	50
1552	51
1552	52
1552	53
1552	55
1552	59
1552	60
1552	61
1552	62
1552	64
1552	65
1552	66
1552	67
1552	68
1552	69
1552	70
1552	72
1552	73
1552	74
1552	77
1552	86
1552	92
1552	93
1552	94
1553	13
1553	14
1553	22
1553	27
1553	35
1553	36
1553	40
1553	44
1553	46
1553	53
1553	71
1553	76
1554	3
1554	6
1554	10
1554	11
1554	13
1554	14
1554	15
1554	22
1554	25
1554	27
1554	30
1554	31
1554	34
1554	35
1554	36
1554	39
1554	44
1554	46
1554	47
1554	50
1554	52
1554	53
1554	58
1554	59
1554	60
1554	61
1554	62
1554	64
1554	65
1554	66
1554	70
1554	71
1555	1
1555	2
1555	3
1555	5
1555	6
1555	8
1555	11
1555	12
1555	13
1555	14
1555	15
1555	21
1555	22
1555	25
1555	26
1555	27
1555	28
1555	29
1555	30
1555	32
1555	34
1555	35
1555	36
1555	38
1555	39
1555	40
1555	41
1555	42
1555	43
1555	45
1555	46
1555	47
1555	48
1555	50
1555	52
1555	53
1555	55
1555	56
1555	59
1555	60
1555	61
1555	62
1555	64
1555	65
1555	66
1555	67
1555	68
1555	69
1555	70
1555	72
1555	73
1555	76
1555	78
1555	86
1555	91
1555	92
1555	94
1556	1
1556	2
1556	3
1556	8
1556	9
1556	11
1556	12
1556	13
1556	14
1556	15
1556	25
1556	26
1556	31
1556	32
1556	34
1556	35
1556	36
1556	37
1556	39
1556	42
1556	47
1556	48
1556	49
1556	52
1556	55
1556	59
1556	60
1556	61
1556	64
1556	66
1556	67
1556	68
1556	70
1556	75
1556	76
1556	78
1556	84
1557	1
1557	3
1557	4
1557	5
1557	6
1557	8
1557	9
1557	11
1557	12
1557	13
1557	14
1557	15
1557	22
1557	26
1557	28
1557	35
1557	38
1557	40
1557	45
1557	46
1557	53
1557	56
1557	58
1557	59
1557	60
1557	61
1557	62
1557	64
1557	66
1557	67
1557	69
1557	73
1557	74
1557	78
1558	6
1558	8
1558	22
1558	28
1558	32
1558	34
1558	37
1558	39
1558	46
1558	50
1558	53
1558	59
1558	62
1558	64
1558	68
1558	69
1558	73
1558	78
1558	79
1558	80
1559	1
1559	3
1559	4
1559	6
1559	8
1559	11
1559	13
1559	14
1559	15
1559	22
1559	25
1559	27
1559	31
1559	34
1559	35
1559	38
1559	40
1559	41
1559	43
1559	45
1559	46
1559	48
1559	49
1559	52
1559	53
1559	55
1559	59
1559	60
1559	61
1559	62
1559	64
1559	65
1559	66
1559	67
1559	68
1559	69
1559	70
1559	71
1559	73
1559	74
1559	75
1559	78
1559	79
1559	92
1559	94
1560	1
1560	3
1560	5
1560	8
1560	10
1560	11
1560	12
1560	14
1560	15
1560	22
1560	25
1560	31
1560	34
1560	35
1560	37
1560	38
1560	39
1560	40
1560	43
1560	44
1560	46
1560	47
1560	48
1560	50
1560	52
1560	53
1560	55
1560	56
1560	59
1560	61
1560	62
1560	64
1560	66
1560	67
1560	68
1560	69
1560	70
1560	71
1560	72
1560	73
1560	77
1560	78
1560	80
1560	94
1561	1
1561	6
1561	8
1561	11
1561	13
1561	15
1561	22
1561	27
1561	28
1561	30
1561	34
1561	35
1561	38
1561	46
1561	48
1561	49
1561	53
1561	54
1561	55
1561	56
1561	58
1561	59
1561	61
1561	62
1561	70
1561	71
1561	73
1562	3
1562	4
1562	5
1562	6
1562	9
1562	12
1562	13
1562	14
1562	15
1562	22
1562	26
1562	28
1562	34
1562	35
1562	36
1562	37
1562	38
1562	41
1562	45
1562	47
1562	48
1562	52
1562	59
1562	62
1562	66
1562	67
1562	68
1562	69
1562	72
1562	73
1562	79
1563	1
1563	5
1563	6
1563	11
1563	13
1563	15
1563	22
1563	25
1563	34
1563	39
1563	41
1563	44
1563	52
1563	58
1563	59
1563	65
1564	1
1564	3
1564	5
1564	6
1564	8
1564	9
1564	11
1564	12
1564	13
1564	14
1564	15
1564	22
1564	25
1564	27
1564	28
1564	30
1564	34
1564	35
1564	36
1564	38
1564	42
1564	43
1564	44
1564	45
1564	46
1564	47
1564	48
1564	50
1564	52
1564	53
1564	54
1564	55
1564	56
1564	58
1564	59
1564	60
1564	61
1564	62
1564	64
1564	66
1564	67
1564	69
1564	70
1564	71
1564	72
1564	73
1564	76
1564	78
1564	80
1564	84
1564	92
1564	94
1565	13
1565	22
1565	27
1565	35
1565	39
1565	71
1566	1
1566	3
1566	6
1566	7
1566	11
1566	13
1566	14
1566	15
1566	22
1566	26
1566	27
1566	28
1566	31
1566	34
1566	38
1566	42
1566	48
1566	52
1566	59
1566	61
1566	62
1566	64
1566	66
1566	67
1566	69
1566	71
1566	72
1566	76
1566	94
1567	15
1567	22
1567	38
1567	49
1567	51
1567	61
1567	70
1568	1
1568	2
1568	5
1568	8
1568	11
1568	15
1568	22
1568	28
1568	32
1568	35
1568	37
1568	39
1568	40
1568	44
1568	45
1568	46
1568	47
1568	48
1568	66
1568	68
1568	69
1568	71
1568	73
1568	79
1568	95
1569	1
1569	2
1569	3
1569	4
1569	5
1569	6
1569	7
1569	8
1569	11
1569	13
1569	14
1569	15
1569	22
1569	25
1569	26
1569	27
1569	28
1569	29
1569	30
1569	34
1569	35
1569	36
1569	38
1569	39
1569	40
1569	44
1569	46
1569	48
1569	50
1569	51
1569	52
1569	53
1569	55
1569	59
1569	61
1569	62
1569	64
1569	65
1569	66
1569	69
1569	71
1569	76
1569	77
1569	79
1569	80
1569	92
1569	94
1569	95
1570	1
1570	2
1570	3
1570	5
1570	6
1570	7
1570	8
1570	9
1570	11
1570	13
1570	14
1570	15
1570	22
1570	25
1570	26
1570	27
1570	28
1570	30
1570	31
1570	33
1570	34
1570	35
1570	36
1570	37
1570	38
1570	39
1570	41
1570	45
1570	46
1570	47
1570	48
1570	50
1570	52
1570	53
1570	54
1570	55
1570	56
1570	59
1570	60
1570	61
1570	62
1570	64
1570	65
1570	66
1570	67
1570	68
1570	70
1570	71
1570	72
1570	76
1570	77
1570	94
1571	1
1571	2
1571	3
1571	6
1571	11
1571	13
1571	14
1571	15
1571	22
1571	26
1571	34
1571	35
1571	39
1571	45
1571	48
1571	61
1571	64
1571	71
1571	94
1572	3
1572	5
1572	8
1572	12
1572	14
1572	15
1572	22
1572	35
1572	38
1572	40
1572	41
1572	50
1572	52
1572	59
1572	61
1572	62
1572	64
1572	65
1572	66
1572	80
1573	5
1573	13
1573	15
1573	22
1573	27
1573	34
1573	35
1573	36
1573	39
1573	46
1573	48
1573	50
1573	53
1573	61
1573	67
1573	71
1573	74
1574	2
1574	3
1574	6
1574	11
1574	12
1574	13
1574	15
1574	22
1574	25
1574	27
1574	34
1574	35
1574	38
1574	39
1574	44
1574	45
1574	46
1574	47
1574	48
1574	49
1574	50
1574	52
1574	55
1574	56
1574	58
1574	59
1574	62
1574	71
1574	73
1574	78
1574	79
1574	94
1575	1
1575	3
1575	5
1575	6
1575	9
1575	11
1575	14
1575	15
1575	22
1575	26
1575	28
1575	31
1575	32
1575	34
1575	35
1575	36
1575	37
1575	38
1575	45
1575	47
1575	48
1575	49
1575	52
1575	53
1575	59
1575	60
1575	61
1575	64
1575	65
1575	67
1575	68
1575	69
1575	70
1575	71
1575	73
1575	74
1575	76
1575	78
1575	79
1576	1
1576	3
1576	4
1576	5
1576	6
1576	8
1576	9
1576	11
1576	12
1576	13
1576	14
1576	15
1576	22
1576	25
1576	26
1576	27
1576	28
1576	29
1576	34
1576	35
1576	36
1576	39
1576	41
1576	43
1576	44
1576	46
1576	47
1576	48
1576	49
1576	50
1576	52
1576	54
1576	55
1576	59
1576	60
1576	61
1576	62
1576	64
1576	66
1576	68
1576	69
1576	70
1576	71
1576	72
1576	73
1576	74
1576	75
1576	78
1576	80
1576	84
1576	86
1577	1
1577	2
1577	3
1577	4
1577	5
1577	6
1577	7
1577	8
1577	9
1577	11
1577	12
1577	13
1577	14
1577	15
1577	22
1577	25
1577	26
1577	27
1577	28
1577	31
1577	33
1577	35
1577	36
1577	37
1577	38
1577	39
1577	41
1577	43
1577	44
1577	45
1577	46
1577	47
1577	48
1577	50
1577	51
1577	52
1577	53
1577	56
1577	58
1577	59
1577	60
1577	61
1577	62
1577	64
1577	65
1577	66
1577	68
1577	69
1577	70
1577	71
1577	73
1577	75
1577	77
1577	78
1577	80
1577	91
1578	1
1578	2
1578	3
1578	5
1578	6
1578	8
1578	9
1578	11
1578	12
1578	13
1578	14
1578	22
1578	26
1578	27
1578	31
1578	32
1578	35
1578	36
1578	38
1578	39
1578	41
1578	44
1578	48
1578	53
1578	59
1578	60
1578	65
1578	66
1578	69
1578	71
1578	78
1579	1
1579	2
1579	3
1579	5
1579	11
1579	14
1579	15
1579	22
1579	25
1579	26
1579	30
1579	31
1579	34
1579	35
1579	36
1579	38
1579	39
1579	41
1579	44
1579	46
1579	52
1579	55
1579	59
1579	61
1579	62
1579	66
1579	72
1579	73
1579	78
1579	84
1580	1
1580	2
1580	3
1580	8
1580	11
1580	12
1580	13
1580	14
1580	15
1580	22
1580	25
1580	28
1580	34
1580	35
1580	38
1580	47
1580	48
1580	49
1580	50
1580	52
1580	53
1580	56
1580	58
1580	59
1580	60
1580	61
1580	64
1580	68
1580	69
1580	72
1580	78
1580	92
1581	3
1581	5
1581	8
1581	11
1581	13
1581	14
1581	15
1581	22
1581	25
1581	28
1581	31
1581	34
1581	35
1581	38
1581	40
1581	46
1581	47
1581	48
1581	49
1581	52
1581	54
1581	55
1581	59
1581	61
1581	62
1581	64
1581	67
1581	69
1581	70
1581	72
1581	73
1581	74
1581	78
1581	79
1581	86
1582	3
1582	5
1582	11
1582	13
1582	14
1582	22
1582	26
1582	31
1582	35
1582	40
1582	44
1582	45
1582	50
1582	53
1582	61
1582	71
1582	94
1583	1
1583	3
1583	4
1583	5
1583	6
1583	8
1583	11
1583	12
1583	13
1583	14
1583	15
1583	22
1583	25
1583	26
1583	28
1583	31
1583	34
1583	35
1583	36
1583	37
1583	38
1583	39
1583	40
1583	41
1583	42
1583	43
1583	45
1583	46
1583	47
1583	48
1583	49
1583	50
1583	52
1583	55
1583	59
1583	60
1583	62
1583	64
1583	65
1583	66
1583	67
1583	68
1583	69
1583	70
1583	71
1583	72
1583	73
1583	76
1583	80
1583	86
1583	94
1584	1
1584	2
1584	3
1584	5
1584	6
1584	8
1584	9
1584	11
1584	13
1584	14
1584	15
1584	22
1584	26
1584	28
1584	29
1584	31
1584	32
1584	33
1584	34
1584	35
1584	36
1584	37
1584	38
1584	39
1584	43
1584	44
1584	45
1584	46
1584	47
1584	48
1584	50
1584	51
1584	52
1584	53
1584	59
1584	60
1584	61
1584	64
1584	65
1584	67
1584	68
1584	69
1584	70
1584	71
1584	73
1584	74
1584	79
1585	2
1585	6
1585	8
1585	11
1585	12
1585	13
1585	14
1585	15
1585	22
1585	26
1585	27
1585	28
1585	30
1585	35
1585	38
1585	39
1585	45
1585	48
1585	51
1585	59
1585	60
1585	61
1585	62
1585	64
1585	66
1585	68
1585	69
1585	71
1585	73
1585	76
1585	77
1585	78
1585	79
1586	3
1586	6
1586	8
1586	11
1586	22
1586	26
1586	27
1586	35
1586	36
1586	38
1586	46
1586	48
1586	50
1586	53
1586	59
1586	60
1586	64
1586	69
1586	71
1586	80
1586	91
1586	92
1587	1
1587	2
1587	3
1587	5
1587	6
1587	8
1587	9
1587	11
1587	13
1587	15
1587	22
1587	27
1587	30
1587	35
1587	36
1587	38
1587	39
1587	41
1587	43
1587	44
1587	45
1587	46
1587	47
1587	48
1587	51
1587	52
1587	55
1587	59
1587	60
1587	61
1587	62
1587	64
1587	65
1587	67
1587	71
1587	73
1587	75
1587	78
1587	86
1587	94
1588	1
1588	3
1588	5
1588	6
1588	7
1588	8
1588	10
1588	11
1588	12
1588	13
1588	15
1588	22
1588	25
1588	26
1588	27
1588	30
1588	31
1588	33
1588	34
1588	35
1588	37
1588	38
1588	46
1588	47
1588	48
1588	50
1588	52
1588	53
1588	56
1588	59
1588	61
1588	62
1588	64
1588	68
1588	70
1588	71
1588	73
1588	76
1588	77
1588	94
1588	100
1589	3
1589	5
1589	6
1589	8
1589	9
1589	11
1589	12
1589	14
1589	15
1589	22
1589	34
1589	38
1589	39
1589	40
1589	43
1589	47
1589	48
1589	53
1589	54
1589	56
1589	59
1589	60
1589	61
1589	72
1590	1
1590	3
1590	5
1590	6
1590	8
1590	9
1590	10
1590	11
1590	12
1590	13
1590	14
1590	15
1590	16
1590	17
1590	20
1590	21
1590	22
1590	26
1590	28
1590	31
1590	34
1590	35
1590	36
1590	37
1590	38
1590	39
1590	40
1590	41
1590	43
1590	44
1590	45
1590	46
1590	47
1590	48
1590	49
1590	50
1590	52
1590	53
1590	54
1590	55
1590	56
1590	58
1590	59
1590	60
1590	61
1590	62
1590	64
1590	65
1590	66
1590	67
1590	69
1590	70
1590	73
1590	74
1590	75
1590	76
1590	78
1590	79
1590	86
1590	92
1591	1
1591	2
1591	3
1591	4
1591	5
1591	6
1591	7
1591	8
1591	9
1591	11
1591	12
1591	13
1591	14
1591	15
1591	22
1591	26
1591	28
1591	30
1591	33
1591	34
1591	35
1591	36
1591	37
1591	39
1591	40
1591	41
1591	42
1591	44
1591	46
1591	47
1591	48
1591	49
1591	50
1591	51
1591	52
1591	55
1591	56
1591	59
1591	61
1591	62
1591	64
1591	65
1591	66
1591	67
1591	68
1591	69
1591	70
1591	72
1591	73
1591	76
1591	77
1591	78
1591	94
1592	1
1592	3
1592	4
1592	5
1592	6
1592	8
1592	9
1592	11
1592	13
1592	14
1592	15
1592	22
1592	25
1592	26
1592	28
1592	29
1592	30
1592	31
1592	32
1592	33
1592	34
1592	35
1592	38
1592	39
1592	40
1592	41
1592	43
1592	44
1592	46
1592	47
1592	48
1592	49
1592	50
1592	52
1592	53
1592	54
1592	59
1592	60
1592	61
1592	62
1592	64
1592	65
1592	66
1592	67
1592	69
1592	70
1592	72
1592	73
1592	76
1592	77
1592	78
1592	79
1592	91
1592	93
1593	1
1593	3
1593	5
1593	8
1593	11
1593	12
1593	13
1593	15
1593	21
1593	27
1593	34
1593	35
1593	39
1593	48
1593	50
1593	51
1593	52
1593	53
1593	54
1593	55
1593	59
1593	61
1593	62
1593	69
1593	71
1593	73
1593	74
1593	75
1593	76
1593	78
1593	86
1594	1
1594	3
1594	5
1594	9
1594	13
1594	14
1594	15
1594	22
1594	26
1594	27
1594	35
1594	36
1594	38
1594	59
1594	69
1594	71
1594	74
1595	3
1595	6
1595	8
1595	12
1595	15
1595	22
1595	27
1595	34
1595	35
1595	39
1595	46
1595	48
1595	59
1595	61
1595	69
1595	70
1595	71
1596	3
1596	14
1596	22
1596	41
1596	55
1596	94
1597	2
1597	3
1597	5
1597	6
1597	8
1597	11
1597	12
1597	13
1597	14
1597	15
1597	22
1597	25
1597	26
1597	28
1597	29
1597	30
1597	31
1597	32
1597	33
1597	34
1597	35
1597	36
1597	37
1597	38
1597	39
1597	40
1597	41
1597	44
1597	45
1597	46
1597	47
1597	48
1597	49
1597	50
1597	51
1597	52
1597	59
1597	60
1597	61
1597	62
1597	64
1597	65
1597	66
1597	67
1597	68
1597	69
1597	70
1597	72
1597	73
1597	74
1597	76
1597	77
1597	78
1597	79
1597	80
1597	92
1597	93
1597	94
1597	95
1598	5
1598	6
1598	11
1598	13
1598	22
1598	27
1598	34
1598	35
1598	41
1598	44
1598	47
1598	48
1598	50
1598	52
1598	58
1598	61
1598	62
1598	67
1598	68
1598	70
1598	71
1598	76
1598	94
1598	100
1599	1
1599	3
1599	7
1599	14
1599	15
1599	22
1599	28
1599	32
1599	34
1599	35
1599	37
1599	39
1599	43
1599	45
1599	46
1599	48
1599	52
1599	60
1599	66
1599	68
1599	69
1599	70
1599	73
1599	77
1599	79
1599	95
1600	3
1600	6
1600	13
1600	14
1600	22
1600	34
1600	35
1600	45
1600	46
1600	52
1600	59
1600	66
1600	70
1600	71
1600	94
1601	1
1601	2
1601	3
1601	6
1601	7
1601	8
1601	11
1601	12
1601	13
1601	14
1601	15
1601	22
1601	25
1601	28
1601	30
1601	33
1601	34
1601	35
1601	36
1601	38
1601	39
1601	41
1601	43
1601	46
1601	47
1601	48
1601	49
1601	50
1601	52
1601	53
1601	55
1601	56
1601	59
1601	60
1601	62
1601	65
1601	66
1601	67
1601	68
1601	69
1601	70
1601	71
1601	72
1601	73
1601	74
1601	76
1601	77
1601	78
1601	86
1601	93
1601	94
1601	100
1602	1
1602	3
1602	4
1602	5
1602	25
1602	26
1602	27
1602	28
1602	29
1602	46
1602	47
1602	55
1602	59
1602	65
1602	69
1602	74
1602	78
1602	86
1602	91
1602	94
1603	3
1603	4
1603	5
1603	6
1603	7
1603	8
1603	11
1603	13
1603	14
1603	15
1603	22
1603	26
1603	27
1603	30
1603	31
1603	34
1603	35
1603	36
1603	37
1603	39
1603	40
1603	42
1603	44
1603	46
1603	47
1603	48
1603	49
1603	50
1603	52
1603	53
1603	59
1603	61
1603	65
1603	66
1603	67
1603	68
1603	69
1603	70
1603	71
1603	72
1603	74
1603	76
1603	78
1603	92
1603	94
1604	3
1604	5
1604	6
1604	8
1604	11
1604	12
1604	13
1604	15
1604	22
1604	27
1604	28
1604	30
1604	34
1604	35
1604	40
1604	48
1604	49
1604	52
1604	59
1604	61
1604	66
1604	67
1604	78
1605	1
1605	2
1605	3
1605	5
1605	6
1605	7
1605	8
1605	11
1605	12
1605	13
1605	14
1605	15
1605	16
1605	17
1605	18
1605	20
1605	21
1605	22
1605	25
1605	26
1605	27
1605	28
1605	30
1605	33
1605	34
1605	35
1605	36
1605	38
1605	39
1605	40
1605	41
1605	42
1605	43
1605	44
1605	45
1605	46
1605	47
1605	48
1605	49
1605	50
1605	52
1605	53
1605	56
1605	58
1605	59
1605	60
1605	61
1605	62
1605	64
1605	65
1605	66
1605	67
1605	68
1605	69
1605	70
1605	71
1605	72
1605	73
1605	74
1605	75
1605	80
1605	84
1605	91
1606	1
1606	3
1606	4
1606	5
1606	6
1606	8
1606	9
1606	11
1606	12
1606	14
1606	15
1606	21
1606	22
1606	26
1606	28
1606	30
1606	31
1606	32
1606	34
1606	35
1606	36
1606	37
1606	38
1606	41
1606	43
1606	44
1606	45
1606	46
1606	47
1606	48
1606	49
1606	50
1606	52
1606	54
1606	55
1606	56
1606	59
1606	61
1606	62
1606	64
1606	65
1606	66
1606	67
1606	68
1606	69
1606	70
1606	72
1606	73
1606	76
1606	78
1606	95
1607	6
1607	11
1607	14
1607	15
1607	22
1607	25
1607	26
1607	27
1607	34
1607	36
1607	39
1607	40
1607	41
1607	46
1607	52
1607	53
1607	55
1607	59
1607	65
1607	66
1607	67
1607	69
1607	70
1607	71
1607	73
1607	76
1607	78
1608	1
1608	3
1608	5
1608	8
1608	11
1608	13
1608	15
1608	16
1608	17
1608	18
1608	21
1608	26
1608	27
1608	28
1608	29
1608	34
1608	38
1608	40
1608	42
1608	43
1608	46
1608	47
1608	48
1608	49
1608	50
1608	52
1608	53
1608	59
1608	60
1608	61
1608	65
1608	66
1608	68
1608	69
1608	72
1608	76
1608	78
1608	94
1609	1
1609	2
1609	3
1609	6
1609	7
1609	9
1609	11
1609	12
1609	13
1609	14
1609	15
1609	22
1609	25
1609	26
1609	27
1609	28
1609	30
1609	31
1609	32
1609	35
1609	36
1609	37
1609	38
1609	39
1609	41
1609	43
1609	44
1609	45
1609	48
1609	49
1609	52
1609	53
1609	54
1609	55
1609	56
1609	58
1609	59
1609	60
1609	61
1609	64
1609	65
1609	66
1609	67
1609	68
1609	69
1609	76
1609	79
1610	1
1610	2
1610	5
1610	11
1610	13
1610	14
1610	22
1610	25
1610	28
1610	32
1610	35
1610	37
1610	47
1610	48
1610	53
1610	61
1610	64
1610	68
1610	69
1610	71
1610	76
1610	79
1610	92
1611	3
1611	13
1611	14
1611	22
1611	28
1611	35
1611	48
1611	64
1611	68
1611	69
1611	70
1611	79
1612	11
1612	15
1612	22
1612	28
1612	35
1612	38
1612	41
1612	52
1612	53
1612	58
1612	59
1612	60
1612	61
1612	62
1612	70
1613	3
1613	11
1613	34
1613	46
1613	62
1613	64
1613	76
1613	92
1613	94
1613	95
1614	1
1614	3
1614	4
1614	14
1614	15
1614	25
1614	26
1614	28
1614	34
1614	35
1614	36
1614	38
1614	41
1614	47
1614	48
1614	52
1614	53
1614	55
1614	59
1614	60
1614	61
1614	62
1614	64
1614	65
1614	67
1614	78
1615	3
1615	5
1615	6
1615	7
1615	8
1615	12
1615	13
1615	14
1615	15
1615	22
1615	25
1615	27
1615	31
1615	33
1615	37
1615	38
1615	39
1615	43
1615	46
1615	47
1615	48
1615	50
1615	53
1615	59
1615	66
1615	67
1615	69
1615	70
1615	71
1615	72
1615	75
1615	76
1615	94
1616	3
1616	16
1616	17
1616	20
1616	21
1616	22
1616	35
1616	44
1616	58
1616	71
1616	100
1617	1
1617	2
1617	3
1617	5
1617	6
1617	8
1617	9
1617	11
1617	12
1617	13
1617	14
1617	15
1617	21
1617	22
1617	25
1617	26
1617	27
1617	28
1617	30
1617	31
1617	34
1617	35
1617	36
1617	38
1617	39
1617	40
1617	45
1617	46
1617	47
1617	48
1617	49
1617	50
1617	52
1617	55
1617	56
1617	58
1617	59
1617	60
1617	61
1617	62
1617	64
1617	65
1617	66
1617	67
1617	68
1617	69
1617	71
1617	72
1617	73
1617	78
1617	79
1617	84
1617	86
1617	91
1617	92
1617	93
1618	1
1618	2
1618	3
1618	4
1618	5
1618	6
1618	8
1618	9
1618	10
1618	11
1618	12
1618	13
1618	14
1618	15
1618	16
1618	17
1618	18
1618	20
1618	21
1618	22
1618	25
1618	26
1618	28
1618	31
1618	32
1618	33
1618	34
1618	35
1618	36
1618	37
1618	38
1618	39
1618	40
1618	42
1618	44
1618	45
1618	46
1618	47
1618	48
1618	49
1618	50
1618	51
1618	52
1618	53
1618	56
1618	59
1618	60
1618	61
1618	62
1618	64
1618	65
1618	66
1618	67
1618	69
1618	70
1618	71
1618	72
1618	73
1618	74
1618	76
1618	78
1618	79
1618	80
1618	84
1618	94
1619	8
1619	11
1619	15
1619	22
1619	25
1619	28
1619	32
1619	35
1619	37
1619	38
1619	39
1619	44
1619	58
1619	64
1619	68
1619	69
1619	72
1619	79
1620	1
1620	2
1620	3
1620	11
1620	13
1620	14
1620	15
1620	22
1620	26
1620	35
1620	41
1620	45
1620	46
1620	48
1620	52
1620	59
1620	61
1620	71
1620	78
1620	94
1621	1
1621	9
1621	11
1621	13
1621	14
1621	22
1621	27
1621	35
1621	39
1621	43
1621	44
1621	46
1621	53
1621	62
1621	65
1621	73
1622	1
1622	2
1622	3
1622	4
1622	5
1622	6
1622	7
1622	8
1622	9
1622	10
1622	11
1622	12
1622	13
1622	14
1622	15
1622	22
1622	25
1622	26
1622	27
1622	28
1622	30
1622	31
1622	32
1622	34
1622	35
1622	36
1622	37
1622	38
1622	39
1622	40
1622	41
1622	43
1622	44
1622	45
1622	46
1622	47
1622	48
1622	49
1622	50
1622	51
1622	52
1622	53
1622	55
1622	56
1622	59
1622	60
1622	61
1622	62
1622	64
1622	65
1622	66
1622	67
1622	68
1622	69
1622	70
1622	71
1622	72
1622	73
1622	75
1622	77
1622	78
1622	79
1622	84
1622	86
1622	93
1622	94
1622	95
1623	8
1623	13
1623	15
1623	22
1623	26
1623	27
1623	28
1623	34
1623	35
1623	38
1623	39
1623	46
1623	48
1623	50
1623	53
1623	59
1623	61
1623	62
1623	64
1623	67
1623	71
1623	73
1623	78
1623	86
1623	100
1624	5
1624	11
1624	13
1624	14
1624	15
1624	22
1624	27
1624	28
1624	34
1624	35
1624	46
1624	47
1624	56
1624	58
1624	59
1624	62
1624	64
1624	66
1624	67
1624	68
1624	69
1624	70
1624	71
1624	72
1624	73
1624	86
1624	94
1625	2
1625	3
1625	5
1625	6
1625	11
1625	12
1625	13
1625	14
1625	15
1625	22
1625	26
1625	27
1625	30
1625	34
1625	35
1625	38
1625	39
1625	41
1625	43
1625	44
1625	46
1625	47
1625	53
1625	56
1625	59
1625	61
1625	64
1625	65
1625	67
1625	68
1625	69
1625	71
1625	72
1625	73
1625	78
1625	91
1625	100
1626	1
1626	2
1626	3
1626	5
1626	8
1626	9
1626	11
1626	13
1626	14
1626	15
1626	22
1626	27
1626	34
1626	35
1626	39
1626	44
1626	45
1626	46
1626	47
1626	48
1626	49
1626	53
1626	59
1626	61
1626	62
1626	66
1626	69
1626	71
1626	72
1626	73
1626	94
1626	95
1627	1
1627	3
1627	4
1627	5
1627	6
1627	8
1627	12
1627	13
1627	14
1627	15
1627	22
1627	25
1627	26
1627	27
1627	28
1627	33
1627	34
1627	35
1627	36
1627	38
1627	41
1627	47
1627	48
1627	50
1627	51
1627	52
1627	53
1627	55
1627	59
1627	61
1627	62
1627	65
1627	66
1627	67
1627	70
1627	71
1627	73
1627	76
1627	78
1627	84
1628	3
1628	6
1628	8
1628	11
1628	13
1628	14
1628	15
1628	22
1628	27
1628	28
1628	30
1628	34
1628	35
1628	36
1628	37
1628	39
1628	40
1628	41
1628	43
1628	44
1628	45
1628	46
1628	48
1628	49
1628	50
1628	52
1628	53
1628	59
1628	61
1628	62
1628	64
1628	65
1628	66
1628	67
1628	69
1628	70
1628	71
1628	73
1628	74
1628	75
1628	76
1628	86
1628	93
1628	94
1629	1
1629	2
1629	3
1629	6
1629	11
1629	13
1629	14
1629	22
1629	26
1629	35
1629	40
1629	42
1629	45
1629	46
1629	48
1629	59
1629	61
1629	71
1629	78
1629	94
1630	2
1630	3
1630	5
1630	8
1630	11
1630	12
1630	14
1630	15
1630	22
1630	26
1630	27
1630	28
1630	32
1630	34
1630	35
1630	36
1630	37
1630	38
1630	39
1630	41
1630	45
1630	46
1630	47
1630	48
1630	50
1630	51
1630	52
1630	53
1630	54
1630	55
1630	59
1630	60
1630	61
1630	62
1630	64
1630	66
1630	67
1630	68
1630	69
1630	70
1630	79
1630	91
1630	92
1631	6
1631	13
1631	14
1631	22
1631	27
1631	34
1631	40
1631	45
1631	46
1631	47
1631	48
1631	49
1631	52
1631	59
1631	65
1631	71
1631	92
1631	94
1632	1
1632	2
1632	5
1632	6
1632	7
1632	8
1632	11
1632	12
1632	13
1632	14
1632	15
1632	22
1632	26
1632	27
1632	30
1632	34
1632	35
1632	38
1632	39
1632	40
1632	46
1632	47
1632	48
1632	50
1632	53
1632	54
1632	55
1632	59
1632	62
1632	64
1632	65
1632	67
1632	68
1632	71
1632	73
1632	79
1632	80
1632	100
1633	8
1633	14
1633	22
1633	28
1633	31
1633	32
1633	35
1633	37
1633	47
1633	50
1633	52
1633	59
1633	60
1633	64
1633	68
1633	69
1633	79
1633	80
1634	3
1634	11
1634	14
1634	15
1634	30
1634	35
1634	36
1634	50
1634	59
1634	61
1634	78
1635	1
1635	3
1635	4
1635	5
1635	6
1635	7
1635	8
1635	11
1635	13
1635	14
1635	15
1635	22
1635	26
1635	27
1635	28
1635	31
1635	32
1635	33
1635	34
1635	35
1635	36
1635	37
1635	38
1635	41
1635	44
1635	47
1635	48
1635	49
1635	50
1635	52
1635	53
1635	54
1635	55
1635	59
1635	60
1635	61
1635	62
1635	64
1635	66
1635	67
1635	69
1635	70
1635	71
1635	73
1635	78
1635	79
1635	80
1635	91
1635	92
1635	94
1636	1
1636	2
1636	3
1636	5
1636	6
1636	8
1636	9
1636	11
1636	13
1636	14
1636	15
1636	22
1636	25
1636	27
1636	28
1636	30
1636	31
1636	32
1636	33
1636	34
1636	35
1636	36
1636	37
1636	38
1636	39
1636	40
1636	41
1636	44
1636	46
1636	47
1636	48
1636	49
1636	51
1636	52
1636	53
1636	54
1636	55
1636	56
1636	59
1636	60
1636	61
1636	62
1636	64
1636	65
1636	66
1636	67
1636	68
1636	70
1636	71
1636	72
1636	73
1636	74
1636	76
1636	77
1636	78
1636	86
1636	88
1636	92
1636	95
1637	1
1637	2
1637	3
1637	5
1637	8
1637	11
1637	13
1637	14
1637	15
1637	22
1637	25
1637	28
1637	30
1637	31
1637	32
1637	34
1637	35
1637	37
1637	39
1637	45
1637	50
1637	52
1637	53
1637	56
1637	58
1637	59
1637	60
1637	61
1637	62
1637	64
1637	65
1637	67
1637	68
1637	69
1637	71
1637	73
1637	74
1637	76
1637	79
1637	94
1638	1
1638	5
1638	8
1638	11
1638	12
1638	13
1638	14
1638	15
1638	22
1638	26
1638	28
1638	34
1638	35
1638	39
1638	45
1638	46
1638	59
1638	60
1638	66
1638	68
1638	69
1638	71
1638	78
1638	79
1639	2
1639	3
1639	5
1639	6
1639	8
1639	9
1639	11
1639	12
1639	13
1639	14
1639	15
1639	22
1639	25
1639	28
1639	30
1639	31
1639	32
1639	35
1639	36
1639	37
1639	38
1639	39
1639	40
1639	41
1639	43
1639	44
1639	45
1639	46
1639	47
1639	48
1639	50
1639	51
1639	52
1639	53
1639	55
1639	59
1639	60
1639	61
1639	62
1639	64
1639	65
1639	66
1639	67
1639	68
1639	69
1639	70
1639	71
1639	72
1639	73
1639	74
1639	76
1639	78
1639	79
1639	93
1639	94
1640	5
1640	6
1640	13
1640	15
1640	22
1640	27
1640	35
1640	39
1640	45
1640	48
1640	59
1640	71
1641	1
1641	3
1641	4
1641	5
1641	6
1641	7
1641	8
1641	9
1641	10
1641	11
1641	12
1641	13
1641	14
1641	15
1641	16
1641	17
1641	18
1641	20
1641	21
1641	22
1641	25
1641	26
1641	27
1641	28
1641	29
1641	30
1641	31
1641	32
1641	33
1641	34
1641	35
1641	36
1641	37
1641	38
1641	39
1641	40
1641	41
1641	42
1641	43
1641	44
1641	45
1641	46
1641	47
1641	48
1641	49
1641	50
1641	51
1641	52
1641	53
1641	54
1641	55
1641	56
1641	59
1641	60
1641	61
1641	62
1641	64
1641	65
1641	66
1641	67
1641	68
1641	69
1641	70
1641	71
1641	72
1641	73
1641	74
1641	76
1641	77
1641	78
1641	79
1641	80
1641	84
1641	86
1641	91
1641	92
1641	93
1641	94
1641	95
1642	1
1642	3
1642	5
1642	6
1642	8
1642	11
1642	14
1642	15
1642	22
1642	26
1642	27
1642	33
1642	35
1642	36
1642	37
1642	38
1642	39
1642	41
1642	45
1642	46
1642	47
1642	48
1642	52
1642	55
1642	56
1642	58
1642	59
1642	60
1642	61
1642	62
1642	64
1642	65
1642	66
1642	67
1642	71
1642	72
1642	73
1642	74
1642	78
1642	86
1642	94
1642	95
1643	1
1643	3
1643	6
1643	7
1643	8
1643	12
1643	14
1643	30
1643	31
1643	32
1643	34
1643	35
1643	40
1643	43
1643	47
1643	48
1643	49
1643	50
1643	55
1643	56
1643	59
1643	60
1643	64
1643	73
1643	78
1643	86
1644	1
1644	3
1644	5
1644	9
1644	11
1644	13
1644	22
1644	26
1644	27
1644	31
1644	32
1644	35
1644	36
1644	39
1644	46
1644	47
1644	48
1644	55
1644	59
1644	61
1644	62
1644	71
1644	100
1645	3
1645	12
1645	13
1645	15
1645	26
1645	35
1645	50
1645	52
1645	55
1645	59
1645	61
1645	62
1645	64
1645	65
1645	67
1645	69
1645	72
1645	73
1645	78
1646	3
1646	14
1646	22
1646	27
1647	1
1647	2
1647	3
1647	5
1647	6
1647	7
1647	8
1647	9
1647	11
1647	12
1647	14
1647	15
1647	22
1647	25
1647	26
1647	27
1647	28
1647	30
1647	31
1647	32
1647	33
1647	34
1647	35
1647	36
1647	38
1647	39
1647	44
1647	45
1647	46
1647	48
1647	49
1647	50
1647	52
1647	53
1647	55
1647	59
1647	65
1647	66
1647	67
1647	69
1647	70
1647	72
1647	73
1647	76
1647	77
1647	78
1647	79
1647	80
1647	86
1647	93
1647	94
1648	1
1648	3
1648	5
1648	6
1648	8
1648	11
1648	12
1648	13
1648	14
1648	15
1648	22
1648	27
1648	28
1648	29
1648	34
1648	35
1648	36
1648	38
1648	43
1648	46
1648	47
1648	48
1648	51
1648	52
1648	59
1648	60
1648	61
1648	62
1648	64
1648	65
1648	66
1648	67
1648	69
1648	70
1648	71
1648	72
1648	73
1648	74
1648	78
1648	79
1648	93
1648	94
1649	1
1649	3
1649	5
1649	8
1649	11
1649	12
1649	14
1649	15
1649	22
1649	25
1649	26
1649	27
1649	31
1649	32
1649	33
1649	34
1649	35
1649	36
1649	37
1649	39
1649	41
1649	43
1649	44
1649	46
1649	47
1649	48
1649	50
1649	52
1649	53
1649	56
1649	58
1649	59
1649	60
1649	66
1649	68
1649	69
1649	70
1649	72
1649	73
1649	76
1649	86
1649	94
1650	1
1650	2
1650	3
1650	4
1650	5
1650	6
1650	7
1650	8
1650	9
1650	10
1650	11
1650	12
1650	13
1650	14
1650	15
1650	21
1650	22
1650	25
1650	26
1650	27
1650	28
1650	30
1650	31
1650	32
1650	34
1650	35
1650	36
1650	38
1650	39
1650	40
1650	41
1650	43
1650	44
1650	45
1650	46
1650	48
1650	50
1650	52
1650	53
1650	55
1650	58
1650	59
1650	60
1650	61
1650	62
1650	64
1650	65
1650	66
1650	67
1650	68
1650	69
1650	70
1650	71
1650	73
1650	74
1650	75
1650	76
1650	77
1650	78
1650	86
1650	91
1650	92
1650	94
1651	1
1651	3
1651	4
1651	5
1651	6
1651	7
1651	8
1651	13
1651	14
1651	15
1651	22
1651	25
1651	26
1651	27
1651	28
1651	31
1651	34
1651	38
1651	41
1651	46
1651	48
1651	50
1651	55
1651	59
1651	64
1651	65
1651	70
1651	73
1651	80
1651	86
1651	93
1652	1
1652	3
1652	4
1652	5
1652	6
1652	8
1652	9
1652	10
1652	11
1652	12
1652	13
1652	14
1652	15
1652	16
1652	17
1652	18
1652	20
1652	21
1652	22
1652	25
1652	26
1652	27
1652	28
1652	31
1652	34
1652	35
1652	36
1652	38
1652	39
1652	40
1652	41
1652	43
1652	44
1652	45
1652	46
1652	48
1652	49
1652	50
1652	52
1652	53
1652	56
1652	58
1652	59
1652	61
1652	62
1652	64
1652	65
1652	67
1652	68
1652	69
1652	70
1652	71
1652	72
1652	73
1652	75
1652	76
1652	78
1652	86
1652	91
1652	95
1653	2
1653	3
1653	4
1653	5
1653	6
1653	7
1653	8
1653	9
1653	11
1653	12
1653	13
1653	14
1653	15
1653	22
1653	25
1653	26
1653	27
1653	28
1653	29
1653	31
1653	32
1653	33
1653	34
1653	35
1653	36
1653	37
1653	38
1653	39
1653	40
1653	41
1653	42
1653	43
1653	44
1653	45
1653	46
1653	47
1653	48
1653	50
1653	51
1653	52
1653	53
1653	54
1653	55
1653	59
1653	60
1653	61
1653	62
1653	64
1653	65
1653	66
1653	67
1653	68
1653	69
1653	70
1653	71
1653	72
1653	73
1653	78
1653	79
1653	94
1654	5
1654	9
1654	12
1654	14
1654	15
1654	22
1654	46
1654	52
1654	59
1654	60
1654	62
1654	68
1654	70
1654	71
1654	74
1655	3
1655	5
1655	8
1655	11
1655	12
1655	15
1655	22
1655	25
1655	27
1655	28
1655	31
1655	32
1655	34
1655	35
1655	38
1655	39
1655	43
1655	45
1655	46
1655	47
1655	48
1655	50
1655	54
1655	56
1655	58
1655	59
1655	61
1655	64
1655	66
1655	67
1655	68
1655	69
1655	70
1655	71
1655	72
1655	73
1655	74
1655	78
1655	80
1655	94
1656	11
1656	14
1656	15
1656	22
1656	28
1656	34
1656	39
1656	41
1656	46
1656	59
1656	71
1656	78
1657	1
1657	3
1657	6
1657	11
1657	12
1657	13
1657	14
1657	15
1657	22
1657	26
1657	35
1657	40
1657	45
1657	46
1657	47
1657	48
1657	61
1657	62
1657	65
1657	70
1657	71
1657	94
1658	1
1658	3
1658	5
1658	6
1658	11
1658	12
1658	14
1658	15
1658	22
1658	28
1658	30
1658	31
1658	34
1658	35
1658	38
1658	40
1658	46
1658	49
1658	55
1658	56
1658	58
1658	59
1658	65
1658	67
1658	68
1658	73
1658	78
1659	3
1659	4
1659	5
1659	6
1659	8
1659	11
1659	12
1659	13
1659	14
1659	15
1659	22
1659	25
1659	26
1659	27
1659	30
1659	34
1659	35
1659	37
1659	38
1659	44
1659	45
1659	46
1659	47
1659	48
1659	51
1659	52
1659	55
1659	59
1659	60
1659	61
1659	62
1659	64
1659	65
1659	67
1659	68
1659	69
1659	70
1659	71
1659	72
1659	73
1659	78
1659	91
1660	1
1660	2
1660	3
1660	4
1660	5
1660	6
1660	7
1660	8
1660	11
1660	12
1660	13
1660	14
1660	15
1660	16
1660	17
1660	18
1660	20
1660	21
1660	22
1660	25
1660	26
1660	27
1660	28
1660	30
1660	33
1660	34
1660	35
1660	36
1660	38
1660	39
1660	40
1660	41
1660	44
1660	45
1660	46
1660	47
1660	48
1660	49
1660	50
1660	51
1660	53
1660	56
1660	58
1660	59
1660	60
1660	61
1660	62
1660	64
1660	65
1660	66
1660	67
1660	68
1660	69
1660	70
1660	71
1660	73
1660	77
1660	78
1660	86
1660	94
1660	95
1661	3
1661	11
1661	14
1661	15
1661	22
1661	47
1661	52
1662	1
1662	3
1662	5
1662	6
1662	7
1662	8
1662	13
1662	14
1662	15
1662	22
1662	25
1662	26
1662	27
1662	34
1662	35
1662	38
1662	39
1662	41
1662	43
1662	46
1662	48
1662	50
1662	51
1662	53
1662	59
1662	61
1662	62
1662	64
1662	65
1662	66
1662	70
1662	71
1662	72
1662	73
1662	74
1662	77
1662	78
1662	86
1663	1
1663	3
1663	6
1663	7
1663	8
1663	11
1663	12
1663	13
1663	14
1663	15
1663	22
1663	26
1663	27
1663	28
1663	30
1663	31
1663	32
1663	34
1663	35
1663	36
1663	37
1663	38
1663	39
1663	40
1663	43
1663	45
1663	46
1663	47
1663	48
1663	50
1663	52
1663	53
1663	59
1663	61
1663	62
1663	64
1663	65
1663	66
1663	67
1663	69
1663	70
1663	71
1663	72
1663	73
1663	76
1663	78
1663	79
1663	86
1663	91
1663	93
1663	94
1664	2
1664	3
1664	6
1664	11
1664	12
1664	13
1664	14
1664	22
1664	26
1664	28
1664	30
1664	31
1664	34
1664	35
1664	37
1664	44
1664	45
1664	47
1664	48
1664	52
1664	59
1664	61
1664	62
1664	64
1664	68
1664	69
1664	70
1664	71
1664	79
1664	92
1665	1
1665	2
1665	3
1665	5
1665	6
1665	8
1665	11
1665	12
1665	14
1665	15
1665	16
1665	17
1665	20
1665	21
1665	22
1665	25
1665	26
1665	27
1665	28
1665	34
1665	35
1665	36
1665	37
1665	38
1665	39
1665	40
1665	41
1665	45
1665	46
1665	47
1665	48
1665	50
1665	52
1665	53
1665	55
1665	58
1665	59
1665	60
1665	61
1665	62
1665	64
1665	67
1665	68
1665	69
1665	70
1665	72
1665	73
1665	74
1665	76
1665	78
1665	79
1665	84
1665	91
1665	92
1665	94
1666	1
1666	2
1666	3
1666	5
1666	6
1666	7
1666	8
1666	9
1666	11
1666	12
1666	13
1666	14
1666	15
1666	22
1666	26
1666	27
1666	28
1666	31
1666	32
1666	34
1666	35
1666	36
1666	37
1666	38
1666	39
1666	40
1666	44
1666	47
1666	49
1666	52
1666	55
1666	58
1666	59
1666	60
1666	61
1666	62
1666	64
1666	65
1666	66
1666	67
1666	69
1666	70
1666	71
1666	72
1666	73
1666	74
1666	75
1666	76
1666	77
1666	78
1666	86
1666	92
1666	94
1666	95
1667	1
1667	5
1667	8
1667	11
1667	14
1667	15
1667	28
1667	31
1667	35
1667	37
1667	38
1667	42
1667	44
1667	51
1667	56
1667	58
1667	59
1667	62
1667	64
1667	65
1667	67
1667	69
1667	70
1667	71
1667	73
1667	76
1668	1
1668	3
1668	4
1668	5
1668	6
1668	7
1668	8
1668	9
1668	11
1668	12
1668	13
1668	14
1668	15
1668	21
1668	22
1668	25
1668	26
1668	27
1668	28
1668	30
1668	33
1668	34
1668	35
1668	36
1668	37
1668	38
1668	39
1668	41
1668	44
1668	45
1668	46
1668	47
1668	48
1668	50
1668	52
1668	56
1668	59
1668	60
1668	61
1668	62
1668	64
1668	65
1668	66
1668	67
1668	68
1668	70
1668	71
1668	72
1668	73
1668	75
1668	78
1668	79
1668	91
1668	94
1669	3
1669	4
1669	5
1669	6
1669	8
1669	10
1669	11
1669	12
1669	13
1669	14
1669	15
1669	22
1669	25
1669	27
1669	28
1669	30
1669	31
1669	34
1669	35
1669	36
1669	38
1669	39
1669	45
1669	46
1669	47
1669	48
1669	50
1669	52
1669	53
1669	55
1669	59
1669	60
1669	61
1669	62
1669	64
1669	66
1669	67
1669	69
1669	71
1669	73
1669	78
1669	80
1669	84
1669	86
1669	94
1670	1
1670	3
1670	4
1670	5
1670	6
1670	7
1670	8
1670	11
1670	12
1670	13
1670	14
1670	15
1670	22
1670	25
1670	26
1670	27
1670	28
1670	30
1670	31
1670	32
1670	33
1670	34
1670	35
1670	37
1670	38
1670	39
1670	40
1670	41
1670	45
1670	46
1670	47
1670	48
1670	52
1670	53
1670	59
1670	61
1670	62
1670	64
1670	65
1670	66
1670	67
1670	69
1670	71
1670	72
1670	73
1670	78
1670	84
1670	92
1670	93
1671	1
1671	3
1671	5
1671	6
1671	7
1671	8
1671	9
1671	12
1671	13
1671	14
1671	15
1671	22
1671	26
1671	28
1671	29
1671	31
1671	32
1671	34
1671	35
1671	36
1671	37
1671	38
1671	40
1671	41
1671	45
1671	46
1671	47
1671	48
1671	49
1671	50
1671	52
1671	54
1671	56
1671	59
1671	61
1671	62
1671	64
1671	65
1671	66
1671	67
1671	69
1671	70
1671	71
1671	72
1671	73
1671	76
1671	78
1671	86
1671	94
1671	95
1672	1
1672	2
1672	3
1672	4
1672	5
1672	6
1672	7
1672	8
1672	9
1672	10
1672	11
1672	12
1672	13
1672	14
1672	15
1672	21
1672	22
1672	25
1672	26
1672	27
1672	28
1672	29
1672	30
1672	34
1672	35
1672	36
1672	37
1672	38
1672	39
1672	40
1672	41
1672	42
1672	45
1672	46
1672	47
1672	48
1672	49
1672	50
1672	52
1672	53
1672	55
1672	56
1672	59
1672	60
1672	61
1672	62
1672	64
1672	65
1672	66
1672	67
1672	68
1672	69
1672	70
1672	71
1672	72
1672	73
1672	76
1672	77
1672	78
1672	79
1672	86
1672	92
1672	93
1672	94
1673	3
1673	5
1673	6
1673	8
1673	14
1673	15
1673	22
1673	27
1673	35
1673	48
1673	56
1673	61
1673	64
1673	70
1673	71
1673	76
1673	78
1674	6
1674	12
1674	13
1674	14
1674	15
1674	22
1674	25
1674	27
1674	28
1674	35
1674	46
1674	48
1674	49
1674	50
1674	59
1674	61
1674	62
1674	64
1674	66
1674	67
1674	68
1674	69
1674	70
1674	71
1674	74
1674	86
1674	92
1674	94
1675	2
1675	3
1675	4
1675	9
1675	12
1675	13
1675	15
1675	22
1675	27
1675	31
1675	32
1675	34
1675	35
1675	36
1675	38
1675	39
1675	40
1675	46
1675	48
1675	50
1675	52
1675	53
1675	56
1675	59
1675	61
1675	62
1675	64
1675	65
1675	66
1675	71
1675	72
1675	73
1675	78
1675	79
1676	6
1676	11
1676	12
1676	13
1676	15
1676	22
1676	26
1676	27
1676	34
1676	36
1676	48
1676	52
1676	59
1676	61
1676	64
1676	71
1676	91
1677	1
1677	2
1677	3
1677	5
1677	8
1677	9
1677	11
1677	12
1677	13
1677	14
1677	15
1677	22
1677	25
1677	26
1677	27
1677	28
1677	30
1677	31
1677	32
1677	34
1677	35
1677	37
1677	38
1677	39
1677	40
1677	41
1677	43
1677	44
1677	45
1677	46
1677	47
1677	48
1677	50
1677	52
1677	55
1677	59
1677	61
1677	62
1677	64
1677	65
1677	66
1677	67
1677	70
1677	72
1677	73
1677	75
1677	76
1677	86
1677	92
1677	94
1678	1
1678	3
1678	5
1678	6
1678	11
1678	12
1678	13
1678	14
1678	22
1678	27
1678	31
1678	32
1678	34
1678	35
1678	38
1678	40
1678	42
1678	43
1678	48
1678	49
1678	52
1678	59
1678	60
1678	61
1678	64
1678	65
1678	66
1678	69
1678	70
1678	71
1678	76
1678	78
1678	93
1678	94
1679	1
1679	2
1679	3
1679	5
1679	6
1679	7
1679	8
1679	11
1679	13
1679	14
1679	15
1679	22
1679	25
1679	26
1679	27
1679	30
1679	31
1679	32
1679	34
1679	35
1679	37
1679	38
1679	39
1679	40
1679	41
1679	43
1679	45
1679	46
1679	47
1679	48
1679	50
1679	51
1679	52
1679	53
1679	59
1679	61
1679	62
1679	64
1679	65
1679	66
1679	67
1679	70
1679	71
1679	76
1679	77
1679	78
1679	84
1679	92
1679	94
1679	95
1680	1
1680	2
1680	5
1680	8
1680	11
1680	13
1680	14
1680	22
1680	25
1680	27
1680	35
1680	36
1680	50
1680	52
1680	59
1680	67
1680	68
1680	70
1680	71
1680	76
1681	3
1681	6
1681	8
1681	11
1681	13
1681	14
1681	22
1681	27
1681	31
1681	34
1681	35
1681	38
1681	39
1681	48
1681	51
1681	52
1681	53
1681	65
1681	67
1681	71
1681	78
1681	92
1682	1
1682	2
1682	3
1682	5
1682	6
1682	7
1682	8
1682	9
1682	11
1682	12
1682	13
1682	14
1682	15
1682	21
1682	22
1682	25
1682	26
1682	27
1682	28
1682	30
1682	31
1682	32
1682	34
1682	35
1682	36
1682	37
1682	38
1682	39
1682	40
1682	41
1682	43
1682	44
1682	46
1682	47
1682	48
1682	49
1682	50
1682	51
1682	52
1682	53
1682	54
1682	55
1682	59
1682	60
1682	61
1682	62
1682	64
1682	65
1682	66
1682	67
1682	68
1682	69
1682	70
1682	71
1682	72
1682	73
1682	76
1682	91
1682	92
1682	94
1683	3
1683	5
1683	8
1683	11
1683	13
1683	15
1683	22
1683	26
1683	27
1683	28
1683	31
1683	32
1683	35
1683	36
1683	38
1683	39
1683	43
1683	44
1683	46
1683	50
1683	52
1683	53
1683	54
1683	55
1683	59
1683	64
1683	67
1683	68
1683	71
1683	73
1683	74
1683	94
1684	1
1684	3
1684	5
1684	9
1684	13
1684	14
1684	22
1684	26
1684	28
1684	31
1684	34
1684	35
1684	40
1684	41
1684	48
1684	49
1684	50
1684	55
1684	59
1684	62
1684	65
1684	66
1684	67
1684	69
1684	70
1684	73
1684	74
1684	75
1684	86
1684	94
1685	3
1685	5
1685	6
1685	8
1685	11
1685	14
1685	15
1685	22
1685	25
1685	27
1685	28
1685	30
1685	34
1685	35
1685	38
1685	39
1685	43
1685	45
1685	48
1685	50
1685	52
1685	53
1685	55
1685	58
1685	59
1685	60
1685	61
1685	62
1685	65
1685	68
1685	71
1685	73
1685	79
1686	8
1686	12
1686	13
1686	14
1686	15
1686	22
1686	28
1686	32
1686	34
1686	37
1686	41
1686	45
1686	46
1686	68
1686	70
1686	79
1687	1
1687	2
1687	5
1687	9
1687	11
1687	12
1687	13
1687	14
1687	15
1687	22
1687	25
1687	26
1687	28
1687	32
1687	34
1687	35
1687	38
1687	39
1687	43
1687	45
1687	46
1687	47
1687	48
1687	50
1687	53
1687	59
1687	60
1687	61
1687	62
1687	65
1687	66
1687	68
1687	69
1687	70
1687	71
1687	73
1687	78
1687	79
1687	86
1688	1
1688	6
1688	7
1688	9
1688	11
1688	14
1688	15
1688	25
1688	28
1688	31
1688	34
1688	35
1688	37
1688	38
1688	44
1688	45
1688	46
1688	47
1688	50
1688	51
1688	53
1688	56
1688	59
1688	60
1688	61
1688	62
1688	64
1688	65
1688	66
1688	67
1688	69
1688	73
1688	74
1688	75
1688	78
1688	86
1689	3
1689	14
1689	22
1689	46
1689	94
1690	3
1690	22
1690	27
1690	31
1690	32
1690	35
1690	36
1690	39
1690	41
1690	47
1690	48
1690	52
1690	56
1690	59
1690	61
1690	71
1690	78
1691	1
1691	11
1691	13
1691	22
1691	34
1691	39
1691	46
1691	59
1691	62
1691	94
1692	3
1692	5
1692	6
1692	7
1692	8
1692	9
1692	10
1692	11
1692	12
1692	13
1692	14
1692	15
1692	22
1692	26
1692	28
1692	30
1692	31
1692	34
1692	35
1692	36
1692	38
1692	39
1692	41
1692	45
1692	46
1692	47
1692	48
1692	49
1692	50
1692	52
1692	53
1692	54
1692	55
1692	56
1692	59
1692	60
1692	61
1692	62
1692	64
1692	65
1692	66
1692	67
1692	68
1692	69
1692	70
1692	71
1692	72
1692	73
1692	78
1692	92
1692	94
1693	1
1693	2
1693	5
1693	6
1693	7
1693	8
1693	9
1693	11
1693	12
1693	13
1693	14
1693	15
1693	22
1693	25
1693	27
1693	28
1693	29
1693	31
1693	32
1693	34
1693	35
1693	38
1693	39
1693	41
1693	43
1693	45
1693	46
1693	47
1693	48
1693	49
1693	50
1693	56
1693	59
1693	60
1693	61
1693	62
1693	64
1693	65
1693	67
1693	69
1693	70
1693	71
1693	72
1693	73
1693	75
1693	77
1693	78
1693	80
1693	91
1693	95
1694	3
1694	13
1694	14
1694	15
1694	22
1694	26
1694	31
1694	35
1694	48
1694	59
1694	61
1694	62
1694	71
1694	94
1695	1
1695	2
1695	3
1695	5
1695	6
1695	8
1695	11
1695	14
1695	15
1695	22
1695	25
1695	28
1695	31
1695	32
1695	35
1695	36
1695	37
1695	38
1695	41
1695	46
1695	47
1695	48
1695	49
1695	50
1695	51
1695	52
1695	59
1695	64
1695	65
1695	66
1695	67
1695	68
1695	69
1695	73
1695	77
1695	78
1695	79
1695	80
1695	92
1695	93
1695	94
1696	1
1696	2
1696	3
1696	5
1696	6
1696	7
1696	8
1696	9
1696	11
1696	12
1696	13
1696	14
1696	15
1696	22
1696	25
1696	27
1696	28
1696	29
1696	30
1696	31
1696	32
1696	33
1696	34
1696	35
1696	36
1696	37
1696	38
1696	39
1696	40
1696	41
1696	43
1696	44
1696	45
1696	46
1696	47
1696	48
1696	49
1696	51
1696	52
1696	53
1696	54
1696	55
1696	59
1696	60
1696	61
1696	62
1696	64
1696	65
1696	66
1696	67
1696	68
1696	69
1696	70
1696	71
1696	73
1696	75
1696	76
1696	78
1696	86
1696	94
1696	95
1697	1
1697	3
1697	5
1697	6
1697	9
1697	11
1697	22
1697	25
1697	31
1697	35
1697	37
1697	38
1697	44
1697	45
1697	46
1697	48
1697	53
1697	59
1697	61
1697	64
1697	67
1697	69
1697	70
1697	71
1697	73
1697	84
1698	1
1698	2
1698	3
1698	5
1698	6
1698	7
1698	9
1698	11
1698	12
1698	13
1698	14
1698	15
1698	22
1698	26
1698	27
1698	31
1698	35
1698	36
1698	38
1698	39
1698	41
1698	46
1698	47
1698	48
1698	50
1698	51
1698	59
1698	60
1698	61
1698	62
1698	65
1698	66
1698	67
1698	69
1698	70
1698	72
1698	91
1699	3
1699	4
1699	5
1699	6
1699	8
1699	10
1699	12
1699	14
1699	15
1699	22
1699	30
1699	31
1699	34
1699	35
1699	40
1699	42
1699	44
1699	45
1699	46
1699	47
1699	59
1699	65
1699	72
1700	1
1700	3
1700	5
1700	6
1700	7
1700	8
1700	9
1700	11
1700	12
1700	13
1700	14
1700	15
1700	22
1700	25
1700	26
1700	27
1700	28
1700	31
1700	32
1700	33
1700	34
1700	35
1700	36
1700	37
1700	38
1700	39
1700	40
1700	41
1700	45
1700	46
1700	47
1700	48
1700	49
1700	50
1700	52
1700	53
1700	54
1700	55
1700	59
1700	60
1700	61
1700	62
1700	64
1700	65
1700	66
1700	67
1700	68
1700	69
1700	70
1700	73
1700	74
1700	75
1700	76
1700	78
1700	79
1700	86
1700	92
1700	94
1700	95
1701	3
1701	4
1701	5
1701	6
1701	8
1701	9
1701	11
1701	12
1701	13
1701	14
1701	15
1701	22
1701	25
1701	26
1701	27
1701	28
1701	34
1701	35
1701	37
1701	38
1701	39
1701	40
1701	44
1701	45
1701	46
1701	48
1701	50
1701	52
1701	53
1701	54
1701	57
1701	59
1701	61
1701	64
1701	65
1701	67
1701	68
1701	69
1701	70
1701	71
1701	72
1701	73
1701	78
1701	79
1701	86
1701	92
1701	94
1702	1
1702	3
1702	5
1702	6
1702	7
1702	8
1702	9
1702	11
1702	12
1702	13
1702	14
1702	15
1702	16
1702	17
1702	18
1702	20
1702	22
1702	25
1702	26
1702	27
1702	31
1702	33
1702	35
1702	36
1702	38
1702	41
1702	43
1702	46
1702	48
1702	49
1702	50
1702	52
1702	56
1702	58
1702	59
1702	60
1702	61
1702	62
1702	64
1702	65
1702	66
1702	67
1702	69
1702	70
1702	71
1702	72
1702	73
1702	74
1702	77
1702	78
1702	79
1702	86
1702	94
1703	1
1703	2
1703	5
1703	6
1703	8
1703	11
1703	12
1703	13
1703	14
1703	15
1703	21
1703	22
1703	25
1703	26
1703	27
1703	28
1703	29
1703	34
1703	35
1703	36
1703	37
1703	39
1703	41
1703	43
1703	46
1703	48
1703	50
1703	52
1703	53
1703	59
1703	60
1703	61
1703	62
1703	64
1703	65
1703	67
1703	68
1703	69
1703	70
1703	71
1703	73
1703	78
1703	79
1703	91
1704	3
1704	5
1704	6
1704	8
1704	11
1704	13
1704	15
1704	22
1704	25
1704	26
1704	27
1704	34
1704	35
1704	36
1704	37
1704	46
1704	47
1704	48
1704	59
1704	61
1704	66
1704	67
1704	69
1704	70
1704	71
1704	72
1704	75
1704	78
1705	1
1705	3
1705	5
1705	6
1705	8
1705	11
1705	12
1705	13
1705	14
1705	15
1705	16
1705	17
1705	20
1705	21
1705	22
1705	26
1705	27
1705	30
1705	31
1705	34
1705	35
1705	38
1705	41
1705	43
1705	44
1705	46
1705	48
1705	49
1705	50
1705	51
1705	52
1705	53
1705	59
1705	60
1705	61
1705	62
1705	64
1705	65
1705	67
1705	68
1705	69
1705	71
1705	72
1705	77
1705	94
1705	95
1706	1
1706	2
1706	3
1706	4
1706	5
1706	6
1706	7
1706	8
1706	11
1706	12
1706	13
1706	14
1706	15
1706	22
1706	25
1706	26
1706	28
1706	31
1706	33
1706	34
1706	35
1706	36
1706	37
1706	38
1706	40
1706	41
1706	44
1706	45
1706	46
1706	47
1706	48
1706	52
1706	53
1706	55
1706	59
1706	62
1706	64
1706	67
1706	68
1706	69
1706	70
1706	71
1706	72
1706	78
1706	86
1706	94
1706	95
1707	1
1707	2
1707	3
1707	4
1707	5
1707	6
1707	8
1707	11
1707	12
1707	13
1707	14
1707	15
1707	22
1707	25
1707	26
1707	27
1707	28
1707	31
1707	32
1707	34
1707	35
1707	38
1707	39
1707	41
1707	44
1707	45
1707	46
1707	47
1707	51
1707	52
1707	59
1707	60
1707	61
1707	62
1707	64
1707	65
1707	67
1707	68
1707	69
1707	70
1707	72
1707	73
1707	75
1707	86
1707	91
1707	94
1707	95
1708	3
1708	6
1708	8
1708	13
1708	14
1708	15
1708	22
1708	27
1708	31
1708	34
1708	35
1708	36
1708	39
1708	44
1708	48
1708	50
1708	53
1708	55
1708	56
1708	59
1708	61
1708	64
1708	70
1708	71
1708	73
1708	76
1708	86
1708	94
1709	3
1709	6
1709	11
1709	12
1709	13
1709	14
1709	15
1709	22
1709	25
1709	27
1709	30
1709	34
1709	35
1709	37
1709	40
1709	43
1709	48
1709	50
1709	52
1709	59
1709	61
1709	62
1709	64
1709	65
1709	66
1709	69
1709	70
1709	71
1709	72
1709	73
1709	76
1709	77
1709	78
1709	91
1709	92
